Time_min,Time_hr,DHFU_uM,FBAL_uM,Excreted_5FU_umol,Excreted_FBAL_umol,Excreted_Metabolites_umol
0,0,0,0,0,0,0
2,0.0333333333333333,0,0,0,0,0
4,0.0666666666666667,0,0,0,0,0
6,0.1,0,0,0,0,0
8,0.133333333333333,0,0,0,0,0
10,0.166666666666667,0,0,0,0,0
12,0.2,0,0,0,0,0
14,0.233333333333333,0,0,0,0,0
16,0.266666666666667,0,0,0,0,0
18,0.3,0,0,0,0,0
20,0.333333333333333,0,0,0,0,0
22,0.366666666666667,0,0,0,0,0
24,0.4,0,0,0,0,0
26,0.433333333333333,0,0,0,0,0
28,0.466666666666667,0,0,0,0,0
30,0.5,0,0,0,0,0
32,0.533333333333333,0,0,0,0,0
34,0.566666666666667,0,0,0,0,0
36,0.6,0,0,0,0,0
38,0.633333333333333,0,0,0,0,0
40,0.666666666666667,0,0,0,0,0
42,0.7,0,0,0,0,0
44,0.733333333333333,0,0,0,0,0
46,0.766666666666667,0,0,0,0,0
48,0.8,0,0,0,0,0
50,0.833333333333333,0,0,0,0,0
52,0.866666666666667,0,0,0,0,0
54,0.9,0,0,0,0,0
56,0.933333333333333,0,0,0,0,0
58,0.966666666666667,0,0,0,0,0
60,1,0,0,0,0,0
62,1.03333333333333,0,0,0,0,0
64,1.06666666666667,0,0,0,0,0
66,1.1,0,0,0,0,0
68,1.13333333333333,0,0,0,0,0
70,1.16666666666667,0,0,0,0,0
72,1.2,0,0,0,0,0
74,1.23333333333333,0,0,0,0,0
76,1.26666666666667,0,0,0,0,0
78,1.3,0,0,0,0,0
80,1.33333333333333,0,0,0,0,0
82,1.36666666666667,0,0,0,0,0
84,1.4,0,0,0,0,0
86,1.43333333333333,0,0,0,0,0
88,1.46666666666667,0,0,0,0,0
90,1.5,0,0,0,0,0
92,1.53333333333333,0,0,0,0,0
94,1.56666666666667,0,0,0,0,0
96,1.6,0,0,0,0,0
98,1.63333333333333,0,0,0,0,0
100,1.66666666666667,0,0,0,0,0
102,1.7,0,0,0,0,0
104,1.73333333333333,0,0,0,0,0
106,1.76666666666667,0,0,0,0,0
108,1.8,0,0,0,0,0
110,1.83333333333333,0,0,0,0,0
112,1.86666666666667,0,0,0,0,0
114,1.9,0,0,0,0,0
116,1.93333333333333,0,0,0,0,0
118,1.96666666666667,0,0,0,0,0
120,2,0,0,0,0,0
122,2.03333333333333,0,0,0,0,0
124,2.06666666666667,0,0,0,0,0
126,2.1,0,0,0,0,0
128,2.13333333333333,0,0,0,0,0
130,2.16666666666667,0,0,0,0,0
132,2.2,0,0,0,0,0
134,2.23333333333333,0,0,0,0,0
136,2.26666666666667,0,0,0,0,0
138,2.3,0,0,0,0,0
140,2.33333333333333,0,0,0,0,0
142,2.36666666666667,0,0,0,0,0
144,2.4,0,0,0,0,0
146,2.43333333333333,0,0,0,0,0
148,2.46666666666667,0,0,0,0,0
150,2.5,0,0,0,0,0
152,2.53333333333333,0,0,0,0,0
154,2.56666666666667,0,0,0,0,0
156,2.6,0,0,0,0,0
158,2.63333333333333,0,0,0,0,0
160,2.66666666666667,0,0,0,0,0
162,2.7,0,0,0,0,0
164,2.73333333333333,0,0,0,0,0
166,2.76666666666667,0,0,0,0,0
168,2.8,0,0,0,0,0
170,2.83333333333333,0,0,0,0,0
172,2.86666666666667,0,0,0,0,0
174,2.9,0,0,0,0,0
176,2.93333333333333,0,0,0,0,0
178,2.96666666666667,0,0,0,0,0
180,3,0,0,0,0,0
182,3.03333333333333,0,0,0,0,0
184,3.06666666666667,0,0,0,0,0
186,3.1,0,0,0,0,0
188,3.13333333333333,0,0,0,0,0
190,3.16666666666667,0,0,0,0,0
192,3.2,0,0,0,0,0
194,3.23333333333333,0,0,0,0,0
196,3.26666666666667,0,0,0,0,0
198,3.3,0,0,0,0,0
200,3.33333333333333,0,0,0,0,0
202,3.36666666666667,0,0,0,0,0
204,3.4,0,0,0,0,0
206,3.43333333333333,0,0,0,0,0
208,3.46666666666667,0,0,0,0,0
210,3.5,0,0,0,0,0
212,3.53333333333333,0,0,0,0,0
214,3.56666666666667,0,0,0,0,0
216,3.6,0,0,0,0,0
218,3.63333333333333,0,0,0,0,0
220,3.66666666666667,0,0,0,0,0
222,3.7,0,0,0,0,0
224,3.73333333333333,0,0,0,0,0
226,3.76666666666667,0,0,0,0,0
228,3.8,0,0,0,0,0
230,3.83333333333333,0,0,0,0,0
232,3.86666666666667,0,0,0,0,0
234,3.9,0,0,0,0,0
236,3.93333333333333,0,0,0,0,0
238,3.96666666666667,0,0,0,0,0
240,4,0,0,0,0,0
242,4.03333333333333,0,0,0,0,0
244,4.06666666666667,0,0,0,0,0
246,4.1,0,0,0,0,0
248,4.13333333333333,0,0,0,0,0
250,4.16666666666667,0,0,0,0,0
252,4.2,0,0,0,0,0
254,4.23333333333333,0,0,0,0,0
256,4.26666666666667,0,0,0,0,0
258,4.3,0,0,0,0,0
260,4.33333333333333,0,0,0,0,0
262,4.36666666666667,0,0,0,0,0
264,4.4,0,0,0,0,0
266,4.43333333333333,0,0,0,0,0
268,4.46666666666667,0,0,0,0,0
270,4.5,0,0,0,0,0
272,4.53333333333333,0,0,0,0,0
274,4.56666666666667,0,0,0,0,0
276,4.6,0,0,0,0,0
278,4.63333333333333,0,0,0,0,0
280,4.66666666666667,0,0,0,0,0
282,4.7,0,0,0,0,0
284,4.73333333333333,0,0,0,0,0
286,4.76666666666667,0,0,0,0,0
288,4.8,0,0,0,0,0
290,4.83333333333333,0,0,0,0,0
292,4.86666666666667,0,0,0,0,0
294,4.9,0,0,0,0,0
296,4.93333333333333,0,0,0,0,0
298,4.96666666666667,0,0,0,0,0
300,5,0,0,0,0,0
302,5.03333333333333,0,0,0,0,0
304,5.06666666666667,0,0,0,0,0
306,5.1,0,0,0,0,0
308,5.13333333333333,0,0,0,0,0
310,5.16666666666667,0,0,0,0,0
312,5.2,0,0,0,0,0
314,5.23333333333333,0,0,0,0,0
316,5.26666666666667,0,0,0,0,0
318,5.3,0,0,0,0,0
320,5.33333333333333,0,0,0,0,0
322,5.36666666666667,0,0,0,0,0
324,5.4,0,0,0,0,0
326,5.43333333333333,0,0,0,0,0
328,5.46666666666667,0,0,0,0,0
330,5.5,0,0,0,0,0
332,5.53333333333333,0,0,0,0,0
334,5.56666666666667,0,0,0,0,0
336,5.6,0,0,0,0,0
338,5.63333333333333,0,0,0,0,0
340,5.66666666666667,0,0,0,0,0
342,5.7,0,0,0,0,0
344,5.73333333333333,0,0,0,0,0
346,5.76666666666667,0,0,0,0,0
348,5.8,0,0,0,0,0
350,5.83333333333333,0,0,0,0,0
352,5.86666666666667,0,0,0,0,0
354,5.9,0,0,0,0,0
356,5.93333333333333,0,0,0,0,0
358,5.96666666666667,0,0,0,0,0
360,6,0,0,0,0,0
362,6.03333333333333,0,0,0,0,0
364,6.06666666666667,0,0,0,0,0
366,6.1,0,0,0,0,0
368,6.13333333333333,0,0,0,0,0
370,6.16666666666667,0,0,0,0,0
372,6.2,0,0,0,0,0
374,6.23333333333333,0,0,0,0,0
376,6.26666666666667,0,0,0,0,0
378,6.3,0,0,0,0,0
380,6.33333333333333,0,0,0,0,0
382,6.36666666666667,0,0,0,0,0
384,6.4,0,0,0,0,0
386,6.43333333333333,0,0,0,0,0
388,6.46666666666667,0,0,0,0,0
390,6.5,0,0,0,0,0
392,6.53333333333333,0,0,0,0,0
394,6.56666666666667,0,0,0,0,0
396,6.6,0,0,0,0,0
398,6.63333333333333,0,0,0,0,0
400,6.66666666666667,0,0,0,0,0
402,6.7,0,0,0,0,0
404,6.73333333333333,0,0,0,0,0
406,6.76666666666667,0,0,0,0,0
408,6.8,0,0,0,0,0
410,6.83333333333333,0,0,0,0,0
412,6.86666666666667,0,0,0,0,0
414,6.9,0,0,0,0,0
416,6.93333333333333,0,0,0,0,0
418,6.96666666666667,0,0,0,0,0
420,7,0,0,0,0,0
422,7.03333333333333,0,0,0,0,0
424,7.06666666666667,0,0,0,0,0
426,7.1,0,0,0,0,0
428,7.13333333333333,0,0,0,0,0
430,7.16666666666667,0,0,0,0,0
432,7.2,0,0,0,0,0
434,7.23333333333333,0,0,0,0,0
436,7.26666666666667,0,0,0,0,0
438,7.3,0,0,0,0,0
440,7.33333333333333,0,0,0,0,0
442,7.36666666666667,0,0,0,0,0
444,7.4,0,0,0,0,0
446,7.43333333333333,0,0,0,0,0
448,7.46666666666667,0,0,0,0,0
450,7.5,0,0,0,0,0
452,7.53333333333333,0,0,0,0,0
454,7.56666666666667,0,0,0,0,0
456,7.6,0,0,0,0,0
458,7.63333333333333,0,0,0,0,0
460,7.66666666666667,0,0,0,0,0
462,7.7,0,0,0,0,0
464,7.73333333333333,0,0,0,0,0
466,7.76666666666667,0,0,0,0,0
468,7.8,0,0,0,0,0
470,7.83333333333333,0,0,0,0,0
472,7.86666666666667,0,0,0,0,0
474,7.9,0,0,0,0,0
476,7.93333333333333,0,0,0,0,0
478,7.96666666666667,0,0,0,0,0
480,8,0,0,0,0,0
482,8.03333333333333,0,0,0,0,0
484,8.06666666666667,0,0,0,0,0
486,8.1,0,0,0,0,0
488,8.13333333333333,0,0,0,0,0
490,8.16666666666667,0,0,0,0,0
492,8.2,0,0,0,0,0
494,8.23333333333333,0,0,0,0,0
496,8.26666666666667,0,0,0,0,0
498,8.3,0,0,0,0,0
500,8.33333333333333,0,0,0,0,0
502,8.36666666666667,0,0,0,0,0
504,8.4,0,0,0,0,0
506,8.43333333333333,0,0,0,0,0
508,8.46666666666667,0,0,0,0,0
510,8.5,0,0,0,0,0
512,8.53333333333333,0,0,0,0,0
514,8.56666666666667,0,0,0,0,0
516,8.6,0,0,0,0,0
518,8.63333333333333,0,0,0,0,0
520,8.66666666666667,0,0,0,0,0
522,8.7,0,0,0,0,0
524,8.73333333333333,0,0,0,0,0
526,8.76666666666667,0,0,0,0,0
528,8.8,0,0,0,0,0
530,8.83333333333333,0,0,0,0,0
532,8.86666666666667,0,0,0,0,0
534,8.9,0,0,0,0,0
536,8.93333333333333,0,0,0,0,0
538,8.96666666666667,0,0,0,0,0
540,9,0,0,0,0,0
542,9.03333333333333,0,0,0,0,0
544,9.06666666666667,0,0,0,0,0
546,9.1,0,0,0,0,0
548,9.13333333333333,0,0,0,0,0
550,9.16666666666667,0,0,0,0,0
552,9.2,0,0,0,0,0
554,9.23333333333333,0,0,0,0,0
556,9.26666666666667,0,0,0,0,0
558,9.3,0,0,0,0,0
560,9.33333333333333,0,0,0,0,0
562,9.36666666666667,0,0,0,0,0
564,9.4,0,0,0,0,0
566,9.43333333333333,0,0,0,0,0
568,9.46666666666667,0,0,0,0,0
570,9.5,0,0,0,0,0
572,9.53333333333333,0,0,0,0,0
574,9.56666666666667,0,0,0,0,0
576,9.6,0,0,0,0,0
578,9.63333333333333,0,0,0,0,0
580,9.66666666666667,0,0,0,0,0
582,9.7,0,0,0,0,0
584,9.73333333333333,0,0,0,0,0
586,9.76666666666667,0,0,0,0,0
588,9.8,0,0,0,0,0
590,9.83333333333333,0,0,0,0,0
592,9.86666666666667,0,0,0,0,0
594,9.9,0,0,0,0,0
596,9.93333333333333,0,0,0,0,0
598,9.96666666666667,0,0,0,0,0
600,10,0,0,0,0,0
602,10.0333333333333,0,0,0,0,0
604,10.0666666666667,0,0,0,0,0
606,10.1,0,0,0,0,0
608,10.1333333333333,0,0,0,0,0
610,10.1666666666667,0,0,0,0,0
612,10.2,0,0,0,0,0
614,10.2333333333333,0,0,0,0,0
616,10.2666666666667,0,0,0,0,0
618,10.3,0,0,0,0,0
620,10.3333333333333,0,0,0,0,0
622,10.3666666666667,0,0,0,0,0
624,10.4,0,0,0,0,0
626,10.4333333333333,0,0,0,0,0
628,10.4666666666667,0,0,0,0,0
630,10.5,0,0,0,0,0
632,10.5333333333333,0,0,0,0,0
634,10.5666666666667,0,0,0,0,0
636,10.6,0,0,0,0,0
638,10.6333333333333,0,0,0,0,0
640,10.6666666666667,0,0,0,0,0
642,10.7,0,0,0,0,0
644,10.7333333333333,0,0,0,0,0
646,10.7666666666667,0,0,0,0,0
648,10.8,0,0,0,0,0
650,10.8333333333333,0,0,0,0,0
652,10.8666666666667,0,0,0,0,0
654,10.9,0,0,0,0,0
656,10.9333333333333,0,0,0,0,0
658,10.9666666666667,0,0,0,0,0
660,11,0,0,0,0,0
662,11.0333333333333,0,0,0,0,0
664,11.0666666666667,0,0,0,0,0
666,11.1,0,0,0,0,0
668,11.1333333333333,0,0,0,0,0
670,11.1666666666667,0,0,0,0,0
672,11.2,0,0,0,0,0
674,11.2333333333333,0,0,0,0,0
676,11.2666666666667,0,0,0,0,0
678,11.3,0,0,0,0,0
680,11.3333333333333,0,0,0,0,0
682,11.3666666666667,0,0,0,0,0
684,11.4,0,0,0,0,0
686,11.4333333333333,0,0,0,0,0
688,11.4666666666667,0,0,0,0,0
690,11.5,0,0,0,0,0
692,11.5333333333333,0,0,0,0,0
694,11.5666666666667,0,0,0,0,0
696,11.6,0,0,0,0,0
698,11.6333333333333,0,0,0,0,0
700,11.6666666666667,0,0,0,0,0
702,11.7,0,0,0,0,0
704,11.7333333333333,0,0,0,0,0
706,11.7666666666667,0,0,0,0,0
708,11.8,0,0,0,0,0
710,11.8333333333333,0,0,0,0,0
712,11.8666666666667,0,0,0,0,0
714,11.9,0,0,0,0,0
716,11.9333333333333,0,0,0,0,0
718,11.9666666666667,0,0,0,0,0
720,12,0,0,0,0,0
722,12.0333333333333,0,0,0,0,0
724,12.0666666666667,0,0,0,0,0
726,12.1,0,0,0,0,0
728,12.1333333333333,0,0,0,0,0
730,12.1666666666667,0,0,0,0,0
732,12.2,0,0,0,0,0
734,12.2333333333333,0,0,0,0,0
736,12.2666666666667,0,0,0,0,0
738,12.3,0,0,0,0,0
740,12.3333333333333,0,0,0,0,0
742,12.3666666666667,0,0,0,0,0
744,12.4,0,0,0,0,0
746,12.4333333333333,0,0,0,0,0
748,12.4666666666667,0,0,0,0,0
750,12.5,0,0,0,0,0
752,12.5333333333333,0,0,0,0,0
754,12.5666666666667,0,0,0,0,0
756,12.6,0,0,0,0,0
758,12.6333333333333,0,0,0,0,0
760,12.6666666666667,0,0,0,0,0
762,12.7,0,0,0,0,0
764,12.7333333333333,0,0,0,0,0
766,12.7666666666667,0,0,0,0,0
768,12.8,0,0,0,0,0
770,12.8333333333333,0,0,0,0,0
772,12.8666666666667,0,0,0,0,0
774,12.9,0,0,0,0,0
776,12.9333333333333,0,0,0,0,0
778,12.9666666666667,0,0,0,0,0
780,13,0,0,0,0,0
782,13.0333333333333,0,0,0,0,0
784,13.0666666666667,0,0,0,0,0
786,13.1,0,0,0,0,0
788,13.1333333333333,0,0,0,0,0
790,13.1666666666667,0,0,0,0,0
792,13.2,0,0,0,0,0
794,13.2333333333333,0,0,0,0,0
796,13.2666666666667,0,0,0,0,0
798,13.3,0,0,0,0,0
800,13.3333333333333,0,0,0,0,0
802,13.3666666666667,0,0,0,0,0
804,13.4,0,0,0,0,0
806,13.4333333333333,0,0,0,0,0
808,13.4666666666667,0,0,0,0,0
810,13.5,0,0,0,0,0
812,13.5333333333333,0,0,0,0,0
814,13.5666666666667,0,0,0,0,0
816,13.6,0,0,0,0,0
818,13.6333333333333,0,0,0,0,0
820,13.6666666666667,0,0,0,0,0
822,13.7,0,0,0,0,0
824,13.7333333333333,0,0,0,0,0
826,13.7666666666667,0,0,0,0,0
828,13.8,0,0,0,0,0
830,13.8333333333333,0,0,0,0,0
832,13.8666666666667,0,0,0,0,0
834,13.9,0,0,0,0,0
836,13.9333333333333,0,0,0,0,0
838,13.9666666666667,0,0,0,0,0
840,14,0,0,0,0,0
842,14.0333333333333,0,0,0,0,0
844,14.0666666666667,0,0,0,0,0
846,14.1,0,0,0,0,0
848,14.1333333333333,0,0,0,0,0
850,14.1666666666667,0,0,0,0,0
852,14.2,0,0,0,0,0
854,14.2333333333333,0,0,0,0,0
856,14.2666666666667,0,0,0,0,0
858,14.3,0,0,0,0,0
860,14.3333333333333,0,0,0,0,0
862,14.3666666666667,0,0,0,0,0
864,14.4,0,0,0,0,0
866,14.4333333333333,0,0,0,0,0
868,14.4666666666667,0,0,0,0,0
870,14.5,0,0,0,0,0
872,14.5333333333333,0,0,0,0,0
874,14.5666666666667,0,0,0,0,0
876,14.6,0,0,0,0,0
878,14.6333333333333,0,0,0,0,0
880,14.6666666666667,0,0,0,0,0
882,14.7,0,0,0,0,0
884,14.7333333333333,0,0,0,0,0
886,14.7666666666667,0,0,0,0,0
888,14.8,0,0,0,0,0
890,14.8333333333333,0,0,0,0,0
892,14.8666666666667,0,0,0,0,0
894,14.9,0,0,0,0,0
896,14.9333333333333,0,0,0,0,0
898,14.9666666666667,0,0,0,0,0
900,15,0,0,0,0,0
902,15.0333333333333,0,0,0,0,0
904,15.0666666666667,0,0,0,0,0
906,15.1,0,0,0,0,0
908,15.1333333333333,0,0,0,0,0
910,15.1666666666667,0,0,0,0,0
912,15.2,0,0,0,0,0
914,15.2333333333333,0,0,0,0,0
916,15.2666666666667,0,0,0,0,0
918,15.3,0,0,0,0,0
920,15.3333333333333,0,0,0,0,0
922,15.3666666666667,0,0,0,0,0
924,15.4,0,0,0,0,0
926,15.4333333333333,0,0,0,0,0
928,15.4666666666667,0,0,0,0,0
930,15.5,0,0,0,0,0
932,15.5333333333333,0,0,0,0,0
934,15.5666666666667,0,0,0,0,0
936,15.6,0,0,0,0,0
938,15.6333333333333,0,0,0,0,0
940,15.6666666666667,0,0,0,0,0
940.2,15.67,0,0,0,0,0
940.4,15.6733333333333,0,0,0,0,0
940.6,15.6766666666667,0,0,0,0,0
940.8,15.68,0,0,0,0,0
941,15.6833333333333,0,0,0,0,0
941.2,15.6866666666667,0,0,0,0,0
941.4,15.69,0,0,0,0,0
941.6,15.6933333333333,0,0,0,0,0
941.8,15.6966666666667,0,0,0,0,0
942,15.7,0,0,0,0,0
942.2,15.7033333333333,0,0,0,0,0
942.4,15.7066666666667,0,0,0,0,0
942.6,15.71,0,0,0,0,0
942.8,15.7133333333333,0,0,0,0,0
943,15.7166666666667,0,0,0,0,0
943.2,15.72,0,0,0,0,0
943.4,15.7233333333333,0,0,0,0,0
943.6,15.7266666666667,0,0,0,0,0
943.8,15.73,0,0,0,0,0
944,15.7333333333333,0,0,0,0,0
944.2,15.7366666666667,0,0,0,0,0
944.4,15.74,0,0,0,0,0
944.6,15.7433333333333,0,0,0,0,0
944.8,15.7466666666667,0,0,0,0,0
945,15.75,0,0,0,0,0
945.2,15.7533333333333,0,0,0,0,0
945.4,15.7566666666667,0,0,0,0,0
945.6,15.76,0,0,0,0,0
945.8,15.7633333333333,0,0,0,0,0
946,15.7666666666667,0,0,0,0,0
946.2,15.77,0,0,0,0,0
946.4,15.7733333333333,0,0,0,0,0
946.6,15.7766666666667,0,0,0,0,0
946.8,15.78,0,0,0,0,0
947,15.7833333333333,0,0,0,0,0
947.2,15.7866666666667,0,0,0,0,0
947.4,15.79,0,0,0,0,0
947.6,15.7933333333333,0,0,0,0,0
947.8,15.7966666666667,0,0,0,0,0
948,15.8,0,0,0,0,0
948.2,15.8033333333333,0,0,0,0,0
948.4,15.8066666666667,0,0,0,0,0
948.6,15.81,0,0,0,0,0
948.8,15.8133333333333,0,0,0,0,0
949,15.8166666666667,0,0,0,0,0
949.2,15.82,0,0,0,0,0
949.4,15.8233333333333,0,0,0,0,0
949.6,15.8266666666667,0,0,0,0,0
949.8,15.83,0,0,0,0,0
950,15.8333333333333,0,0,0,0,0
950.2,15.8366666666667,0,0,0,0,0
950.4,15.84,0,0,0,0,0
950.6,15.8433333333333,0,0,0,0,0
950.8,15.8466666666667,0,0,0,0,0
951,15.85,0,0,0,0,0
951.2,15.8533333333333,0,0,0,0,0
951.4,15.8566666666667,0,0,0,0,0
951.6,15.86,0,0,0,0,0
951.8,15.8633333333333,0,0,0,0,0
952,15.8666666666667,0,0,0,0,0
952.2,15.87,0,0,0,0,0
952.4,15.8733333333333,0,0,0,0,0
952.6,15.8766666666667,0,0,0,0,0
952.8,15.88,0,0,0,0,0
953,15.8833333333333,0,0,0,0,0
953.2,15.8866666666667,0,0,0,0,0
953.4,15.89,0,0,0,0,0
953.6,15.8933333333333,0,0,0,0,0
953.8,15.8966666666667,0,0,0,0,0
954,15.9,0,0,0,0,0
954.2,15.9033333333333,0,0,0,0,0
954.4,15.9066666666667,0,0,0,0,0
954.6,15.91,0,0,0,0,0
954.8,15.9133333333333,0,0,0,0,0
955,15.9166666666667,0,0,0,0,0
955.2,15.92,0,0,0,0,0
955.4,15.9233333333333,0,0,0,0,0
955.6,15.9266666666667,0,0,0,0,0
955.8,15.93,0,0,0,0,0
956,15.9333333333333,0,0,0,0,0
956.2,15.9366666666667,0,0,0,0,0
956.4,15.94,0,0,0,0,0
956.6,15.9433333333333,0,0,0,0,0
956.8,15.9466666666667,0,0,0,0,0
957,15.95,0,0,0,0,0
957.2,15.9533333333333,0,0,0,0,0
957.4,15.9566666666667,0,0,0,0,0
957.6,15.96,0,0,0,0,0
957.8,15.9633333333333,0,0,0,0,0
958,15.9666666666667,0,0,0,0,0
958.2,15.97,0,0,0,0,0
958.4,15.9733333333333,0,0,0,0,0
958.6,15.9766666666667,0,0,0,0,0
958.8,15.98,0,0,0,0,0
959,15.9833333333333,0,0,0,0,0
959.2,15.9866666666667,0,0,0,0,0
959.4,15.99,0,0,0,0,0
959.6,15.9933333333333,0,0,0,0,0
959.8,15.9966666666667,0,0,0,0,0
960,16,0,0,0,0,0
960.2,16.0033333333333,0,0,0,0,0
960.4,16.0066666666667,0,0,0,0,0
960.6,16.01,0,0,0,0,0
960.8,16.0133333333333,0,0,0,0,0
961,16.0166666666667,0,0,0,0,0
961.2,16.02,0,0,0,0,0
961.4,16.0233333333333,0,0,0,0,0
961.6,16.0266666666667,0,0,0,0,0
961.8,16.03,0,0,0,0,0
962,16.0333333333333,0,0,0,0,0
962.2,16.0366666666667,0,0,0,0,0
962.4,16.04,0,0,0,0,0
962.6,16.0433333333333,0,0,0,0,0
962.8,16.0466666666667,0,0,0,0,0
963,16.05,0,0,0,0,0
963.2,16.0533333333333,0,0,0,0,0
963.4,16.0566666666667,0,0,0,0,0
963.6,16.06,0,0,0,0,0
963.8,16.0633333333333,0,0,0,0,0
964,16.0666666666667,0,0,0,0,0
964.2,16.07,0,0,0,0,0
964.4,16.0733333333333,0,0,0,0,0
964.6,16.0766666666667,0,0,0,0,0
964.8,16.08,0,0,0,0,0
965,16.0833333333333,0,0,0,0,0
965.2,16.0866666666667,0,0,0,0,0
965.4,16.09,0,0,0,0,0
965.6,16.0933333333333,0,0,0,0,0
965.8,16.0966666666667,0,0,0,0,0
966,16.1,0,0,0,0,0
966.2,16.1033333333333,0,0,0,0,0
966.4,16.1066666666667,0,0,0,0,0
966.6,16.11,0,0,0,0,0
966.8,16.1133333333333,0,0,0,0,0
967,16.1166666666667,0,0,0,0,0
967.2,16.12,0,0,0,0,0
967.4,16.1233333333333,0,0,0,0,0
967.6,16.1266666666667,0,0,0,0,0
967.8,16.13,0,0,0,0,0
968,16.1333333333333,0,0,0,0,0
968.2,16.1366666666667,0,0,0,0,0
968.4,16.14,0,0,0,0,0
968.6,16.1433333333333,0,0,0,0,0
968.8,16.1466666666667,0,0,0,0,0
969,16.15,0,0,0,0,0
969.2,16.1533333333333,0,0,0,0,0
969.4,16.1566666666667,0,0,0,0,0
969.6,16.16,0,0,0,0,0
969.8,16.1633333333333,0,0,0,0,0
970,16.1666666666667,0,0,0,0,0
970.2,16.17,0,0,0,0,0
970.4,16.1733333333333,0,0,0,0,0
970.6,16.1766666666667,0,0,0,0,0
970.8,16.18,0,0,0,0,0
971,16.1833333333333,0,0,0,0,0
971.2,16.1866666666667,0,0,0,0,0
971.4,16.19,0,0,0,0,0
971.6,16.1933333333333,0,0,0,0,0
971.8,16.1966666666667,0,0,0,0,0
972,16.2,0,0,0,0,0
972.2,16.2033333333333,0,0,0,0,0
972.4,16.2066666666667,0,0,0,0,0
972.6,16.21,0,0,0,0,0
972.8,16.2133333333333,0,0,0,0,0
973,16.2166666666667,0,0,0,0,0
973.2,16.22,0,0,0,0,0
973.4,16.2233333333333,0,0,0,0,0
973.6,16.2266666666667,0,0,0,0,0
973.8,16.23,0,0,0,0,0
974,16.2333333333333,0,0,0,0,0
974.2,16.2366666666667,0,0,0,0,0
974.4,16.24,0,0,0,0,0
974.6,16.2433333333333,0,0,0,0,0
974.8,16.2466666666667,0,0,0,0,0
975,16.25,0,0,0,0,0
975.2,16.2533333333333,0,0,0,0,0
975.4,16.2566666666667,0,0,0,0,0
975.6,16.26,0,0,0,0,0
975.8,16.2633333333333,0,0,0,0,0
976,16.2666666666667,0,0,0,0,0
976.2,16.27,0,0,0,0,0
976.4,16.2733333333333,0,0,0,0,0
976.6,16.2766666666667,0,0,0,0,0
976.8,16.28,0,0,0,0,0
977,16.2833333333333,0,0,0,0,0
977.2,16.2866666666667,0,0,0,0,0
977.4,16.29,0,0,0,0,0
977.6,16.2933333333333,0,0,0,0,0
977.8,16.2966666666667,0,0,0,0,0
978,16.3,0,0,0,0,0
978.2,16.3033333333333,0,0,0,0,0
978.4,16.3066666666667,0,0,0,0,0
978.6,16.31,0,0,0,0,0
978.8,16.3133333333333,0,0,0,0,0
979,16.3166666666667,0,0,0,0,0
979.2,16.32,0,0,0,0,0
979.4,16.3233333333333,0,0,0,0,0
979.6,16.3266666666667,0,0,0,0,0
979.8,16.33,0,0,0,0,0
980,16.3333333333333,0,0,0,0,0
980.2,16.3366666666667,0,0,0,0,0
980.4,16.34,0,0,0,0,0
980.6,16.3433333333333,0,0,0,0,0
980.8,16.3466666666667,0,0,0,0,0
981,16.35,0,0,0,0,0
981.2,16.3533333333333,0,0,0,0,0
981.4,16.3566666666667,0,0,0,0,0
981.6,16.36,0,0,0,0,0
981.8,16.3633333333333,0,0,0,0,0
982,16.3666666666667,0,0,0,0,0
982.2,16.37,0,0,0,0,0
982.4,16.3733333333333,0,0,0,0,0
982.6,16.3766666666667,0,0,0,0,0
982.8,16.38,0,0,0,0,0
983,16.3833333333333,0,0,0,0,0
983.2,16.3866666666667,0,0,0,0,0
983.4,16.39,0,0,0,0,0
983.6,16.3933333333333,0,0,0,0,0
983.8,16.3966666666667,0,0,0,0,0
984,16.4,0,0,0,0,0
984.2,16.4033333333333,0,0,0,0,0
984.4,16.4066666666667,0,0,0,0,0
984.6,16.41,0,0,0,0,0
984.8,16.4133333333333,0,0,0,0,0
985,16.4166666666667,0,0,0,0,0
985.2,16.42,0,0,0,0,0
985.4,16.4233333333333,0,0,0,0,0
985.6,16.4266666666667,0,0,0,0,0
985.8,16.43,0,0,0,0,0
986,16.4333333333333,0,0,0,0,0
986.2,16.4366666666667,0,0,0,0,0
986.4,16.44,0,0,0,0,0
986.6,16.4433333333333,0,0,0,0,0
986.8,16.4466666666667,0,0,0,0,0
987,16.45,0,0,0,0,0
987.2,16.4533333333333,0,0,0,0,0
987.4,16.4566666666667,0,0,0,0,0
987.6,16.46,0,0,0,0,0
987.8,16.4633333333333,0,0,0,0,0
988,16.4666666666667,0,0,0,0,0
988.2,16.47,0,0,0,0,0
988.4,16.4733333333333,0,0,0,0,0
988.6,16.4766666666667,0,0,0,0,0
988.8,16.48,0,0,0,0,0
989,16.4833333333333,0,0,0,0,0
989.2,16.4866666666667,0,0,0,0,0
989.4,16.49,0,0,0,0,0
989.6,16.4933333333333,0,0,0,0,0
989.8,16.4966666666667,0,0,0,0,0
990,16.5,0,0,0,0,0
990.2,16.5033333333333,0,0,0,0,0
990.4,16.5066666666667,0,0,0,0,0
990.6,16.51,0,0,0,0,0
990.8,16.5133333333333,0,0,0,0,0
991,16.5166666666667,0,0,0,0,0
991.2,16.52,0,0,0,0,0
991.4,16.5233333333333,0,0,0,0,0
991.6,16.5266666666667,0,0,0,0,0
991.8,16.53,0,0,0,0,0
992,16.5333333333333,0,0,0,0,0
992.2,16.5366666666667,0,0,0,0,0
992.4,16.54,0,0,0,0,0
992.6,16.5433333333333,0,0,0,0,0
992.8,16.5466666666667,0,0,0,0,0
993,16.55,0,0,0,0,0
993.2,16.5533333333333,0,0,0,0,0
993.4,16.5566666666667,0,0,0,0,0
993.6,16.56,0,0,0,0,0
993.8,16.5633333333333,0,0,0,0,0
994,16.5666666666667,0,0,0,0,0
994.2,16.57,0,0,0,0,0
994.4,16.5733333333333,0,0,0,0,0
994.6,16.5766666666667,0,0,0,0,0
994.8,16.58,0,0,0,0,0
995,16.5833333333333,0,0,0,0,0
995.2,16.5866666666667,0,0,0,0,0
995.4,16.59,0,0,0,0,0
995.6,16.5933333333333,0,0,0,0,0
995.8,16.5966666666667,0,0,0,0,0
996,16.6,0,0,0,0,0
996.2,16.6033333333333,0,0,0,0,0
996.4,16.6066666666667,0,0,0,0,0
996.6,16.61,0,0,0,0,0
996.8,16.6133333333333,0,0,0,0,0
997,16.6166666666667,0,0,0,0,0
997.2,16.62,0,0,0,0,0
997.4,16.6233333333333,0,0,0,0,0
997.6,16.6266666666667,0,0,0,0,0
997.8,16.63,0,0,0,0,0
998,16.6333333333333,0,0,0,0,0
998.2,16.6366666666667,0,0,0,0,0
998.4,16.64,0,0,0,0,0
998.6,16.6433333333333,0,0,0,0,0
998.8,16.6466666666667,0,0,0,0,0
999,16.65,0,0,0,0,0
999.2,16.6533333333333,0,0,0,0,0
999.4,16.6566666666667,0,0,0,0,0
999.6,16.66,0,0,0,0,0
999.8,16.6633333333333,0,0,0,0,0
1000,16.6666666666667,0,0,0,0,0
1000.2,16.67,0.000135746037165598,0,0.00019790934516497,0,0
1000.4,16.6733333333333,0.000745541862085163,2.62546671750307e-05,0.00111973887784248,1.01809527874129e-07,0.000173880801350773
1000.6,16.6766666666667,0.00171035618098652,0.00012293351234905,0.00264617978068692,1.44818398968118e-06,0.000828305625960108
1000.8,16.68,0.00293626394267744,0.000322882489679558,0.0046793245318404,6.41698077872771e-06,0.00221401161149459
1001,16.6833333333333,0.00434905696762685,0.00065001104731105,0.00713823012540789,1.83004642432559e-05,0.00453707476346019
1001.2,16.6866666666667,0.00589024423190173,0.00112117544773117,0.00995573089375917,4.10521417821959e-05,0.00796752002409218
1001.4,16.69,0.00751392202091498,0.00174768191933889,0.0130759471104532,7.90870694969186e-05,0.0126460562824634
1001.6,16.6933333333333,0.00918428609017387,0.00253649090598424,0.0164522903713433,0.000137124880847654,0.0186894138731525
1001.8,16.6966666666667,0.0108736399336842,0.00349118325416428,0.0200458500702463,0.000220067057562363,0.0261946159264364
1002,16.7,0.0125607929164159,0.00461273558393962,0.023824079243361,0.000332901676835283,0.0352424238010591
1002.2,16.7033333333333,0.0142297677503592,0.00590014207098017,0.0277597185179607,0.000480630205790363,0.0459001348120599
1002.4,16.7066666666667,0.0158687551786196,0.00735091223522533,0.031829911152815,0.000668211970020615,0.0582238667281217
1002.6,16.71,0.0174692673343799,0.00896146842270462,0.0360154725708357,0.000900522763800472,0.0722604319790175
1002.8,16.7133333333333,0.0190254514973041,0.0107274620395749,0.0403002855665888,0.00118232474338264,0.0880488813710774
1003,16.7166666666667,0.0205335338131774,0.0126440239398405,0.0446707982803982,0.00151824528755303,0.105621779856253
1003.2,16.72,0.0219913686131877,0.0147059614546568,0.0491156065774037,0.00191276294858061,0.125006263855181
1003.4,16.7233333333333,0.0233980737172945,0.0169079122152061,0.0536251060096432,0.00237019897287095,0.146224919645067
1003.6,16.7266666666667,0.0247537358534702,0.0192444630379793,0.058191201323207,0.00289471316031177,0.169296514583509
1003.8,16.73,0.0260591733056153,0.0217102406163208,0.062807063682304,0.00349030306732794,0.194236606880971
1004,16.7333333333333,0.0273157452905323,0.0242999795226247,0.0674669275502572,0.00416080575121559,0.221058054848419
1004.2,16.7366666666667,0.0285251994877109,0.0270085720149529,0.0721659205919032,0.00490990141047723,0.24977144273262
1004.4,16.74,0.0296895507029304,0.0298311033160973,0.0768999211169023,0.00574111840420535,0.280385437192203
1004.6,16.7433333333333,0.0308109849126784,0.0327628753569499,0.0816654385245913,0.00665783923826953,0.31290708599541
1004.8,16.7466666666667,0.0318917839692819,0.035799421421769,0.0864595129816227,0.00766330719145109,0.347342068512723
1005,16.75,0.0329342670918095,0.0389365136781864,0.0912796311971758,0.0087606333242371,0.383694905939317
1005.2,16.7533333333333,0.0339407459609123,0.0421701652013627,0.0961236556828421,0.00995280366950343,0.421969137837733
1005.4,16.7566666666667,0.034913490805354,0.0454966277952608,0.100989765316646,0.0112426864502167,0.462167470486617
1005.6,16.76,0.0358547053366269,0.0489123866623629,0.105876405389,0.012633039206375,0.504291901608086
1005.8,16.7633333333333,0.0367665087741158,0.0524141527667705,0.110782245606277,0.0141265157433193,0.548343825290691
1006,16.7666666666667,0.0376509235215324,0.0559988535665655,0.115706144775846,0.0157256728375911,0.594324120298935
1006.2,16.77,0.0385098673177552,0.0596636226527862,0.120647121103069,0.0174329766556544,0.642233224437753
1006.4,16.7733333333333,0.0393451489016804,0.0634057887193711,0.125604327203685,0.0192508088560759,0.692071197207563
1006.6,16.7766666666667,0.0401584664091409,0.0672228641961402,0.130577029079285,0.0211814723577293,0.743837772622529
1006.8,16.78,0.0409514078670535,0.0711125338018699,0.13556458842444,0.0232271967659594,0.797532403762153
1007,16.7833333333333,0.0417254532711163,0.0750726432137692,0.140566447735343,0.0253901434559087,0.853154300374415
1007.2,16.7866666666667,0.04248197783304,0.0791011880003992,0.145582117774515,0.0276724103176526,0.910702460635445
1007.4,16.79,0.0432222560652367,0.0831963029256525,0.1506111670174,0.0300760361719456,0.970175697995065
1007.6,16.7933333333333,0.0439474664380893,0.0873562516996762,0.155653212766288,0.0326030048683249,1.0315726638879
1007.8,16.7966666666667,0.0446586963999695,0.0915794172274281,0.160707913667089,0.0352552490793833,1.09489186696512
1008,16.8,0.0453569475951758,0.095864292385741,0.165774963406701,0.0380346538064442,1.16013168939841
1008.2,16.8033333333333,0.046043141151601,0.100209471344062,0.170854085403859,0.0409430596125859,1.22729040071839
1008.4,16.8066666666667,0.0467181229397646,0.104613641432104,0.17594502833626,0.0439822655994095,1.29636616957744
1008.6,16.81,0.0473826687289552,0.109075575548366,0.181047562371605,0.0471540321439123,1.36735707376426
1008.8,16.8133333333333,0.0480374891856904,0.113594125096569,0.18616147599119,0.0504600834115875,1.44026110874518
1009,16.8166666666667,0.048683234675329,0.118168213432117,0.191286573312429,0.053902109661507,1.51507619496473
1009.2,16.82,0.049320499840108,0.122796829797008,0.196422671831395,0.0574817693584763,1.59180018409937
1009.4,16.8233333333333,0.0499498279367713,0.127479023719383,0.201569600519088,0.0612006911067864,1.67043086442948
1009.6,16.8266666666667,0.0505717149246983,0.132213899852398,0.206727198215549,0.0650604754192973,1.75096596546708
1009.8,16.83,0.0511866133014686,0.137000613226414,0.211895312274784,0.0690626963348138,1.83340316195526
1010,16.8333333333333,0.0517949356874431,0.141838364888439,0.217073797420987,0.0732089028960136,1.91774007733803
1010.2,16.8366666666667,0.0523970581644061,0.146726397902954,0.222262514782661,0.0775006204992833,2.00397428678177
1010.4,16.84,0.0529933233759105,0.151663993689001,0.227461331076663,0.0819393521271703,2.09210331981861
1010.6,16.8433333333333,0.0535840433987895,0.156650468669201,0.2326701179185,0.0865265794733319,2.18212466266982
1010.8,16.8466666666667,0.0541695023965491,0.161685171207394,0.237888751238988,0.0912637639691375,2.27403576029771
1011,16.85,0.0547499590661524,0.166767478812842,0.243117110790584,0.0961523477204777,2.36783401822887
1011.2,16.8533333333333,0.055325648890107,0.171896795589979,0.248355079729187,0.10119375436254,2.46351680418192
1011.4,16.8566666666667,0.0558967862059174,0.177072549914094,0.253602544259635,0.106389389839833,2.56108144953068
1011.6,16.86,0.0564635661048743,0.182294192314499,0.258859393334827,0.111740643118074,2.66052525062683
1011.8,16.8633333333333,0.057026166171899,0.187561193547915,0.264125518400047,0.117248886833995,2.76184547000242
1012,16.8666666666667,0.0575847480778109,0.192873042846178,0.269400813175442,0.122915477888738,2.8650393374713
1012.2,16.87,0.0581394590349063,0.198229246323295,0.274685173470605,0.128741757989851,2.97010405114247
1012.4,16.8733333333333,0.0586904331262474,0.203629325528216,0.279978497026285,0.134729054146651,3.07703677835942
1012.6,16.8766666666667,0.059237792518495,0.209072816130579,0.285280683378969,0.140878679123183,3.18583465657535
1012.8,16.88,0.059781648567551,0.214559266727733,0.29059163374471,0.147191931852657,3.29649479417263
1013,16.8833333333333,0.0603221028257119,0.220088237762341,0.295911250919293,0.153670097816986,3.40901427123546
1013.2,16.8866666666667,0.0608592479584475,0.22565930054062,0.301239439192077,0.160314449394585,3.52339014028038
1013.4,16.89,0.0613931685783756,0.231272036342214,0.306576104271486,0.16712624617944,3.63961942695131
1013.6,16.8933333333333,0.061923942003452,0.236926035613406,0.311921153220286,0.174106735274129,3.75769913068328
1013.8,16.8966666666667,0.0624516389458786,0.242620897236017,0.317274494399121,0.181257151559173,3.87762622533789
1014,16.9,0.0629763241377429,0.248356227865164,0.322636037417094,0.188578717941045,3.99939765981537
1014.2,16.9033333333333,0.0634980568989238,0.254131641329444,0.328005693088228,0.196072645580728,4.1230103586441
1014.4,16.9066666666667,0.0640168916523678,0.259946758087841,0.333383373392968,0.203740134104762,4.24846122255151
1014.6,16.91,0.0645328783914198,0.265801204738073,0.338768991443935,0.211582371800383,4.37574712901768
1014.8,16.9133333333333,0.0650460631035039,0.271694613571555,0.344162461455249,0.21960053579624,4.50486493281267
1015,16.9166666666667,0.0655564881541019,0.277626622170686,0.349563698714958,0.227795792230141,4.63581146652073
1015.2,16.92,0.0660641926346241,0.283596873044409,0.354972619560018,0.236169296404951,4.76858354105044
1015.4,16.9233333333333,0.0665692126774759,0.289605013298505,0.360389141353513,0.244722192933868,4.90317794613368
1015.6,16.9266666666667,0.0670715817413286,0.295650694337329,0.365813182463763,0.253455615876048,5.03959145081364
1015.8,16.93,0.0675713308693347,0.301733571593968,0.371244662245005,0.262370688863455,5.17782080392171
1016,16.9333333333333,0.0680684889228018,0.307853304286199,0.376683501019502,0.271468525219885,5.31786273454597
1016.2,16.9366666666667,0.0685630827925945,0.314009555195713,0.382129620060782,0.280750228072775,5.4597139524895
1016.4,16.94,0.06905513759035,0.320201990468457,0.387582941577922,0.2902168904586,5.60337114872089
1016.6,16.9433333333333,0.0695446768213914,0.326430279434038,0.393043388700707,0.299869595422431,5.74883099581665
1016.8,16.9466666666667,0.0700317225410554,0.332694094442344,0.398510885465518,0.309709416112145,5.89609014839505
1017,16.95,0.0705162954960005,0.338993110715805,0.403985356801916,0.319737415867948,6.04514524354381
1017.2,16.9533333333333,0.0709984152519059,0.345327006215691,0.409466728519756,0.329954648307482,6.19599290123932
1017.4,16.9566666666667,0.0714781003088546,0.35169546152118,0.414954927296836,0.340362157407074,6.34862972475992
1017.6,16.96,0.071955368205566,0.358098159719932,0.420449880666977,0.350960977579454,6.50305230109244
1017.8,16.9633333333333,0.0724302356135346,0.36453478630902,0.425951517008473,0.361752133748207,6.65925720133147
1018,16.9666666666667,0.0729027184220428,0.3710050291053,0.431459765532923,0.372736641419411,6.81724098107365
1018.2,16.97,0.0733728318149097,0.37750857816421,0.436974556274334,0.383915506750564,6.97700018080451
1018.4,16.9733333333333,0.0738405903397723,0.38404512570625,0.442495820078527,0.395289726617198,7.13853132628026
1018.6,16.9766666666667,0.0743060079706122,0.390614366050379,0.448023488592802,0.406860288677337,7.30183092890374
1018.8,16.98,0.0747690981641709,0.397215995553603,0.453557494255793,0.41862817143394,7.46689548609377
1019,16.9833333333333,0.0752298739108482,0.403849712556253,0.459097770287584,0.430594344295674,7.63372148165028
1019.2,16.9866666666667,0.075688347780606,0.410515217332273,0.464644250679974,0.442759767635988,7.80230538611263
1019.4,16.99,0.0761445319643648,0.417212212044139,0.47019687018695,0.455125392850795,7.9726436571134
1019.6,16.9933333333333,0.0765984383113244,0.423940400701892,0.475755564315325,0.46769216241483,8.14473273972699
1019.8,16.9966666666667,0.0770500783626003,0.430699489125865,0.48132026931551,0.480461009936748,8.31856906681205
1020,17,0.0774994633815373,0.437489184912825,0.486890922172473,0.493432860213223,8.49414905935026
1020.2,17.0033333333333,0.0779466043810152,0.444309197405076,0.492467460596797,0.506608629281961,8.67146912677866
1020.4,17.0066666666667,0.0783915121480433,0.451159237662332,0.498049823015901,0.519989224473865,8.85052566731797
1020.6,17.01,0.0788341972659042,0.458039018436045,0.503637948565395,0.533575544464386,9.03131506829616
1020.8,17.0133333333333,0.0792746701340832,0.4649482541459,0.509231777080513,0.547368479324045,9.21383370646609
1021,17.0166666666667,0.0797129409862028,0.471886660858369,0.51483124908773,0.561368910568369,9.39807794832014
1021.2,17.02,0.0801490199061514,0.478853956266988,0.520436305796435,0.5755777112071,9.58404415039849
1021.4,17.0233333333333,0.0805829168425859,0.485849859674294,0.526046889090747,0.58999574579288,9.77172865959396
1021.6,17.0266666666667,0.0810146416219657,0.492874091975211,0.531662941521447,0.604623870469428,9.96112781345235
1021.8,17.03,0.0814442039602586,0.499926375641693,0.537284406297974,0.619462933019131,10.1522379404673
1022,17.0333333333333,0.0818716134734541,0.507006434708612,0.542911227280581,0.634513772910319,10.3450553603721
1022.2,17.0366666666667,0.0822968796869942,0.514113994760628,0.548543348972536,0.649777221343985,10.5395763844261
1022.4,17.04,0.0827200120442333,0.521248782920051,0.554180716512458,0.665254101300219,10.7357973156975
1022.6,17.0433333333333,0.0831410199140198,0.528410527835551,0.559823275666751,0.680945227584275,10.9337144493422
1022.8,17.0466666666667,0.0835599125974844,0.535598959671584,0.565470972822092,0.696851406872217,11.133324072877
1023,17.05,0.0839766993341169,0.542813810098573,0.571123754978076,0.712973437756393,11.3346224664511
1023.2,17.0533333333333,0.0843913893071974,0.550054812283628,0.576781569739884,0.729312110790478,11.537605903111
1023.4,17.0566666666667,0.0848039916486489,0.55732170088186,0.582444365311096,0.745868208534336,11.7422706490637
1023.6,17.06,0.0852145154433671,0.564614212028188,0.58811209048657,0.762642505598625,11.9486129639345
1023.8,17.0633333333333,0.0856229697330781,0.571932083329534,0.593784694645396,0.779635768689068,12.1566291010215
1024,17.0666666666667,0.0860293635197739,0.579275053857486,0.599462127743968,0.796848756650633,12.3663153075463
1024.2,17.07,0.0864337057687632,0.586642864141229,0.60514434030911,0.81428222051135,12.5776678249006
1024.4,17.0733333333333,0.0868360054113809,0.594035256160852,0.6108312834313,0.831936903526029,12.7906828888897
1024.6,17.0766666666667,0.0872362713473859,0.60145197334089,0.616522908757974,0.849813541219709,13.0053567299715
1024.8,17.08,0.0876345124470831,0.608892760544163,0.622219168486934,0.867912861431022,13.2216855734935
1025,17.0833333333333,0.0880307375531902,0.61635736406575,0.62792001535978,0.886235584355177,13.4396656399234
1025.2,17.0866666666667,0.0884249554824836,0.623845531627241,0.633625402655478,0.904782422586968,13.6592931450792
1025.4,17.09,0.0888171750272399,0.631357012371117,0.639335284183981,0.9235540811635,13.8805643003544
1025.6,17.0933333333333,0.0892074049564946,0.638891556855284,0.645049614279921,0.942551257606759,14.1034753129391
1025.8,17.0966666666667,0.0895956540171402,0.646448917047777,0.650768347796421,0.961774641966119,14.3280223860404
1026,17.1,0.0899819309348732,0.654028846321505,0.656491440098901,0.981224916860474,14.5542017190954
1026.2,17.1033333333333,0.0903662444150134,0.661631099449177,0.662218847059037,1.00090275752044,14.7820095079846
1026.4,17.1066666666667,0.0907486031432034,0.669255432598277,0.667950525048757,1.02080883183027,15.0114419452402
1026.6,17.11,0.0911290157860024,0.676901603326117,0.673686430934305,1.04094380036968,15.2424952202515
1026.8,17.1133333333333,0.0915074909913871,0.684569370575002,0.67942652207042,1.06130831645554,15.4751655194683
1027,17.1166666666667,0.091884037389164,0.692258494667362,0.685170756294507,1.0819030261833,15.7094490265988
1027.2,17.12,0.0922586635913103,0.699968737301027,0.690919091920953,1.10272856846841,15.9453419228063
1027.4,17.1233333333333,0.0926313781922449,0.707699861544499,0.696671487735478,1.12378557508758,16.182840386903
1027.6,17.1266666666667,0.0930021897690393,0.715451631832253,0.702427902989553,1.14507467071976,16.4219405955391
1027.8,17.13,0.0933711068815769,0.723223813960122,0.708188297394916,1.16659647298727,16.662638723392
1028,17.1333333333333,0.0937381380726604,0.731016175080612,0.713952631118093,1.18835159249637,16.9049309433482
1028.2,17.1366666666667,0.0941032918680812,0.738828483698326,0.719720864775051,1.2103406328781,17.1488134266867
1028.4,17.14,0.0944665767766486,0.746660509665361,0.725492959425875,1.23256419082876,17.394282343257
1028.6,17.1433333333333,0.0948280012901868,0.754512024176716,0.731268876569522,1.25502285615023,17.6413338616548
1028.8,17.1466666666667,0.0951875738835032,0.762382799765751,0.737048578138663,1.2777172117904,17.8899641493962
1029,17.15,0.0955453030143284,0.770272610299569,0.74283202649452,1.30064783388308,18.140169373087
1029.2,17.1533333333333,0.0959011971232363,0.778181230974484,0.748619184421838,1.3238152917881,18.3919456985906
1029.4,17.1566666666667,0.0962552646335437,0.786108438311447,0.754410015123883,1.34722014813111,18.6452892911942
1029.6,17.16,0.0966075139511909,0.794054010151476,0.760204482217495,1.37086295884329,18.9001963157697
1029.8,17.1633333333333,0.0969579534646114,0.802017725651123,0.76600254972824,1.394744273201,19.1566629369359
1030,17.1666666666667,0.0973065915445832,0.809999365277845,0.771804182085555,1.41886463386505,19.4146853192137
1030.2,17.17,0.097653436544074,0.817998710805474,0.777609344118012,1.44322457692011,19.6742596271822
1030.4,17.1733333333333,0.0979984967980743,0.826015545309616,0.783418001048612,1.46782463191383,19.9353820256313
1030.6,17.1766666666667,0.0983417806234234,0.834049653163056,0.789230118490131,1.49266532189586,20.1980486797108
1030.8,17.18,0.0986832963186304,0.842100820031202,0.795045662440563,1.5177471634568,20.46225575508
1031,17.1833333333333,0.0990230521636862,0.850168832867418,0.800864599278542,1.5430706667668,20.7279994180507
1031.2,17.1866666666667,0.099361056419875,0.858253479908453,0.806686895758893,1.56863633561428,20.9952758357315
1031.4,17.19,0.0996973173295805,0.866354550669804,0.812512519008203,1.59444466744436,21.2640811761681
1031.6,17.1933333333333,0.10003184311609,0.874471835941076,0.81834143652044,1.62049615339715,21.5344116084817
1031.8,17.1966666666667,0.100364641983399,0.882605127781378,0.824173616152665,1.64679127834607,21.8062633030059
1032,17.2,0.100695722116011,0.890754219514613,0.830009026120728,1.67333052093574,22.0796324314192
1032.2,17.2033333333333,0.101025091678736,0.898918905724854,0.835847634995077,1.70011435361996,22.3545151668777
1032.4,17.2066666666667,0.101352758816501,0.907098982251665,0.841689411696591,1.72714324269948,22.6309076841448
1032.6,17.21,0.101678731654142,0.915294246185405,0.847534325492463,1.75441764835962,22.9088061597178
1032.8,17.2133333333333,0.102003018296215,0.92350449586258,0.853382345992159,1.78193802470783,23.1882067719553
1033,17.2166666666667,0.102325626826795,0.93172953086108,0.85923344314337,1.80970481981089,23.4691057011978
1033.2,17.22,0.102646565309289,0.939969151995514,0.86508758722807,1.83771847573225,23.7514991298912
1033.4,17.2233333333333,0.102965841786237,0.948223161312471,0.870944748858595,1.86597942856902,24.0353832427048
1033.6,17.2266666666667,0.10328346427913,0.95649136208579,0.876804898973765,1.8944881084889,24.3207542266493
1033.8,17.23,0.103599440788221,0.96477355881186,0.882668008835087,1.92324493976708,24.6076082711924
1034,17.2333333333333,0.103913779292341,0.973069557204811,0.888534050022943,1.9522503408227,24.8959415683714
1034.2,17.2366666666667,0.104226487748717,0.981379164191807,0.89440299443288,1.98150472425544,25.185750312905
1034.4,17.24,0.1045375740928,0.98970218790827,0.900274814271921,2.01100849688187,25.4770307023035
1034.6,17.2433333333333,0.104847046238084,0.998038437693102,0.906149482054918,2.04076205977164,25.7697789369756
1034.8,17.2466666666667,0.105154912075939,1.00638772408395,0.912026970600978,2.07076580828366,26.0639912203361
1035,17.25,0.105461179475444,1.01474985881236,0.917907253029872,2.10102013210182,26.3596637589081
1035.2,17.2533333333333,0.10576585628322,1.02312465479903,0.923790302758549,2.13152541527093,26.6567927624266
1035.4,17.2566666666667,0.106068950323273,1.031511926149,0.929676093497665,2.16228203623231,26.9553744439387
1035.6,17.26,0.106370469396833,1.03991148814687,0.935564599248144,2.19329036785925,27.2554050199025
1035.8,17.2633333333333,0.106670421282204,1.04832315725198,0.941455794297822,2.22455077749251,27.5568807102856
1036,17.2666666666667,0.106968813734616,1.05674675109358,0.947349653218067,2.25606362697529,27.8597977386586
1036.2,17.27,0.107265654486073,1.06518208846604,0.953246150860494,2.28782927268848,28.1641523322901
1036.4,17.2733333333333,0.107560951245217,1.07362898932404,0.959145262353702,2.31984806558548,28.469940722239
1036.6,17.2766666666667,0.107854711697185,1.08208727477769,0.965046963100039,2.352120351227,28.7771591434446
1036.8,17.28,0.108146943503479,1.0905567670878,0.970951228772441,2.38464646981576,29.0858038348171
1037,17.2833333333333,0.10843765430183,1.09903728966094,0.976858035311252,2.41742675623085,29.395871039323
1037.2,17.2866666666667,0.108726851706073,1.10752866704468,0.982767358921134,2.45046154006211,29.7073570040723
1037.4,17.29,0.109014543306025,1.11603072492273,0.988679176067992,2.48375114564438,30.0202579804028
1037.6,17.2933333333333,0.109300736667359,1.12454329011011,0.994593463475935,2.51729589209143,30.3345702239624
1037.8,17.2966666666667,0.109585439331495,1.13306619054831,1.0005101981243,2.55109609333008,30.6502899947922
1038,17.3,0.109868658815482,1.14159925530045,1.00642935724466,2.58515205813368,30.9674135574043
1038.2,17.3033333333333,0.110150402611889,1.15014231454643,1.0123509183179,2.61946409015593,31.2859371808613
1038.4,17.3066666666667,0.110430678188701,1.15869519957811,1.01827485907136,2.65403248796423,31.6058571388536
1038.6,17.31,0.110709492989217,1.16725774279442,1.02420115747593,2.68885754507305,31.9271697097745
1038.8,17.3133333333333,0.110986854431948,1.17582977769661,1.03012979174329,2.72393954997719,32.249871176796
1039,17.3166666666667,0.111262769910525,1.18441113888332,1.03606074032306,2.75927878618464,32.5739578279394
1039.2,17.32,0.111537246793602,1.19300166204577,1.04199398190007,2.79487553224956,32.8994259561484
1039.4,17.3233333333333,0.111810292424773,1.20160118396294,1.04792949539166,2.83073006180504,33.2262718593591
1039.6,17.3266666666667,0.112081914122484,1.21020954249672,1.05386725994497,2.86684264359562,33.5544918405687
1039.8,17.33,0.11235211917995,1.21882657658707,1.05980725493428,2.9032135415099,33.8840822079041
1040,17.3333333333333,0.112620914865074,1.2274521262472,1.06574945995842,2.93984301461264,34.2150392746866
1040.2,17.3366666666667,0.112888308420379,1.23608603255873,1.07169385483811,2.97673131717704,34.5473593594984
1040.4,17.34,0.113154307062923,1.24472813766684,1.07764041961349,3.01387869871675,34.8810387862458
1040.6,17.3433333333333,0.113418917984242,1.25337828477549,1.08358913454152,3.05128540401766,35.2160738842219
1040.8,17.3466666666667,0.113682148350273,1.26203631814261,1.0895399800935,3.08895167316984,35.5524609881692
1041,17.35,0.113944005301298,1.27070208307521,1.09549293695261,3.12687774159885,35.8901964383378
1041.2,17.3533333333333,0.114204495951877,1.27937542592463,1.10144798601146,3.16506384009733,36.2292765805461
1041.4,17.3566666666667,0.114463627390795,1.28805619408169,1.1074051083697,3.20351019485627,36.5696977662381
1041.6,17.36,0.114721406681005,1.29674423597194,1.1133642853316,3.24221702749611,36.9114563525397
1041.8,17.3633333333333,0.114977840859574,1.30543940105081,1.11932549840374,3.28118455509792,37.2545487023165
1042,17.3666666666667,0.115232936937637,1.31414153979884,1.12528872929264,3.32041299023401,37.5989711842255
1042.2,17.37,0.11548670190035,1.32285050371689,1.13125395990252,3.3599025409988,37.9447201727701
1042.4,17.3733333333333,0.115739142706842,1.33156614532133,1.13722117233297,3.39965341103936,38.2917920483526
1042.6,17.3766666666667,0.115990266290177,1.3402883181393,1.14319034887674,3.4396657995858,38.6401831973246
1042.8,17.38,0.116240079557316,1.34901687670394,1.14916147201755,3.47993990148173,38.9898900120389
1043,17.3833333333333,0.11648858938908,1.3577516765496,1.15513452442785,3.52047590721415,39.3409088908969
1043.2,17.3866666666667,0.116735802640112,1.36649257420709,1.16110948896668,3.5612740029436,39.6932362383977
1043.4,17.39,0.116981726138854,1.37523942719892,1.16708634867755,3.60233437053401,40.0468684651853
1043.6,17.3933333333333,0.117226366687511,1.38399209403458,1.17306508678631,3.64365718758232,40.4018019880943
1043.8,17.3966666666667,0.117469731062028,1.39275043420581,1.17904568669907,3.6852426274483,40.7580332301968
1044,17.4,0.117711826012065,1.40151430818181,1.18502813200014,3.72709085928366,41.1155586208444
1044.2,17.4033333333333,0.117952658260976,1.4102835774046,1.19101240644998,3.76920204806153,41.4743745957127
1044.4,17.4066666666667,0.11819223450579,1.41905810428425,1.19699849398324,3.8115763546056,41.8344775968438
1044.6,17.41,0.11843056141719,1.42783775219419,1.20298637870668,3.854213935619,42.195864072687
1044.8,17.4133333333333,0.118667645639503,1.43662238546653,1.20897604489733,3.89711494371346,42.5585304781412
1045,17.4166666666667,0.118903493790686,1.44541186938735,1.21496747700042,3.94027952743764,42.9224732745919
1045.2,17.42,0.119138112462312,1.45420607019203,1.22096065962758,3.983707831306,43.2876889299518
1045.4,17.4233333333333,0.119371508219563,1.46300485506058,1.22695557755484,4.02739999582713,43.6541739186981
1045.6,17.4266666666667,0.119603687601226,1.47180809211297,1.23295221572086,4.07135615753205,44.0219247219092
1045.8,17.43,0.119834657119686,1.48061565040451,1.238950559225,4.11557644900252,44.3909378273027
1046,17.4333333333333,0.120064423260922,1.48942739992116,1.24495059332555,4.16006099889884,44.7612097292679
1046.2,17.4366666666667,0.120292992484509,1.49824321157495,1.25095230343788,4.20480993198786,45.1327369289024
1046.4,17.44,0.120520371223619,1.50706295719929,1.25695567513269,4.24982336917073,45.5055159340451
1046.6,17.4433333333333,0.120746565885022,1.51588650954443,1.26296069413424,4.29510142751041,45.8795432593085
1046.8,17.4466666666667,0.120971582849092,1.52471374227283,1.2689673463186,4.34064422025941,46.2548154261131
1047,17.45,0.121195428469814,1.53354452995454,1.27497561771193,4.38645185688674,46.6313289627158
1047.2,17.4533333333333,0.121418109074794,1.54237874806266,1.2809854944888,4.43252444310536,47.009080404242
1047.4,17.4566666666667,0.121639630965265,1.55121627296874,1.28699696297049,4.47886208089918,47.3880662927154
1047.6,17.46,0.121860000416102,1.56005698193824,1.29301000962333,4.52546486854989,47.7682831770863
1047.8,17.4633333333333,0.122079223675838,1.56890075312599,1.29902462105709,4.57233290066401,48.1497276132618
1048,17.4666666666667,0.122297306966672,1.5777474655716,1.30504078402331,4.61946626819917,48.5323961641307
1048.2,17.47,0.122514256484494,1.58659699919501,1.31105848541375,4.66686505849086,48.9162853995923
1048.4,17.4733333333333,0.122730078398897,1.59544923479191,1.31707771225877,4.71452935527874,49.3013918965821
1048.6,17.4766666666667,0.122944778853201,1.60430405402926,1.32309845172578,4.76245923873283,49.6877122390964
1048.8,17.48,0.123158363964473,1.61316133944084,1.32912069111774,4.81065478547985,50.0752430182196
1049,17.4833333333333,0.123370839823551,1.62202097442268,1.33514441787153,4.85911606862882,50.463980832145
1049.2,17.4866666666667,0.123582212495066,1.63088284322868,1.34116961955655,4.90784315779715,50.8539222862006
1049.4,17.49,0.12379248801747,1.63974683096611,1.34719628387316,4.95683611913627,51.2450639928709
1049.6,17.4933333333333,0.124001672403066,1.64861282359114,1.35322439865125,5.00609501535715,51.637402571819
1049.8,17.4966666666667,0.124209771638029,1.65748070790452,1.35925395184878,5.05561990575596,52.0309346499097
1050,17.5,0.124416791682445,1.66635037154701,1.3652849315503,5.10541084623903,52.4256568612278
1050.2,17.5033333333333,0.124622738470335,1.67522170299509,1.37131732596557,5.15546788934824,52.8215658471001
1050.4,17.5066666666667,0.124827617909694,1.6840945915565,1.37735112342816,5.20579108428602,53.2186582561147
1050.6,17.51,0.125031435882519,1.69296892736589,1.38338631239404,5.25638047694017,53.6169307441394
1050.8,17.5133333333333,0.125234198244848,1.70184460138046,1.38942288144023,5.30723610990888,54.0163799743422
1051,17.5166666666667,0.125435910826799,1.71072150537559,1.39546081926343,5.35835802252504,54.4170026172062
1051.2,17.52,0.125636579432598,1.71959953194047,1.40150011467869,5.40974625088096,54.8187953505491
1051.4,17.5233333333333,0.125836209840631,1.72847857447383,1.40754075661808,5.46140082785271,55.2217548595389
1051.6,17.5266666666667,0.126034807803471,1.73735852717955,1.41358273412939,5.51332178312431,55.6258778367103
1051.8,17.53,0.126232379047931,1.74623928506245,1.41962603637485,5.56550914321209,56.0311609819816
1052,17.5333333333333,0.126428929275096,1.75512074392393,1.42567065262984,5.61796293148832,56.4376010026672
1052.2,17.5366666666667,0.126624464160374,1.76400280035771,1.43171657228161,5.67068316820534,56.8451946134942
1052.4,17.54,0.126818989353535,1.77288535174556,1.43776378482808,5.72366987051919,57.2539385366156
1052.6,17.5433333333333,0.127012510478761,1.78176829625307,1.44381227987657,5.77692305251323,57.6638295016236
1052.8,17.5466666666667,0.12720503313469,1.79065153282544,1.44986204714262,5.83044272522179,58.0748642455642
1053,17.55,0.127396562894461,1.79953496118318,1.45591307644874,5.88422889665321,58.4870395129472
1053.2,17.5533333333333,0.127587105305767,1.80841848181797,1.46196535772325,5.9382815718133,58.9003520557596
1053.4,17.5566666666667,0.127776665890904,1.81730199598845,1.46801888099912,5.99260075272837,59.3147986334773
1053.6,17.56,0.127965250146817,1.82618540571602,1.47407363641277,6.04718643846817,59.7303760130749
1053.8,17.5633333333333,0.128152863545156,1.8350686137807,1.48012961420298,6.10203862516897,60.1470809690387
1054,17.5666666666667,0.128339511532326,1.84395152371696,1.4861868047097,6.15715730605591,60.5649102833734
1054.2,17.57,0.128525199529537,1.85283403980961,1.49224519837294,6.21254247146588,60.9838607456141
1054.4,17.5733333333333,0.128709932932867,1.86171606708961,1.49830478573171,6.2681941088699,61.4039291528348
1054.6,17.5766666666667,0.128893717113304,1.87059751133005,1.50436555742287,6.32411220289545,61.8251123096565
1054.8,17.58,0.129076557416813,1.87947827904201,1.51042750418009,6.38029673534891,62.2474070282575
1055,17.5833333333333,0.129258459164386,1.88835827747047,1.51649061683275,6.43674768523733,62.6708101283782
1055.2,17.5866666666667,0.1294394276521,1.89723741459024,1.52255488630491,6.49346502879065,63.0953184373308
1055.4,17.59,0.129619468151175,1.90611559910194,1.52862030361425,6.55044873948352,63.5209287900052
1055.6,17.5933333333333,0.129798585908034,1.91499274042794,1.53468685987104,6.60769878805694,63.9476380288758
1055.8,17.5966666666667,0.129976786144362,1.92386874870838,1.54075454627715,6.66521514254018,64.3754430040089
1056,17.6,0.130154074057162,1.93274353479706,1.54682335412499,6.72299776827188,64.8043405730661
1056.2,17.6033333333333,0.130330454818823,1.94161701025755,1.55289327479658,6.78104662792168,65.2343276013111
1056.4,17.6066666666667,0.130505933577175,1.95048908735918,1.55896429976249,6.83936168151144,65.6654009616145
1056.6,17.61,0.130680515455553,1.95935967907304,1.56503642058094,6.8979428864363,66.097557534458
1056.8,17.6133333333333,0.130854205552861,1.96822869906808,1.5711096288968,6.95679019748597,66.5307942079403
1057,17.6166666666667,0.131027008943635,1.97709606170716,1.57718391644067,7.01590356686524,66.9651078777779
1057.2,17.62,0.131198930678105,1.98596168204309,1.58325927502788,7.07528294421504,67.4004954473108
1057.4,17.6233333333333,0.131369975782261,1.99482547581479,1.58933569655765,7.13492827663304,67.8369538275052
1057.6,17.6266666666667,0.131540149257917,2.00368735944334,1.59541317301208,7.19483950869412,68.2744799369551
1057.8,17.63,0.131709456082781,2.01254725002817,1.60149169645536,7.2550165824711,68.7130707018876
1058,17.6333333333333,0.131877901210513,2.02140506534314,1.60757125903274,7.31545943755464,69.1527230561612
1058.2,17.6366666666667,0.1320454895708,2.0302607238327,1.61365185296976,7.37616801107374,69.5934339412698
1058.4,17.64,0.132212226069418,2.03911414460811,1.6197334705713,7.43714223771571,70.0352003063436
1058.6,17.6433333333333,0.132378115588302,2.04796524744353,1.62581610422077,7.49838204974612,70.4780191081497
1058.8,17.6466666666667,0.132543162985614,2.05681395277237,1.63189974637921,7.55988737702894,70.9218873110945
1059,17.65,0.13270737309581,2.06566018168332,1.63798438958449,7.62165814704584,71.3668018872217
1059.2,17.6533333333333,0.132870750729713,2.07450385591672,1.64407002645042,7.68369428491611,71.8127598162135
1059.4,17.6566666666667,0.133033300674579,2.08334489786074,1.65015664966599,7.74599571341613,72.2597580853907
1059.6,17.66,0.133195027694168,2.09218323054765,1.65624425199449,7.80856235299869,72.7077936897113
1059.8,17.6633333333333,0.133355936528816,2.10101877765012,1.66233282627279,7.87139412181256,73.1568636317716
1060,17.6666666666667,0.133516031895504,2.10985146347746,1.66842236541044,7.93449093572126,73.6069649218025
1060.2,17.67,0.133675318487931,2.11868121297196,1.67451286238896,7.99785270832243,74.0580945776693
1060.4,17.6733333333333,0.133833800976584,2.12750795170519,1.68060431026102,8.06147935096669,74.5102496248703
1060.6,17.6766666666667,0.133991484008813,2.13633160587436,1.68669670214969,8.12537077277644,74.9634270965339
1060.8,17.68,0.1341483722089,2.14515210229865,1.69279003124772,8.18952688066488,75.4176240334186
1061,17.6833333333333,0.134304470178132,2.15396936841557,1.69888429081668,8.25394757935422,75.8728374839069
1061.2,17.6866666666667,0.13445978249488,2.16278333227735,1.70497947418634,8.31863277139449,76.3290645040053
1061.4,17.69,0.134614313714662,2.17159392254734,1.71107557475384,8.38358235718185,76.7863021573401
1061.6,17.6933333333333,0.134768068370229,2.18040106849637,1.71717258598302,8.44879623497689,77.2445475151539
1061.8,17.6966666666667,0.134921050971629,2.18920469999928,1.7232705014037,8.51427430092304,77.703797656304
1062,17.7,0.135073266006286,2.19800474753125,1.72936931461096,8.5800164490643,78.1640496672553
1062.2,17.7033333333333,0.135224717939075,2.20680114216431,1.73546901926442,8.64602257136346,78.6253006420786
1062.4,17.7066666666667,0.135375411212397,2.2155938155638,1.74156960908757,8.71229255771993,79.0875476824454
1062.6,17.71,0.135525350246251,2.22438269998485,1.74767107786708,8.77882629598744,79.5507878976234
1062.8,17.7133333333333,0.135674539438313,2.23316772826891,1.75377341945217,8.84562367199201,80.0150184044731
1063,17.7166666666667,0.135822983164013,2.24194883384021,1.75987662775383,8.91268456954904,80.4802363274399
1063.2,17.72,0.135970685776604,2.25072595070232,1.76598069674426,8.98000887048109,80.9464387985513
1063.4,17.7233333333333,0.136117651607248,2.25949901343471,1.77208562045619,9.04759645463515,81.4136229574104
1063.6,17.7266666666667,0.136263884965083,2.26826795718928,1.77819139298219,9.11544719989984,81.8817859511898
1063.8,17.73,0.136409390137307,2.27703271768697,1.78429800847413,9.1835609822228,82.350924934628
1064,17.7333333333333,0.136554171389251,2.28579323121433,1.79040546114243,9.25193767562735,82.8210370700199
1064.2,17.7366666666667,0.136698232964458,2.29454943462009,1.79651374525551,9.3205771522297,83.2921195272128
1064.4,17.74,0.136841579084756,2.30330126531184,1.80262285513916,9.3894792822557,83.7641694835988
1064.6,17.7433333333333,0.136984213950341,2.31204866125264,1.80873278517592,9.45864393405754,84.2371841241084
1064.8,17.7466666666667,0.137126141739854,2.32079156095769,1.8148435298045,9.52807097413068,84.7111606412049
1065,17.75,0.137267366610453,2.32952990349093,1.82095508351915,9.59776026712993,85.1860962348742
1065.2,17.7533333333333,0.137407892697898,2.3382636284618,1.82706744086909,9.66771167588619,85.6619881126202
1065.4,17.7566666666667,0.137547724116624,2.34699267602189,1.83318059645792,9.7379250614227,86.1388334894559
1065.6,17.76,0.137686864959822,2.35571698686164,1.83929454494307,9.80840028297122,86.6166295878957
1065.8,17.7633333333333,0.137825319299515,2.36443650220714,1.84540928103521,9.87913719798852,87.0953736379497
1066,17.7666666666667,0.137963091186639,2.37315116381674,1.85152479949767,9.95013566217187,87.5750628771119
1066.2,17.77,0.13810018465112,2.38186091397793,1.85764109514592,10.0213955294754,88.0556945503547
1066.4,17.7733333333333,0.138236603701952,2.39056569550404,1.86375816284698,10.0929166521257,88.5372659101196
1066.6,17.7766666666667,0.138372352327276,2.39926545173102,1.86987599751892,10.1646988806377,89.0197742163082
1066.8,17.78,0.138507434494462,2.4079601265143,1.87599459413031,10.2367420638305,89.5032167362754
1067,17.7833333333333,0.138641854150183,2.41664966422554,1.88211394769965,10.3090460488427,89.9875907448178
1067.2,17.7866666666667,0.138775615220495,2.42533400974946,1.8882340532949,10.3816106811476,90.472893524166
1067.4,17.79,0.13890872161092,2.43401310848075,1.89435490603294,10.4544358045692,90.9591223639754
1067.6,17.7933333333333,0.13904117720652,2.44268690632081,1.90047650107901,10.527521261297,91.4462745613161
1067.8,17.7966666666667,0.139172985871979,2.45135534967478,1.90659883364631,10.6008668919014,91.9343474206654
1068,17.8,0.139304151451682,2.46001838544827,1.91272189899538,10.6744725353486,92.4233382538952
1068.2,17.8033333333333,0.139434677769791,2.46867596104435,1.91884569243369,10.7483380290159,92.9132443802639
1068.4,17.8066666666667,0.139564568630332,2.47732802436044,1.92497020931509,10.8224632087062,93.404063126406
1068.6,17.81,0.139693827817263,2.48597452378525,1.93109544503937,10.896847908663,93.8957918263218
1068.8,17.8133333333333,0.139822459094565,2.49461540819573,1.93722139505176,10.9714919615855,94.3884278213688
1069,17.8166666666667,0.139950466206312,2.50325062695401,1.94334805484247,11.0463951986424,94.8819684602482
1069.2,17.82,0.140077852876756,2.51188012990438,1.94947541994617,11.121557449487,95.3764110989967
1069.4,17.8233333333333,0.140204622810404,2.52050386737027,1.95560348594162,11.1969785422717,95.8717531009752
1069.6,17.8266666666667,0.140330779692097,2.52912179015128,1.9617322484511,11.272658303662,96.3679918368572
1069.8,17.83,0.140456327187091,2.53773384952018,1.96786170314007,11.3485965588511,96.8651246846206
1070,17.8333333333333,0.140581268941135,2.54633999721993,1.97399184571665,11.4247931315738,97.3631490295327
1070.2,17.8366666666667,0.140705608580551,2.55494018546074,1.98012267193116,11.5012478441208,97.862062264142
1070.4,17.84,0.140829349712313,2.56353436691714,1.98625417757577,11.5779605173524,98.3618617882656
1070.6,17.8433333333333,0.140952495924124,2.57212249472499,1.99238635848397,11.6549309707126,98.8625450089777
1070.8,17.8466666666667,0.1410750507845,2.5807045224787,1.99851921053022,11.7321590222434,99.3641093406002
1071,17.85,0.141197017842847,2.58928040422817,2.00465272962946,11.8096444885974,99.8665522046877
1071.2,17.8533333333333,0.141318400629536,2.59785009447603,2.01078691173676,11.8873871850526,100.369871030018
1071.4,17.8566666666667,0.141439202655989,2.60641354817471,2.01692175284683,11.9653869255252,100.874063252579
1071.6,17.86,0.141559427414753,2.61497072072359,2.02305724899368,12.0436435225832,101.379126315559
1071.8,17.8633333333333,0.141679078379583,2.62352156796622,2.02919339625019,12.1221567874603,101.885057669332
1072,17.8666666666667,0.141798159005515,2.63206604618738,2.03533019072767,12.2009265300686,102.391854771447
1072.2,17.87,0.141916672728952,2.64060411211036,2.04146762857554,12.279952559012,102.899515086614
1072.4,17.8733333333333,0.142034622967736,2.64913572289411,2.04760570598087,12.3592346815995,103.408036086695
1072.6,17.8766666666667,0.142152013121233,2.65766083613048,2.05374441916804,12.438772703858,103.917415250687
1072.8,17.88,0.142268846570406,2.66617940984146,2.05988376439835,12.5185664305454,104.427650064715
1073,17.8833333333333,0.142385126677897,2.67469140247637,2.0660237379696,12.5986156651637,104.938738022015
1073.2,17.8866666666667,0.142500856788105,2.68319677290917,2.07216433621578,12.6789202099712,105.450676622921
1073.4,17.89,0.142616040227263,2.69169548043568,2.07830555550663,12.7594798659958,105.963463374856
1073.6,17.8933333333333,0.142730680303519,2.7001874847709,2.08444739224734,12.8402944330473,106.477095792315
1073.8,17.8966666666667,0.142844780307008,2.70867274604634,2.09058984287818,12.9213637097304,106.991571396856
1074,17.9,0.14295834350994,2.71715122480721,2.09673290387407,13.0026874934565,107.506887717083
1074.2,17.9033333333333,0.143071373166667,2.72562288200986,2.10287657174432,13.0842655804565,108.023042288635
1074.4,17.9066666666667,0.14318387251377,2.73408767901908,2.10902084303222,13.1660977657932,108.540032654173
1074.6,17.91,0.143295844770131,2.74254557760543,2.11516571431471,13.2481838433733,109.057856363365
1074.8,17.9133333333333,0.143407293137012,2.75099653994265,2.12131118220207,13.3305236059597,109.576510972875
1075,17.9166666666667,0.143518220798135,2.75944052860496,2.12745724333752,13.4131168451834,110.095994046347
1075.2,17.92,0.143628630919756,2.76787750656455,2.13360389439694,13.4959633515559,110.616303154393
1075.4,17.9233333333333,0.143738526650744,2.7763074371889,2.1397511320885,13.5790629144804,111.13743587458
1075.6,17.9266666666667,0.143847911122657,2.78473028423824,2.14589895315235,13.6624153222643,111.659389791414
1075.8,17.93,0.14395678744982,2.79314601186299,2.15204735436032,13.7460203621309,112.182162496329
1076,17.9333333333333,0.144065158729403,2.80155458460117,2.15819633251557,13.8298778202308,112.705751587671
1076.2,17.9366666666667,0.144173028041493,2.80995596737585,2.16434588445225,13.9139874816535,113.230154670685
1076.4,17.94,0.144280398449179,2.81835012549269,2.17049600703525,13.9983491304392,113.755369357502
1076.6,17.9433333333333,0.144387272998617,2.82673702463733,2.17664669715984,14.08296254959,114.281393267123
1076.8,17.9466666666667,0.144493654719118,2.83511663087297,2.1827979517514,14.1678275210817,114.808224025406
1077,17.95,0.144599546623216,2.84348891063783,2.18894976776508,14.2529438258745,115.335859265053
1077.2,17.9533333333333,0.144704951706747,2.85185383074267,2.19510214218552,14.3383112439247,115.864296625594
1077.4,17.9566666666667,0.144809872948925,2.86021135836835,2.20125507202657,14.4239295541957,116.393533753374
1077.6,17.96,0.144914313312416,2.86856146106336,2.20740855433095,14.5097985346688,116.923568301537
1077.8,17.9633333333333,0.145018275743417,2.87690410674141,2.21356258617003,14.5959179623551,117.454397930014
1078,17.9666666666667,0.145121763171727,2.88523926367895,2.21971716464347,14.6822876133053,117.986020305509
1078.2,17.97,0.145224778510825,2.8935669005128,2.22587228687897,14.7689072626214,118.518433101479
1078.4,17.9733333333333,0.145327324657943,2.90188698623773,2.23202795003203,14.8557766844669,119.051633998128
1078.6,17.9766666666667,0.145429404494145,2.9101994902041,2.23818415128557,14.942895652078,119.585620682385
1078.8,17.98,0.145531020884396,2.91850438211544,2.24434088784977,15.0302639377743,120.120390847895
1079,17.9833333333333,0.145632176677639,2.92680163202611,2.25049815696173,15.1178813129687,120.655942195
1079.2,17.9866666666667,0.145732874706873,2.93509121033896,2.25665595588521,15.2057475481787,121.192272430728
1079.4,17.99,0.145833117789221,2.94337308780296,2.26281428191039,15.2938624130361,121.729379268776
1079.6,17.9933333333333,0.145932908726006,2.95164723551091,2.26897313235356,15.3822256762981,122.267260429493
1079.8,17.9966666666667,0.146032250302829,2.9599136248971,2.27513250455692,15.4708371058573,122.805913639874
1080,18,0.146131145289634,2.96817222773503,2.2812923958883,15.5596964687516,123.345336633534
1080.2,18.0033333333333,0.146229596440792,2.97642301613509,2.28745280374086,15.6488035311747,123.885527150701
1080.4,18.0066666666667,0.146327606495165,2.98466596254233,2.29361372553292,15.7381580584862,124.426482938199
1080.6,18.01,0.146425178176184,2.99290103973412,2.29977515870764,15.8277598152214,124.968201749429
1080.8,18.0133333333333,0.14652231419192,3.00112822081801,2.30593710073282,15.9176085651018,125.510681344362
1081,18.0166666666667,0.14661901723516,3.00934747922938,2.31209954910065,16.0077040710442,126.053919489519
1081.2,18.02,0.146715289983472,3.01755878872927,2.31826250132743,16.0980460951709,126.597913957954
1081.4,18.0233333333333,0.146811135099287,3.02576212340216,2.32442595495339,16.1886343988198,127.142662529243
1081.6,18.0266666666667,0.146906555229962,3.03395745765372,2.33058990754241,16.2794687425533,127.688162989468
1081.8,18.03,0.14700155300786,3.04214476620871,2.33675435668181,16.3705488861687,128.234413131203
1082,18.0333333333333,0.147096131050413,3.05032402410871,2.34291929998211,16.4618745887075,128.781410753494
1082.2,18.0366666666667,0.147190291960203,3.05849520670998,2.34908473507681,16.5534456084644,129.329153661848
1082.4,18.04,0.147284038325024,3.06665828968133,2.35525065962216,16.6452617029974,129.87763966822
1082.6,18.0433333333333,0.147377372717961,3.07481324900192,2.36141707129692,16.7373226291368,130.42686659099
1082.8,18.0466666666667,0.147470297697454,3.08296006095921,2.36758396780218,16.829628142995,130.976832254956
1083,18.05,0.147562815807376,3.09109870214674,2.37375134686111,16.9221779999746,131.527534491315
1083.2,18.0533333333333,0.147654929577096,3.0992291494621,2.37991920621873,17.0149719547789,132.078971137647
1083.4,18.0566666666667,0.147746641521554,3.10735138010477,2.38608754364175,17.1080097614201,132.6311400379
1083.6,18.06,0.147837954141329,3.11546537157408,2.3922563569183,17.2012911732285,133.184039042377
1083.8,18.0633333333333,0.147928869922711,3.12357110166713,2.39842564385778,17.2948159428622,133.73766600772
1084,18.0666666666667,0.148019391337767,3.13166854847669,2.40459540229058,17.3885838223148,134.29201879689
1084.2,18.07,0.148109520844414,3.13975769038916,2.41076563006793,17.4825945629253,134.847095279159
1084.4,18.0733333333333,0.148199260886485,3.14783850608257,2.4169363250617,17.5768479153861,135.402893330089
1084.6,18.0766666666667,0.148288613893802,3.15591097452448,2.42310748516416,17.6713436297525,135.959410831519
1084.8,18.08,0.14837758228224,3.16397507497004,2.42927910828782,17.7660814554509,136.516645671551
1085,18.0833333333333,0.148466168453799,3.1720307869599,2.43545119236522,17.8610611412873,137.07459574453
1085.2,18.0866666666667,0.148554374796671,3.18007809031828,2.4416237353487,17.9562824354562,137.633258951033
1085.4,18.09,0.148642203685307,3.18811696515095,2.4477967352103,18.051745085549,138.192633197851
1085.6,18.0933333333333,0.148729657480487,3.19614739184325,2.45397018994145,18.1474488385621,138.752716397974
1085.8,18.0966666666667,0.148816738529388,3.20416935105817,2.46014409755289,18.243393440906,139.313506470579
1086,18.1,0.148903449165647,3.21218282373435,2.46631845607442,18.3395786384128,139.875001341009
1086.2,18.1033333333333,0.148989791709434,3.22018779108414,2.47249326355474,18.436004176345,140.43719894076
1086.4,18.1066666666667,0.149075768467515,3.22818423459171,2.47866851806124,18.5326697994032,141.000097207466
1086.6,18.11,0.149161381733319,3.23617213601109,2.48484421767988,18.6295752517349,141.563694084882
1086.8,18.1133333333333,0.149246633787008,3.24415147736429,2.49102036051494,18.7267202769422,142.127987522872
1087,18.1166666666667,0.149331526895538,3.25212224093938,2.49719694468891,18.8241046180898,142.69297547739
1087.2,18.12,0.149416063312729,3.26008440928859,2.50337396834224,18.9217280177128,143.258655910463
1087.4,18.1233333333333,0.14950024527933,3.26803796522648,2.50955142963324,19.0195902178253,143.825026790182
1087.6,18.1266666666667,0.149584075023084,3.27598289182803,2.51572932673787,19.1176909599272,144.392086090679
1087.8,18.13,0.149667554758794,3.28391917242681,2.52190765784958,19.2160299850133,144.959831792118
1088,18.1333333333333,0.149750686688386,3.29184679061311,2.52808642117916,19.3146070335798,145.528261880675
1088.2,18.1366666666667,0.149833473000977,3.29976573023214,2.53426561495453,19.4134218456327,146.097374348522
1088.4,18.14,0.149915915872939,3.30767597538216,2.5404452374206,19.5124741606952,146.667167193818
1088.6,18.1433333333333,0.149998017467961,3.3155775104127,2.54662528683915,19.6117637178153,147.237638420683
1088.8,18.1466666666667,0.150079779937117,3.32347031992275,2.55280576148859,19.7112902555736,147.808786039194
1089,18.15,0.150161205418927,3.33135438875897,2.55898665966386,19.8110535120904,148.38060806536
1089.2,18.1533333333333,0.150242296039422,3.33922970201387,2.56516797967626,19.9110532250332,148.953102521112
1089.4,18.1566666666667,0.150323053912206,3.3470962450241,2.57134971985327,20.011289131624,149.526267434285
1089.6,18.16,0.150403481138522,3.35495400336862,2.57753187853843,20.1117609686469,150.100100838603
1089.8,18.1633333333333,0.150483579807314,3.36280296286701,2.58371445409117,20.2124684724552,150.674600773666
1090,18.1666666666667,0.15056335199529,3.37064310957768,2.58989744488667,20.3134113789784,151.249765284928
1090.2,18.17,0.150642799766981,3.37847442979615,2.59608084931569,20.4145894237298,151.82559242369
1090.4,18.1733333333333,0.15072192517481,3.38629691005334,2.60226466578444,20.5160023418131,152.402080247078
1090.6,18.1766666666667,0.150800730259148,3.39411053711384,2.60844889271442,20.6176498679296,152.979226818029
1090.8,18.18,0.15087921704838,3.40191529797422,2.61463352854231,20.7195317363856,153.557030205278
1091,18.1833333333333,0.150957387558966,3.40971117986134,2.62081857171979,20.8216476810989,154.135488483341
1091.2,18.1866666666667,0.151035243795499,3.41749817023064,2.62700402071339,20.9239974356058,154.714599732496
1091.4,18.19,0.151112787750771,3.42527625676448,2.63318987400441,21.0265807330679,155.294362038776
1091.6,18.1933333333333,0.15119002140583,3.43304542737049,2.63937613008869,21.1293973062788,155.874773493942
1091.8,18.1966666666667,0.151266946730045,3.44080567017991,2.64556278747659,21.2324468876716,156.45583219548
1092,18.2,0.151343565681161,3.44855697354594,2.65174984469273,21.3357292093245,157.037536246576
1092.2,18.2033333333333,0.151419880205364,3.45629932604209,2.65793730027594,21.4392440029681,157.619883756104
1092.4,18.2066666666667,0.151495892237339,3.46403271646058,2.66412515277911,21.5429909999918,158.202872838613
1092.6,18.21,0.15157160370033,3.47175713381069,2.67031340076901,21.6469699314504,158.786501614305
1092.8,18.2133333333333,0.151647016506199,3.47947256731722,2.67650204282625,21.7511805280707,159.370768209029
1093,18.2166666666667,0.151722132555487,3.4871790064188,2.68269107754507,21.8556225202578,159.955670754256
1093.2,18.22,0.151796953737471,3.4948764407664,2.68888050353324,21.9602956381015,160.541207387071
1093.4,18.2233333333333,0.151871481930225,3.50256486022164,2.69507031941196,22.0651996113827,161.127376250152
1093.6,18.2266666666667,0.151945719000675,3.51024425485532,2.70126052381567,22.1703341695797,161.71417549176
1093.8,18.23,0.152019666804664,3.51791461494584,2.70745111539202,22.2756990418749,162.301603265719
1094,18.2333333333333,0.152093327187001,3.52557593097758,2.71364209280164,22.3812939571599,162.889657731404
1094.2,18.2366666666667,0.152166701981527,3.53322819363943,2.71983345471812,22.4871186440429,163.478337053723
1094.4,18.24,0.15223979301117,3.54087139382324,2.72602519982781,22.5931728308541,164.067639403104
1094.6,18.2433333333333,0.152312602087999,3.54850552262228,2.73221732682974,22.6994562456517,164.657562955478
1094.8,18.2466666666667,0.152385131013288,3.55613057132975,2.73840983443552,22.8059686162289,165.248105892266
1095,18.25,0.152457381577566,3.56374653143725,2.74460272136917,22.9127096701187,165.839266400362
1095.2,18.2533333333333,0.152529355560678,3.57135339463329,2.75079598636705,23.0196791346001,166.431042672115
1095.4,18.2566666666667,0.152601054731841,3.5789511528018,2.75698962817772,23.1268767367049,167.023432905321
1095.6,18.26,0.152672480849699,3.58653979802065,2.76318364556184,23.2343022032221,167.6164353032
1095.8,18.2633333333333,0.15274363566238,3.59411932256022,2.76937803729208,23.3419552607051,168.210048074388
1096,18.2666666666667,0.15281452090755,3.60168971888186,2.77557280215295,23.4498356354768,168.804269432916
1096.2,18.27,0.152885138312473,3.60925097963651,2.78176793894074,23.5579430536349,169.399097598196
1096.4,18.2733333333333,0.152955489594062,3.61680309766318,2.7879634464634,23.6662772410584,169.994530795011
1096.6,18.2766666666667,0.153025576458934,3.62434606598761,2.79415932354042,23.7748379234128,170.590567253491
1096.8,18.28,0.153095400603468,3.63187987782076,2.80035556900275,23.8836248261558,171.187205209107
1097,18.2833333333333,0.153164963713858,3.63940452655744,2.80655218169265,23.9926376745429,171.784442902649
1097.2,18.2866666666667,0.153234267466167,3.64692000577486,2.81274916046365,24.1018761936325,172.382278580215
1097.4,18.29,0.153303313526382,3.65442630923127,2.81894650418038,24.211340108292,172.980710493194
1097.6,18.2933333333333,0.153372103550467,3.66192343086452,2.82514421171849,24.3210291432026,173.579736898251
1097.8,18.2966666666667,0.153440639184417,3.66941136479075,2.83134228196461,24.4309430228654,174.179356057314
1098,18.3,0.153508922064313,3.67689010530292,2.83754071381614,24.5410814716059,174.779566237558
1098.2,18.3033333333333,0.153576953816372,3.6843596468695,2.84373950618123,24.6514442135798,175.380365711388
1098.4,18.3066666666667,0.153644736057005,3.6918199841331,2.84993865797867,24.7620309727784,175.981752756426
1098.6,18.31,0.153712270392863,3.69927111190911,2.85613816813776,24.8728414730332,176.583725655496
1098.8,18.3133333333333,0.153779558420896,3.70671302518436,2.86233803559826,24.9838754380218,177.186282696611
1099,18.3166666666667,0.153846601728403,3.71414571911579,2.86853825931026,25.0951325912726,177.789422172953
1099.2,18.32,0.153913401893081,3.72156918902912,2.87473883823409,25.2066126561697,178.393142382864
1099.4,18.3233333333333,0.153979960483083,3.7289834304175,2.88093977134024,25.3183153559587,178.997441629826
1099.6,18.3266666666667,0.154046279057064,3.73638843894025,2.88714105760926,25.4302404137506,179.602318222449
1099.8,18.33,0.154112359164235,3.74378421042155,2.89334269603167,25.5423875525282,180.207770474459
1100,18.3333333333333,0.154178202344415,3.75117074084909,2.89954468560788,25.6547564951497,180.813796704675
1100.2,18.3366666666667,0.154243810128081,3.75854802637283,2.90574702534807,25.7673469643544,181.420395237005
1100.4,18.34,0.154309184036416,3.76591606330371,2.91194971427213,25.880158682767,182.02756440042
1100.6,18.3433333333333,0.154374325581366,3.77327484811239,2.91815275140956,25.9931913729031,182.635302528949
1100.8,18.3466666666667,0.154439236265683,3.78062437742795,2.92435613579938,26.1064447571735,183.24360796166
1101,18.35,0.154503917582981,3.78796464803667,2.93055986649007,26.2199185578889,183.852479042643
1101.2,18.3533333333333,0.154568371017782,3.79529565688077,2.93676394253945,26.3336124972649,184.461914121001
1101.4,18.3566666666667,0.154632598045567,3.80261740105715,2.94296836301459,26.4475262974266,185.071911550832
1101.6,18.36,0.154696600132826,3.80992987781618,2.94917312699177,26.5616596804128,185.682469691212
1101.8,18.3633333333333,0.154760378737105,3.81723308456046,2.95537823355637,26.6760123681815,186.293586906188
1102,18.3666666666667,0.154823935307059,3.82452701884363,2.96158368180279,26.7905840826135,186.905261564756
1102.2,18.37,0.154887271282497,3.8318116783691,2.96778947083436,26.9053745455175,187.517492040851
1102.4,18.3733333333333,0.15495038809443,3.83908706098891,2.97399559976327,27.0203834786344,188.130276713328
1102.6,18.3766666666667,0.155013287165124,3.84635316470247,2.98020206771049,27.1356106036416,188.743613965954
1102.8,18.38,0.155075969908142,3.85360998765548,2.9864088738057,27.2510556421579,189.357502187389
1103,18.3833333333333,0.155138437728397,3.86085752813859,2.9926160171872,27.3667183157474,189.971939771172
1103.2,18.3866666666667,0.155200692022197,3.86809578458636,2.99882349700181,27.4825983459239,190.586925115708
1103.4,18.39,0.155262734177293,3.87532475557605,3.00503131240485,27.5986954541554,191.202456624253
1103.6,18.3933333333333,0.155324565572925,3.8825444398264,3.01123946256,27.7150093618682,191.8185327049
1103.8,18.3966666666667,0.155386187579872,3.88975483619662,3.01744794663929,27.8315397904515,192.435151770564
1104,18.4,0.155447601560494,3.89695594368508,3.02365676382298,27.9482864612611,193.052312238969
1104.2,18.4033333333333,0.155508808868785,3.90414776142828,3.02986591329947,28.0652490956238,193.670012532633
1104.4,18.4066666666667,0.155569810850412,3.91133028869968,3.0360753942653,28.1824274148414,194.288251078852
1104.6,18.41,0.155630608842768,3.9185035249086,3.04228520592499,28.2998211401951,194.90702630969
1104.8,18.4133333333333,0.155691204175011,3.92566746959907,3.04849534749105,28.4174299929495,195.526336661962
1105,18.4166666666667,0.155751598168118,3.93282212244875,3.05470581818385,28.5352536943563,196.14618057722
1105.2,18.42,0.15581179213492,3.93996748326779,3.06091661723157,28.6532919656586,196.76655650174
1105.4,18.4233333333333,0.155871787380159,3.94710355199778,3.06712774387013,28.7715445280948,197.387462886506
1105.6,18.4266666666667,0.155931585200523,3.95423032871062,3.07333919734312,28.8900111029023,198.008898187198
1105.8,18.43,0.155991186884696,3.96134781360748,3.07955097690175,29.0086914113223,198.630860864179
1106,18.4333333333333,0.156050593713401,3.96845600701768,3.08576308180475,29.1275851746023,199.253349382477
1106.2,18.4366666666667,0.156109806959446,3.97555490939763,3.09197551131831,29.2466921140009,199.876362211775
1106.4,18.44,0.156168827887766,3.9826445213298,3.09818826471605,29.3660119507913,200.499897826393
1106.6,18.4433333333333,0.156227657755469,3.98972484352163,3.10440134127889,29.485544406265,201.123954705279
1106.8,18.4466666666667,0.156286297811877,3.99679587680452,3.11061474029507,29.6052892017362,201.748531331994
1107,18.45,0.156344749298574,4.00385762213271,3.11682846105998,29.7252460585443,202.373626194693
1107.2,18.4533333333333,0.156403013449444,4.01091008058233,3.1230425028762,29.8454146980585,202.999237786118
1107.4,18.4566666666667,0.156461091490719,4.01795325335034,3.12925686505337,29.9657948416812,203.625364603581
1107.6,18.46,0.156518984641017,4.02498714175348,3.13547154690813,30.0863862108515,204.252005148949
1107.8,18.4633333333333,0.156576694111392,4.03201174722731,3.14168654776412,30.2071885270493,204.879157928635
1108,18.4666666666667,0.156634221105366,4.03902707132513,3.14790186695184,30.3282015117979,205.506821453579
1108.2,18.47,0.156691566818984,4.04603311571704,3.15411750380863,30.4494248866684,206.134994239237
1108.4,18.4733333333333,0.156748732440843,4.0530298821889,3.1603334576786,30.5708583732829,206.763674805567
1108.6,18.4766666666667,0.156805719152145,4.06001737264137,3.16654972791257,30.6925016933175,207.392861677016
1108.8,18.48,0.156862528126733,4.0669955890889,3.17276631386804,30.8143545685069,208.022553382506
1109,18.4833333333333,0.156919160531132,4.07396453365879,3.17898321490908,30.9364167206466,208.652748455419
1109.2,18.4866666666667,0.156975617524592,4.08092420859015,3.1852004304063,31.0586878715968,209.283445433587
1109.4,18.49,0.157031900259132,4.08787461623301,3.19141795973678,31.1811677432857,209.914642859274
1109.6,18.4933333333333,0.157088009879574,4.09481575904731,3.19763580228405,31.3038560577129,210.546339279166
1109.8,18.4966666666667,0.15714394752359,4.10174763960198,3.20385395743799,31.4267525369528,211.178533244359
1110,18.5,0.157199714321739,4.10867026057395,3.21007242459479,31.5498569031573,211.811223310339
1110.2,18.5033333333333,0.157255311397509,4.11558362474727,3.21629120315689,31.6731688785597,212.444408036976
1110.4,18.5066666666667,0.157310739867356,4.1224877350121,3.22251029253295,31.7966881854774,213.078085988505
1110.6,18.51,0.157366000840745,4.12938259436384,3.22872969213775,31.9204145463154,213.712255733516
1110.8,18.5133333333333,0.157421095420187,4.13626820590221,3.23494940139218,32.0443476835696,214.346915844944
1111,18.5166666666667,0.157476024701284,4.14314457283028,3.24116941972316,32.1684873198292,214.982064900046
1111.2,18.52,0.157530789772763,4.15001169845359,3.2473897465636,32.2928331777806,215.617701480396
1111.4,18.5233333333333,0.157585391716517,4.15686958617926,3.25361038135235,32.41738498021,216.253824171871
1111.6,18.5266666666667,0.157639831607643,4.16371823951505,3.25983132353411,32.5421424500064,216.890431564632
1111.8,18.53,0.157694110514485,4.17055766206854,3.26605257255945,32.6671053101653,217.527522253122
1112,18.5333333333333,0.157748229498665,4.17738785754614,3.2722741278847,32.7922732837907,218.165094836039
1112.2,18.5366666666667,0.15780218961513,4.18420882975227,3.27849598897193,32.9176460940987,218.803147916335
1112.4,18.54,0.157855991912182,4.19102058258851,3.28471815528886,33.0432234644202,219.441680101196
1112.6,18.5433333333333,0.157909637431522,4.19782312005263,3.29094062630886,33.1690051182037,220.08069000203
1112.8,18.5466666666667,0.157963127208284,4.20461644623786,3.2971634015109,33.294990779019,220.72017623446
1113,18.55,0.158016462271076,4.2114005653319,3.30338648037944,33.4211801705586,221.360137418302
1113.2,18.5533333333333,0.158069643642015,4.21817548161615,3.30960986240446,33.5475730166419,222.000572177557
1113.4,18.5566666666667,0.158122672336762,4.22494119946484,3.31583354708134,33.6741690412172,222.641479140398
1113.6,18.56,0.158175549364567,4.23169772334416,3.32205753391087,33.8009679683646,223.282856939157
1113.8,18.5633333333333,0.158228275728295,4.23844505781148,3.3282818223992,33.9279695222993,223.924704210313
1114,18.5666666666667,0.158280852424473,4.24518320751446,3.33450641205774,34.0551734273735,224.567019594477
1114.2,18.57,0.158333280443319,4.25191217719024,3.34073130240317,34.1825794080795,225.20980173638
1114.4,18.5733333333333,0.158385560768781,4.25863197166464,3.34695649295735,34.3101871890528,225.853049284863
1114.6,18.5766666666667,0.158437694378574,4.26534259585134,3.35318198324733,34.4379964950736,226.496760892858
1114.8,18.58,0.158489682244216,4.27204405475104,3.35940777280526,34.5660070510711,227.140935217385
1115,18.5833333333333,0.15854152533106,4.27873635345068,3.36563386116835,34.6942185821245,227.78557091953
1115.2,18.5866666666667,0.158593224598336,4.28541949712266,3.37186024787886,34.8226308134664,228.430666664438
1115.4,18.59,0.158644780999179,4.29209349102398,3.378086932484,34.9512434704852,229.076221121299
1115.6,18.5933333333333,0.158696195480671,4.29875834049551,3.38431391453593,35.0800562787276,229.722232963334
1115.8,18.5966666666667,0.15874746898387,4.30541405096121,3.39054119359172,35.2090689639014,230.368700867785
1116,18.6,0.158798602443851,4.3120606279273,3.39676876921329,35.3382812518777,231.015623515902
1116.2,18.6033333333333,0.158849596789736,4.31869807698153,3.40299664096737,35.467692868693,231.66299959293
1116.4,18.6066666666667,0.158900452944728,4.32532640379239,3.40922480842543,35.5973035405524,232.310827788094
1116.6,18.61,0.158951171826149,4.33194561410834,3.41545327116372,35.7271129938314,232.959106794592
1116.8,18.6133333333333,0.159001754345474,4.33855571375711,3.42168202876314,35.857120955079,233.607835309581
1117,18.6166666666667,0.15905220140836,4.34515670864486,3.42791108080926,35.9873271510193,234.25701203416
1117.2,18.62,0.159102513914685,4.35174860475548,3.43414042689224,36.117731308554,234.906635673367
1117.4,18.6233333333333,0.159152692758579,4.35833140814985,3.44037006660682,36.2483331547653,235.556704936155
1117.6,18.6266666666667,0.159202738828458,4.36490512496508,3.44659999955226,36.3791324169173,236.20721853539
1117.8,18.63,0.159252653007059,4.37146976141382,3.45283022533232,36.5101288224595,236.858175187835
1118,18.6333333333333,0.159302436171468,4.37802532378345,3.45906074355521,36.6413220990277,237.509573614138
1118.2,18.6366666666667,0.15935208919316,4.38457181843543,3.46529155383353,36.7727119744471,238.161412538817
1118.4,18.64,0.159401612938026,4.39110925180457,3.47152265578429,36.9042981767343,238.813690690254
1118.6,18.6433333333333,0.159451008266408,4.39763763039828,3.47775404902879,37.0360804340993,239.466406800677
1118.8,18.6466666666667,0.159500276033131,4.4041569607959,3.48398573319269,37.1680584749484,240.119559606154
1119,18.65,0.159549417087536,4.41066724964796,3.49021770790586,37.3002320278853,240.773147846575
1119.2,18.6533333333333,0.15959843227351,4.41716850367552,3.49644997280242,37.432600821714,241.427170265643
1119.4,18.6566666666667,0.15964732242952,4.42366072966943,3.50268252752067,37.5651645854404,242.081625610865
1119.6,18.66,0.159696088388645,4.43014393448967,3.50891537170307,37.6979230482747,242.736512633532
1119.8,18.6633333333333,0.159744730978604,4.43661812506468,3.51514850499621,37.8308759396339,243.391830088717
1120,18.6666666666667,0.159793251021792,4.44308330839063,3.52138192705073,37.9640229891428,244.047576735257
1120.2,18.67,0.159841649335309,4.44953949153078,3.52761563752134,38.0973639266368,244.70375133574
1120.4,18.6733333333333,0.159889926730991,4.45598668161478,3.53384963606677,38.2308984821637,245.360352656501
1120.6,18.6766666666667,0.159938084015439,4.46242488583804,3.54008392234969,38.3646263859854,246.017379467599
1120.8,18.68,0.159986121990057,4.46885411146105,3.54631849603677,38.4985473685807,246.674830542819
1121,18.6833333333333,0.160034041451071,4.4752743658087,3.55255335679854,38.6326611606464,247.332704659647
1121.2,18.6866666666667,0.160081843189572,4.48168565626964,3.55878850430944,38.7669674930995,247.991000599266
1121.4,18.69,0.160129527991535,4.48808799029565,3.56502393824773,38.9014660970791,248.649717146545
1121.6,18.6933333333333,0.160177096637858,4.49448137540098,3.57125965829549,39.0361567039483,249.308853090021
1121.8,18.6966666666667,0.160224549904386,4.5008658191617,3.5774956641386,39.1710390452964,249.968407221896
1122,18.7,0.160271888561945,4.50724132921508,3.58373195546665,39.3061128529402,250.628378338019
1122.2,18.7033333333333,0.160319113376367,4.51360791325893,3.58996853197295,39.4413778589261,251.288765237877
1122.4,18.7066666666667,0.160366225108523,4.51996557905101,3.59620539335451,39.5768337955317,251.949566724584
1122.6,18.71,0.160413224514353,4.52631433440837,3.60244253931197,39.712480395268,252.610781604866
1122.8,18.7133333333333,0.160460112344892,4.53265418720679,3.60867996954962,39.8483173908811,253.272408689059
1123,18.7166666666667,0.1605068893463,4.53898514538007,3.6149176837753,39.9843445153536,253.934446791085
1123.2,18.72,0.160553556259893,4.5453072169195,3.62115568170042,40.1205615019065,254.59689472845
1123.4,18.7233333333333,0.160600113822169,4.55162040987324,3.62739396303993,40.2569680840011,255.25975132223
1123.6,18.7266666666667,0.160646562764838,4.55792473234567,3.63363252751227,40.3935639953402,255.923015397057
1123.8,18.73,0.160692903814849,4.56422019249685,3.63987137483933,40.5303489698709,256.586685781114
1124,18.7333333333333,0.160739137694421,4.5705067985419,3.64611050474647,40.6673227417849,257.250761306117
1124.2,18.7366666666667,0.160785265121067,4.57678455875039,3.65234991696243,40.8044850455209,257.915240807309
1124.4,18.74,0.160831286807627,4.5830534814458,3.65858961121933,40.9418356157662,258.580123123446
1124.6,18.7433333333333,0.160877203462291,4.5893135750049,3.66482958725265,41.0793741874578,259.245407096786
1124.8,18.7466666666667,0.160923015788629,4.59556484785719,3.6710698448012,41.2171004957853,259.911091573082
1125,18.75,0.160968724485619,4.60180730848432,3.67731038360706,41.3550142761907,260.577175401565
1125.2,18.7533333333333,0.161014330247672,4.60804096541951,3.68355120341559,41.4931152643712,261.243657434936
1125.4,18.7566666666667,0.161059833764662,4.61426582724702,3.68979230397539,41.6314031962802,261.910536529355
1125.6,18.76,0.161105235721951,4.62048190260152,3.69603368503824,41.7698778081292,262.577811544431
1125.8,18.7633333333333,0.161150536800416,4.62668920016763,3.70227534635914,41.9085388363892,263.24548134321
1126,18.7666666666667,0.161195737676478,4.63288772867926,3.70851728769623,42.0473860177919,263.913544792163
1126.2,18.77,0.161240839022126,4.63907749691913,3.71475950881078,42.1864190893313,264.582000761178
1126.4,18.7733333333333,0.161285841504944,4.64525851371822,3.72100200946713,42.3256377882655,265.250848123547
1126.6,18.7766666666667,0.161330745788138,4.65143078795517,3.72724478943274,42.4650418521177,265.920085755953
1126.8,18.78,0.161375552530562,4.65759432855581,3.7334878484781,42.6046310186781,266.589712538468
1127,18.7833333333333,0.161420262386745,4.6637491444926,3.73973118637672,42.7444050260046,267.259727354532
1127.2,18.7866666666667,0.161464876006914,4.66989524478406,3.7459748029051,42.8843636124249,267.930129090947
1127.4,18.79,0.161509394037022,4.67603263849432,3.75221869784272,43.0245065165376,268.600916637869
1127.6,18.7933333333333,0.161553817118774,4.6821613347325,3.75846287097201,43.1648334772133,269.272088888791
1127.8,18.7966666666667,0.161598145889652,4.6882813426523,3.76470732207831,43.3053442335967,269.943644740539
1128,18.8,0.161642380982938,4.69439267145138,3.77095205094986,43.446038525107,270.615583093256
1128.2,18.8033333333333,0.161686523027743,4.7004953303709,3.77719705737777,43.5869160914398,271.287902850395
1128.4,18.8066666666667,0.161730572649029,4.70658932869503,3.783442341156,43.7279766725683,271.960602918708
1128.6,18.81,0.161774530467637,4.71267467575036,3.78968790208131,43.8692200087443,272.633682208233
1128.8,18.8133333333333,0.161818397100308,4.71875138090551,3.7959337399533,44.0106458405003,273.307139632288
1129,18.8166666666667,0.161862173159711,4.72481945357054,3.80217985457431,44.1522539086495,273.980974107458
1129.2,18.82,0.161905859254464,4.73087890319651,3.80842624574943,44.2940439542882,274.655184553581
1129.4,18.8233333333333,0.161949455989163,4.73692973927495,3.8146729132865,44.4360157187962,275.329769893747
1129.6,18.8266666666667,0.161992963964403,4.74297197133738,3.82091985699604,44.5781689438383,276.004729054276
1129.8,18.83,0.162036383776802,4.74900560895488,3.82716707669127,44.7205033713662,276.680060964721
1130,18.8333333333333,0.162079716019025,4.75503066173751,3.83341457218805,44.8630187436183,277.355764557845
1130.2,18.8366666666667,0.162122961279812,4.76104713933391,3.83966234330489,45.0057148031218,278.031838769619
1130.4,18.84,0.162166120143996,4.7670550514308,3.8459103898629,45.1485912926938,278.708282539209
1130.6,18.8433333333333,0.162209193192528,4.7730544077525,3.85215871168577,45.291647955442,279.385094808963
1130.8,18.8466666666667,0.162252181002504,4.77904521806049,3.8584073085998,45.4348845347665,280.062274524411
1131,18.85,0.162295084147184,4.78502749215289,3.86465618043379,45.5783007743602,280.73982063424
1131.2,18.8533333333333,0.162337903196016,4.79100123986408,3.87090532701909,45.7218964182104,281.417732090298
1131.4,18.8566666666667,0.162380638714664,4.79696647106416,3.87715474818955,45.8656712105995,282.096007847574
1131.6,18.86,0.162423291265022,4.80292319565854,3.88340444378148,46.0096248961064,282.774646864193
1131.8,18.8633333333333,0.162465861405245,4.80887142358751,3.88965441363368,46.1537572196075,283.453648101406
1132,18.8666666666667,0.162508349689768,4.81481116482573,3.89590465758737,46.2980679262777,284.133010523577
1132.2,18.87,0.162550756669327,4.82074242938183,3.90215517548619,46.442556761591,284.812733098177
1132.4,18.8733333333333,0.162593082890985,4.82666522729796,3.90840596717619,46.5872234713224,285.49281479577
1132.6,18.8766666666667,0.162635328898154,4.83257956864933,3.91465703250578,46.7320678015479,286.173254590006
1132.8,18.88,0.162677495230613,4.83848546354384,3.92090837132574,46.8770894986468,286.854051457612
1133,18.8833333333333,0.162719582424535,4.84438292212154,3.92715998348917,47.022288309301,287.535204378378
1133.2,18.8866666666667,0.162761591012506,4.85027195455429,3.93341186885152,47.1676639804974,288.216712335153
1133.4,18.89,0.162803521523549,4.85615257104533,3.93966402727049,47.313216259528,288.898574313829
1133.6,18.8933333333333,0.162845374483142,4.86202478182878,3.94591645860608,47.4589448939912,289.580789303336
1133.8,18.8966666666667,0.162887150413246,4.86788859716932,3.95216916272056,47.604849631793,290.263356295632
1134,18.9,0.162928849832317,4.8737440273617,3.95842213947842,47.750930221147,290.94627428569
1134.2,18.9033333333333,0.162970473255337,4.87959108273036,3.96467538874638,47.8971864105763,291.629542271491
1134.4,18.9066666666667,0.16301202119383,4.88542977362903,3.97092891039336,48.0436179489136,292.313159254015
1134.6,18.91,0.163053494155883,4.89126011044025,3.97718270429043,48.1902245853026,292.997124237229
1134.8,18.9133333333333,0.16309489264617,4.8970821035751,3.98343677031087,48.337006069199,293.68143622808
1135,18.9166666666667,0.163136217165969,4.90289576347265,3.98969110833008,48.4839621503705,294.366094236484
1135.2,18.92,0.163177468213185,4.90870110059965,3.99594571822557,48.6310925788986,295.051097275317
1135.4,18.9233333333333,0.16321864628237,4.91449812545013,4.002200599877,48.7783971051786,295.736444360405
1135.6,18.9266666666667,0.163259751864747,4.92028684854496,4.00845575316606,48.9258754799211,296.422134510515
1135.8,18.93,0.163300785448222,4.92606728043152,4.01471117797658,49.0735274541528,297.108166747346
1136,18.9333333333333,0.163341747517413,4.93183943168328,4.02096687419438,49.2213527792164,297.79454009552
1136.2,18.9366666666667,0.163382638553666,4.93760331289938,4.02722284170735,49.3693512067724,298.481253582571
1136.4,18.94,0.163423459035075,4.94335893470434,4.0334790804054,49.5175224887994,299.168306238936
1136.6,18.9433333333333,0.163464209436503,4.94910630774759,4.03973559018041,49.6658663775947,299.855697097947
1136.8,18.9466666666667,0.163504890229601,4.95484544270315,4.04599237092628,49.8143826257757,300.543425195822
1137,18.95,0.163545501882829,4.96057635026924,4.05224942253886,49.9630709862799,301.231489571655
1137.2,18.9533333333333,0.163586044861473,4.9662990411679,4.05850674491595,50.1119312123659,301.919889267406
1137.4,18.9566666666667,0.163626519627669,4.97201352614464,4.06476433795727,50.2609630576143,302.608623327892
1137.6,18.96,0.163666926640417,4.97771981596805,4.07102220156448,50.410166275928,303.297690800778
1137.8,18.9633333333333,0.163707266355604,4.98341792142948,4.07728033564114,50.5595406215336,303.987090736572
1138,18.9666666666667,0.163747539226022,4.98910785334264,4.08353874009266,50.7090858489811,304.676822188609
1138.2,18.97,0.163787745701387,4.99478962254326,4.08979741482634,50.8588017131453,305.366884213046
1138.4,18.9733333333333,0.163827886228357,5.00046323988872,4.09605635975134,51.0086879692263,306.057275868853
1138.6,18.9766666666667,0.163867961250554,5.00612871625774,4.10231557477863,51.1587443727497,306.7479962178
1138.8,18.98,0.163907971208579,5.01178606254998,4.10857505982103,51.3089706795683,307.439044324456
1139,18.9833333333333,0.163947916540033,5.01743528968574,4.11483481479313,51.4593666458615,308.130419256174
1139.2,18.9866666666667,0.163987797679533,5.02307640860557,4.12109483961132,51.6099320281367,308.822120083081
1139.4,18.99,0.164027615058734,5.02870943026997,4.12735513419377,51.7606665832294,309.514145878075
1139.6,18.9933333333333,0.164067369106344,5.03433436565902,4.1336156984604,51.9115700683043,310.206495716808
1139.8,18.9966666666667,0.164107060248145,5.03995122577208,4.13987653233287,52.0626422408557,310.899168677688
1140,19,0.16414668890701,5.04556002162741,4.14613763573457,52.213882858708,311.59216384186
1140.2,19.0033333333333,0.164186255502918,5.05116076426188,4.1523990085906,52.365291680016,312.285480293203
1140.4,19.0066666666667,0.164225760452978,5.05675346473062,4.15866065082776,52.5168684632661,312.979117118318
1140.6,19.01,0.16426520417144,5.0623381341067,4.1649225623745,52.6686129672761,313.673073406521
1140.8,19.0133333333333,0.164304587069718,5.06791478348082,4.171184743161,52.8205249511968,314.367348249836
1141,19.0166666666667,0.164343909556406,5.07348342396096,4.17744719311904,52.9726041745111,315.061940742985
1141.2,19.02,0.164383172037295,5.07904406667207,4.18370991218205,53.1248503970357,315.756849983376
1141.4,19.0233333333333,0.164422374915388,5.08459672275578,4.1899729002851,53.277263378921,316.4520750711
1141.6,19.0266666666667,0.164461518590924,5.09014140337006,4.19623615736484,53.4298428806516,317.147615108916
1141.8,19.03,0.164500603461387,5.09567811968892,4.20249968335955,53.5825886630477,317.843469202252
1142,19.0333333333333,0.164539629921529,5.10120688290209,4.20876347820907,53.7355004872641,318.539636459185
1142.2,19.0366666666667,0.164578598363384,5.10672770421472,4.21502754185481,53.8885781147916,319.236115990443
1142.4,19.04,0.164617509176289,5.11224059484709,4.22129187423974,54.0418213074573,319.932906909387
1142.6,19.0433333333333,0.164656362746892,5.11774556603428,4.22755647530835,54.1952298274249,320.630008332009
1142.8,19.0466666666667,0.164695159459181,5.12324262902589,4.2338213450067,54.3488034371957,321.327419376926
1143,19.05,0.164733899694488,5.12873179508574,4.24008648328233,54.5025418996082,322.025139165361
1143.2,19.0533333333333,0.164772583831515,5.13421307549158,4.24635189008428,54.6564449778388,322.723166821144
1143.4,19.0566666666667,0.164811212246346,5.13968648153478,4.25261756536308,54.8105124354028,323.421501470702
1143.6,19.06,0.164849785312464,5.14515202452004,4.25888350907075,54.9647440361537,324.120142243046
1143.8,19.0633333333333,0.164888303400768,5.15060971576514,4.26514972116076,55.1191395442851,324.819088269771
1144,19.0666666666667,0.164926766879587,5.15605956660061,4.27141620158802,55.2736987243295,325.518338685038
1144.2,19.07,0.1649651761147,5.16150158836947,4.2776829503089,55.4284213411596,326.217892625573
1144.4,19.0733333333333,0.165003531469347,5.16693579242692,4.28394996728115,55.5833071599887,326.917749230658
1144.6,19.0766666666667,0.165041833304249,5.17236219014011,4.29021725246398,55.7383559463705,327.617907642116
1144.8,19.08,0.165080081977621,5.17778079288782,4.29648480581796,55.8935674662002,328.318367004315
1145,19.0833333333333,0.16511827784519,5.18319161206021,4.30275262730506,56.0489414857142,329.019126464149
1145.2,19.0866666666667,0.165156421260208,5.18859465905852,4.30902071688864,56.2044777714907,329.720185171033
1145.4,19.09,0.165194512573468,5.19398994529483,4.31528907453338,56.36017609045,330.421542276898
1145.6,19.0933333333333,0.165232552133324,5.19937748219176,4.32155770020534,56.5160362098547,331.12319693618
1145.8,19.0966666666667,0.165270540285697,5.20475728118227,4.32782659387192,56.6720578973107,331.825148305814
1146,19.1,0.165308477374101,5.21012935370929,4.33409575550183,56.8282409207666,332.527395545222
1146.2,19.1033333333333,0.165346363739649,5.21549371122554,4.34036518506509,56.9845850485142,333.22993781631
1146.4,19.1066666666667,0.165384199721073,5.22085036519325,4.34663488253303,57.1410900491891,333.932774283457
1146.6,19.11,0.165421985654739,5.22619932708388,4.35290484787827,57.2977556917708,334.635904113507
1146.8,19.1133333333333,0.165459721874658,5.23154060837792,4.35917508107471,57.4545817455835,335.339326475765
1147,19.1166666666667,0.165497408712506,5.23687422056454,4.36544558209752,57.611567980295,336.043040541982
1147.2,19.12,0.165535046497634,5.24220017514144,4.37171635092311,57.7687141659186,336.747045486355
1147.4,19.1233333333333,0.165572635557087,5.24751848361453,4.37798738752916,57.926020072812,337.451340485513
1147.6,19.1266666666667,0.165610176215612,5.25282915749772,4.38425869189454,58.0834854716785,338.155924718511
1147.8,19.13,0.165647668795682,5.25813220831267,4.39053026399939,58.241110133567,338.860797366827
1148,19.1333333333333,0.165685113617501,5.26342764758851,4.39680210382505,58.3988938298719,339.565957614346
1148.2,19.1366666666667,0.165722510999024,5.26871548686164,4.40307421135403,58.5568363323333,340.271404647357
1148.4,19.14,0.165759861255967,5.27399573767548,4.40934658657007,58.7149374130378,340.977137654548
1148.6,19.1433333333333,0.165797164701828,5.27926841158021,4.41561922945805,58.8731968444181,341.683155826989
1148.8,19.1466666666667,0.165834421647891,5.28453352013257,4.42189214000406,59.0316143992539,342.389458358137
1149,19.15,0.16587163240325,5.2897910748956,4.42816531819531,59.1901898506711,343.096044443818
1149.2,19.1533333333333,0.165908797274815,5.29504108743841,4.43443876402018,59.3489229721429,343.802913282223
1149.4,19.1566666666667,0.16594591656733,5.30028356933595,4.44071247746818,59.5078135374894,344.510064073902
1149.6,19.16,0.165982990583388,5.30551853216878,4.44698645852994,59.666861320878,345.217496021753
1149.8,19.1633333333333,0.166020019623437,5.31074598752287,4.45326070719722,59.8260660968239,345.92520833102
1150,19.1666666666667,0.166057003985805,5.31596594698932,4.45953522346288,59.9854276401895,346.633200209279
1150.2,19.17,0.166093943966702,5.3211784221642,4.46581000732087,60.1449457261852,347.341470866435
1150.4,19.1733333333333,0.166130839860241,5.32638342464827,4.47208505876623,60.3046201303692,348.050019514712
1150.6,19.1766666666667,0.16616769195845,5.3315809660468,4.47836037779507,60.4644506286477,348.758845368646
1150.8,19.18,0.16620450055128,5.33677105796935,4.48463596440459,60.6244369972754,349.467947645082
1151,19.1833333333333,0.166241265926628,5.34195371202953,4.49091181859303,60.7845790128551,350.177325563158
1151.2,19.1866666666667,0.166277988370338,5.34712893984481,4.49718794035965,60.944876452338,350.886978344306
1151.4,19.19,0.166314668166225,5.35229675303628,4.5034643297048,61.1053290930238,351.59690521224
1151.6,19.1933333333333,0.166351305596081,5.35745716322846,4.50974098662982,61.2659367125609,352.307105392947
1151.8,19.1966666666667,0.16638790093969,5.36261018204912,4.51601791113708,61.4266990889469,353.017578114689
1152,19.2,0.166424454474841,5.367755821129,4.52229510322997,61.5876160005276,353.728322607983
1152.2,19.2033333333333,0.16646096647734,5.37289409210167,4.52857256291285,61.7486872259981,354.439338105605
1152.4,19.2066666666667,0.166497437221023,5.37802500660328,4.5348502901911,61.9099125444024,355.150623842573
1152.6,19.21,0.166533866977769,5.38314857627238,4.54112828507105,62.0712917351335,355.862179056147
1152.8,19.2133333333333,0.16657025601751,5.38826481274975,4.54740654756005,62.2328245779341,356.574002985822
1153,19.2166666666667,0.166606604608247,5.39337372767814,4.55368507766637,62.3945108528956,357.286094873314
1153.2,19.22,0.166642913016061,5.39847533270211,4.55996387539925,62.5563503404588,357.99845396256
1153.4,19.2233333333333,0.166679181505123,5.40356963946782,4.56624294076887,62.718342821414,358.711079499707
1153.6,19.2266666666667,0.166715410337708,5.40865665962285,4.57252227378635,62.8804880769005,359.423970733105
1153.8,19.23,0.166751599774209,5.413736404816,4.57880187446374,63.0427858884078,360.137126913305
1154,19.2333333333333,0.166787750073144,5.4188088866971,4.585081742814,63.2052360377742,360.850547293042
1154.2,19.2366666666667,0.166823861491173,5.42387411691683,4.59136187885102,63.3678383071878,361.56423112724
1154.4,19.24,0.166859934283107,5.42893210712649,4.59764228258956,63.530592479186,362.278177672993
1154.6,19.2433333333333,0.16689596870192,5.43398286897789,4.6039229540453,63.6934983366558,362.992386189569
1154.8,19.2466666666667,0.166931964998763,5.4390264141231,4.61020389323479,63.8565556628341,363.706855938396
1155,19.25,0.166967923422971,5.44406275421431,4.61648510017548,64.0197642413071,364.421586183057
1155.2,19.2533333333333,0.167003844222081,5.44909190090359,4.62276657488565,64.1831238560104,365.136576189283
1155.4,19.2566666666667,0.167039727641838,5.45411386584279,4.62904831738447,64.3466342912295,365.851825224948
1155.6,19.26,0.167075573926206,5.4591286606833,4.63533032769194,64.5102953315989,366.567332560056
1155.8,19.2633333333333,0.167111383317387,5.46413629707592,4.64161260582892,64.6741067621036,367.283097466747
1156,19.2666666666667,0.167147156055823,5.46913678667063,4.64789515181712,64.8380683680772,367.999119219273
1156.2,19.27,0.167182892380214,5.47413014111645,4.65417796567903,65.0021799352032,368.715397094006
1156.4,19.2733333333333,0.167218592527523,5.4791163720613,4.66046104743801,65.1664412495144,369.431930369422
1156.6,19.2766666666667,0.167254256732994,5.48409549115174,4.66674439711819,65.3308520973931,370.1487183261
1156.8,19.28,0.167289885230158,5.48906751003291,4.67302801474453,65.4954122655713,370.865760246711
1157,19.2833333333333,0.167325478250846,5.49403244034827,4.67931190034279,65.6601215411298,371.583055416015
1157.2,19.2866666666667,0.167361036025199,5.49899029373949,4.68559605393951,65.824979711499,372.300603120851
1157.4,19.29,0.167396558781679,5.50394108184626,4.69188047556199,65.9899865644586,373.018402650132
1157.6,19.2933333333333,0.167432046747083,5.50888481630611,4.69816516523832,66.1551418881369,373.736453294839
1157.8,19.2966666666667,0.167467500146546,5.51382150875433,4.70445012299739,66.3204454710124,374.454754348013
1158,19.3,0.16750291920356,5.5187511708237,4.71073534886879,66.4858971019116,375.17330510475
1158.2,19.3033333333333,0.16753830413998,5.5236738141444,4.71702084288289,66.6514965700105,375.892104862193
1158.4,19.3066666666667,0.167573655176034,5.52858945034383,4.72330660507081,66.8172436648339,376.611152919525
1158.6,19.31,0.167608972530338,5.53349809104645,4.72959263546439,66.9831381762549,377.330448577963
1158.8,19.3133333333333,0.167644256419901,5.53839974787368,4.73587893409621,67.1491798944965,378.049991140756
1159,19.3166666666667,0.167679507060138,5.54329443244363,4.74216550099957,67.3153686101291,378.76977991317
1159.2,19.32,0.167714724664881,5.54818215637106,4.74845233620847,67.4817041140722,379.489814202488
1159.4,19.3233333333333,0.167749909446387,5.55306293126719,4.75473943975765,67.6481861975936,380.210093318001
1159.6,19.3266666666667,0.167785061615349,5.55793676873951,4.76102681168252,67.8148146523093,380.930616571001
1159.8,19.33,0.167820181380907,5.56280368039173,4.7673144520192,67.981589270184,381.651383274778
1160,19.3333333333333,0.167855268950657,5.56766367782352,4.77360236080448,68.1485098435298,382.372392744612
1160.2,19.3366666666667,0.167890324530663,5.57251677263043,4.77989053807586,68.3155761650071,383.093644297762
1160.4,19.34,0.167925348325462,5.57736297640374,4.78617898387149,68.4827880276242,383.815137253468
1160.6,19.3433333333333,0.16796034053808,5.58220230073031,4.79246769823018,68.6501452247367,384.536870932936
1160.8,19.3466666666667,0.167995301370037,5.58703475719243,4.79875668119142,68.8176475500485,385.258844659341
1161,19.35,0.168030231021358,5.59186035736771,4.80504593279535,68.9852947976104,385.981057757813
1161.2,19.3533333333333,0.168065129690586,5.59667911282888,4.81133545308274,69.1530867618204,386.703509555434
1161.4,19.3566666666667,0.168099997574785,5.60149103514373,4.81762524209502,69.321023237424,387.426199381232
1161.6,19.36,0.168134834869556,5.60629613587491,4.82391529987423,69.4891040195132,388.149126566171
1161.8,19.3633333333333,0.168169641769044,5.61109442657982,4.83020562646306,69.6573289035278,388.872290443154
1162,19.3666666666667,0.168204418465944,5.6158859188105,4.83649622190482,69.8256976852532,389.595690347005
1162.2,19.37,0.168239165151517,5.62067062411344,4.84278708624341,69.994210160822,390.319325614473
1162.4,19.3733333333333,0.168273882015593,5.62544855402951,4.84907821952337,70.1628661267129,391.043195584218
1162.6,19.3766666666667,0.168308569246587,5.63021972009376,4.8553696217898,70.3316653797505,391.76729959681
1162.8,19.38,0.1683432270315,5.63498413383538,4.86166129308844,70.5006077171062,392.491636994723
1163,19.3833333333333,0.168377855555934,5.63974180677749,4.8679532334656,70.6696929362966,393.216207122324
1163.2,19.3866666666667,0.168412455004102,5.64449275043706,4.87424544296817,70.838920835184,393.941009325873
1163.4,19.39,0.16844702555883,5.64923697632476,4.88053792164361,71.0082912119764,394.666042953514
1163.6,19.3933333333333,0.168481567401573,5.65397449594485,4.88683066953996,71.1778038652266,395.391307355265
1163.8,19.3966666666667,0.168516080712423,5.65870532079507,4.89312368670585,71.3474585938333,396.116801883024
1164,19.4,0.168550565670113,5.66342946236648,4.89941697319042,71.5172551970393,396.842525890549
1164.2,19.4033333333333,0.16858502245203,5.66814693214336,4.90571052904339,71.6871934744325,397.56847873346
1164.4,19.4066666666667,0.168619451234226,5.6728577416031,4.91200435431504,71.8572732259452,398.294659769232
1164.6,19.41,0.168653852191418,5.67756190221606,4.91829844905616,72.0274942518535,399.021068357187
1164.8,19.4133333333333,0.168688225497007,5.68225942544548,4.9245928133181,72.1978563527786,399.747703858494
1165,19.4166666666667,0.168722571323079,5.68695032274733,4.93088744715273,72.3683593296847,400.474565636154
1165.2,19.42,0.168756889840418,5.69163460557022,4.93718235061244,72.5390029838797,401.201653055
1165.4,19.4233333333333,0.168791181218511,5.69631228535527,4.94347752375016,72.7097871170152,401.928965481692
1165.6,19.4266666666667,0.168825445625559,5.70098337353601,4.9497729666193,72.8807115310856,402.656502284705
1165.8,19.43,0.168859683228486,5.70564788153828,4.95606867927381,73.0517760284289,403.384262834334
1166,19.4333333333333,0.168893894192945,5.71030582078006,4.96236466176813,73.2229804117251,404.112246502678
1166.2,19.4366666666667,0.168928078683325,5.71495720267143,4.96866091415718,73.3943244839971,404.840452663636
1166.4,19.44,0.168962236862766,5.71960203861442,4.97495743649638,73.5658080486098,405.568880692906
1166.6,19.4433333333333,0.168996368893158,5.72424034000292,4.98125422884166,73.7374309092701,406.297529967977
1166.8,19.4466666666667,0.169030474935156,5.72887211822257,4.9875512912494,73.9091928700272,407.026399868121
1167,19.45,0.169064555148187,5.73349738465065,4.99384862377646,74.0810937352711,407.755489774391
1167.2,19.4533333333333,0.169098609690454,5.73811615065596,5.00014622648019,74.2531333097333,408.484799069612
1167.4,19.4566666666667,0.169132638718949,5.74272842759875,5.00644409941838,74.4253113984864,409.214327138378
1167.6,19.46,0.169166642389459,5.7473342268306,5.01274224264928,74.5976278069435,409.944073367043
1167.8,19.4633333333333,0.169200620856571,5.75193355969433,5.01904065623163,74.7700823408588,410.674037143722
1168,19.4666666666667,0.169234574273685,5.75652643752385,5.02533934022457,74.942674806326,411.404217858277
1168.2,19.47,0.169268502793018,5.76111287164412,5.03163829468771,75.115405009779,412.134614902318
1168.4,19.4733333333333,0.169302406565615,5.76569287337105,5.0379375196811,75.2882727579914,412.865227669193
1168.6,19.4766666666667,0.169336285741351,5.77026645401135,5.04423701526521,75.4612778580761,413.596055553986
1168.8,19.48,0.169370140468946,5.77483362486248,5.05053678150096,75.6344201174857,414.32709795351
1169,19.4833333333333,0.169403970895967,5.77939439721253,5.05683681844967,75.8076993440108,415.058354266302
1169.2,19.4866666666667,0.169437777168838,5.78394878234015,5.0631371261731,75.9811153457812,415.789823892615
1169.4,19.49,0.169471559432846,5.78849679151443,5.06943770473341,76.1546679312646,416.521506234415
1169.6,19.4933333333333,0.16950531783215,5.7930384359948,5.07573855419317,76.3283569092667,417.253400695377
1169.8,19.4966666666667,0.16953905250979,5.79757372703101,5.08203967461536,76.5021820889315,417.985506680876
1170,19.5,0.169572763607687,5.80210267586292,5.08834106606337,76.6761432797399,418.717823597985
1170.2,19.5033333333333,0.169606451266661,5.80662529372051,5.09464272860095,76.8502402915098,419.450350855466
1170.4,19.5066666666667,0.16964011562643,5.81114159182376,5.10094466229229,77.0244729343962,420.183087863768
1170.6,19.51,0.169673756825619,5.81565158138253,5.10724686720191,77.1988410188905,420.916034035018
1170.8,19.5133333333333,0.169707375001771,5.82015527359652,5.11354934339477,77.3733443558206,421.649188783023
1171,19.5166666666667,0.169740970291348,5.82465267965517,5.11985209093617,77.5479827563501,422.382551523254
1171.2,19.52,0.169774542829745,5.82914381073755,5.12615510989178,77.722756031978,423.116121672849
1171.4,19.5233333333333,0.16980809275129,5.8336286780123,5.13245840032765,77.8976639945389,423.849898650606
1171.6,19.5266666666667,0.169841620189257,5.83810729263753,5.13876196231018,78.072706456202,424.583881876973
1171.8,19.53,0.169875125275868,5.84257966576077,5.14506579590615,78.247883229472,425.318070774053
1172,19.5333333333333,0.169908608142304,5.84704580851884,5.15136990118269,78.423194127187,426.052464765586
1172.2,19.5366666666667,0.16994206891871,5.85150573203781,5.15767427820725,78.5986389625197,426.787063276953
1172.4,19.54,0.169975507734202,5.8559594474329,5.16397892704766,78.7742175489761,427.521865735169
1172.6,19.5433333333333,0.170008924716872,5.86040696580838,5.17028384777207,78.9499297003958,428.256871568874
1172.8,19.5466666666667,0.170042319993799,5.86484829825755,5.17658904044899,79.1257752309517,428.992080208334
1173,19.55,0.170075693691051,5.86928345586261,5.18289450514724,79.3017539551489,429.72749108543
1173.2,19.5533333333333,0.170109045933696,5.87371244969461,5.18920024193597,79.4778656878253,430.463103633657
1173.4,19.5566666666667,0.170142376845805,5.87813529081334,5.19550625088466,79.6541102441505,431.198917288116
1173.6,19.56,0.17017568655046,5.8825519902673,5.2018125320631,79.8304874396259,431.934931485511
1173.8,19.5633333333333,0.170208975169761,5.8869625590936,5.20811908554143,80.0069970900848,432.671145664143
1174,19.5666666666667,0.170242242824833,5.8913670083179,5.21442591139007,80.1836390116907,433.407559263906
1174.2,19.57,0.17027548963583,5.8957653489543,5.22073300967974,80.3604130209384,434.144171726281
1174.4,19.5733333333333,0.170308715721943,5.90015759200533,5.22704038048148,80.5373189346526,434.880982494329
1174.6,19.5766666666667,0.170341921201407,5.90454374846181,5.23334802386663,80.7143565699881,435.617991012691
1174.8,19.58,0.170375106191506,5.90892382930285,5.23965593990683,80.8915257444298,436.355196727578
1175,19.5833333333333,0.170408270808582,5.91329784549573,5.245964128674,81.0688262757913,437.092599086771
1175.2,19.5866666666667,0.170441415168036,5.91766580799582,5.25227259024035,81.2462579822154,437.830197539609
1175.4,19.59,0.170474539384339,5.92202772774658,5.25858132467838,81.4238206821733,438.567991536993
1175.6,19.5933333333333,0.170507643571037,5.92638361567941,5.26489033206085,81.6015141944645,439.305980531371
1175.8,19.5966666666667,0.170540727840755,5.93073348271367,5.27119961246083,81.7793383382166,440.044163976745
1176,19.6,0.170573792305208,5.93507733975653,5.27750916595163,81.9572929328844,440.782541328655
1176.2,19.6033333333333,0.1706068370752,5.93941519770295,5.28381899260684,82.1353777982498,441.52111204418
1176.4,19.6066666666667,0.170639862260635,5.94374706743561,5.29012909250033,82.3135927544216,442.259875581932
1176.6,19.61,0.170672867970525,5.94807295982485,5.29643946570621,82.4919376218348,442.998831402051
1176.8,19.6133333333333,0.170705854312988,5.9523928857286,5.30275011229885,82.6704122212508,443.737978966202
1177,19.6166666666667,0.170738821395262,5.95670685599232,5.30906103235288,82.8490163737564,444.477317737565
1177.2,19.62,0.170771769323705,5.96101488144893,5.31537222594318,83.0277499007635,445.216847180837
1177.4,19.6233333333333,0.170804698203807,5.96531697291878,5.32168369314487,83.2066126240091,445.956566762223
1177.6,19.6266666666667,0.170837608140189,5.96961314120952,5.32799543403331,83.3856043655545,446.69647594943
1177.8,19.63,0.170870499236612,5.97390339711615,5.33430744868412,83.5647249477857,447.436574211668
1178,19.6333333333333,0.170903371595985,5.97818775142086,5.34061973717313,83.743974193412,448.176861019641
1178.2,19.6366666666667,0.170936225320367,5.98246621489301,5.34693229957641,83.9233519254659,448.91733584554
1178.4,19.64,0.170969060510973,5.9867387982891,5.35324513597026,84.1028579673033,449.657998163045
1178.6,19.6433333333333,0.171001877268182,5.99100551235266,5.35955824643121,84.2824921426022,450.398847447315
1178.8,19.6466666666667,0.171034675691542,5.99526636781424,5.36587163103602,84.4622542753636,451.139883174986
1179,19.65,0.171067455879771,5.99952137539134,5.37218528986163,84.6421441899096,451.881104824165
1179.2,19.6533333333333,0.17110021793077,6.00377054578833,5.37849922298524,84.8221617108841,452.622511874426
1179.4,19.6566666666667,0.171132961941624,6.00801388969644,5.38481343048422,85.0023066632517,453.364103806803
1179.6,19.66,0.171165688008607,6.01225141779368,5.39112791243618,85.1825788722979,454.105880103791
1179.8,19.6633333333333,0.171198396227189,6.01648314074479,5.39744266891893,85.3629781636285,454.847840249337
1180,19.6666666666667,0.171231086692041,6.02070906920119,5.40375770001046,85.543504363169,455.589983728835
1182,19.7,0.171557310435431,6.06278049800776,5.4669169391341,87.3528832758557,463.017354436613
1184,19.7333333333333,0.171881588198302,6.10427918845148,5.53010369960593,89.1748404691689,470.462726784772
1186,19.7666666666667,0.172204192179919,6.14521549729179,5.5933180662569,91.0092048961235,477.925600043333
1188,19.8,0.172525234797716,6.18559978240654,5.65656010998105,92.8558086205325,485.405487411397
1190,19.8333333333333,0.172844515002651,6.22544231261906,5.71982962279106,94.7144868053568,492.901915644114
1192,19.8666666666667,0.1731545215685,6.26475380897778,5.78311894810171,96.5850776626225,500.414426490733
1194,19.9,0.173252942208059,6.30356066073864,5.84622213553056,98.4674220400976,507.942625620283
1196,19.9333333333333,0.174503844718998,6.34231092764406,5.91102858472528,100.361353486494,515.487704759988
1198,19.9666666666667,0.175369604296932,6.38138562877896,5.97610172107156,102.266941553436,523.052900807971
1200,20,0.176050837788096,6.42043347397814,6.04127545261529,104.18425416406,530.638204472097
1202,20.0333333333333,0.176665076332684,6.45930780506763,6.10652828252662,106.11326946529,538.243238631489
1204,20.0666666666667,0.177248828345198,6.49795748387322,6.17185356727508,108.053930657135,545.867583079047
1206,20.1,0.177812403537043,6.53636029165442,6.237246652718,110.006168418466,553.510808791368
1208,20.1333333333333,0.178358982072356,6.57450238828648,6.30270354204683,111.969907571473,561.17248327275
1210,20.1666666666667,0.178889907181214,6.61237278473702,6.36822071027122,113.945069047062,568.852172766415
1212,20.2,0.179406055425578,6.64996190999208,6.43379503851736,115.931570597832,576.549443913413
1214,20.2333333333333,0.179908179851522,6.68726123098974,6.4994237657934,117.929327186203,584.263865144866
1216,20.2666666666667,0.180396992533645,6.72426313523858,6.56510444740893,119.938251284867,591.995007862663
1218,20.3,0.180873182266341,6.76096087639457,6.63083491838533,121.958253148412,599.742447437554
1220,20.3333333333333,0.181337416651643,6.7973485333554,6.69661326117346,123.98924107002,607.50576404813
1222,20.3666666666667,0.181790340840295,6.83342097115521,6.76243777715503,126.031121626133,615.284543381094
1224,20.4,0.182232575909224,6.86917380129265,6.82830696147505,128.083799909339,623.078377210674
1226,20.4333333333333,0.182664717547649,6.90460334137173,6.89421948080811,130.14717974931,630.886863872847
1228,20.4666666666667,0.183087335155842,6.93970657441643,6.96017415370957,132.221163921596,638.709608648105
1230,20.5,0.183500971327053,6.97448110827015,7.02616993324436,134.305654344206,646.546224064805
1232,20.5333333333333,0.183906141657327,7.00892513544427,7.09220589162364,136.400552262041,654.396330133641
1234,20.5666666666667,0.18430333482808,7.04303739371666,7.15828120661169,138.505758419331,662.259554522505
1236,20.6,0.184693012912124,7.07681712772141,7.22439514949397,140.621173220319,670.135532679828
1238,20.6333333333333,0.185075611860336,7.11026405171846,7.29054707442267,142.746696878505,678.023907913499
1240,20.6666666666667,0.185451542132185,7.14337831368721,7.35673640897776,144.882229554827,685.924331431595
1242,20.7,0.185821189438667,7.17616046084966,7.42296264580111,147.027671485161,693.836462350352
1244,20.7333333333333,0.186184915570891,7.2086114066968,7.48922533517829,149.182923097597,701.759967674148
1246,20.7666666666667,0.186543059291593,7.24073239956462,7.5555240784575,151.347885119942,709.694522251664
1248,20.8,0.18689593727043,7.27252499278371,7.62185852220832,153.522458677901,717.639808711881
1250,20.8333333333333,0.187243845046933,7.30399101640768,7.68822835303458,155.706545384436,725.595517383072
1252,20.8666666666667,0.187587058007684,7.33513255051019,7.75463329296571,157.900047420747,733.561346197602
1254,20.9,0.187925832366553,7.36595190002804,7.82107309535989,160.102867609365,741.537000584938
1256,20.9333333333333,0.188260406138821,7.39645157111746,7.88754754126034,162.314909479819,749.522193354995
1258,20.9666666666667,0.188591000101712,7.42663424898305,7.95405643615281,164.536077327304,757.516644573664
1260,21,0.188917818735332,7.45650277713257,8.0205996070785,166.766276264821,765.520081432117
1262,21.0333333333333,0.18924105113923,7.4860601380061,8.08717690006217,169.005412269188,773.532238111282
1264,21.0666666666667,0.189560871920915,7.51530943492483,8.1537881778195,171.253392221346,781.552855642696
1266,21.1,0.189877442053528,7.54425387530259,8.2204333177125,173.51012394134,789.581681766781
1268,21.1333333333333,0.190190909700654,7.57289675506155,8.28711220992486,175.775516218357,797.618470789445
1270,21.1666666666667,0.19050141100692,7.60124144419351,8.35382475583279,178.049478836175,805.662983437776
1272,21.2,0.190809070853544,7.62929137340771,8.4205708665495,180.331922594366,813.714986715509
1274,21.2333333333333,0.191114003578483,7.65705002180692,8.48735046162405,182.622759325567,821.774253758828
1276,21.2666666666667,0.19141631366118,7.6845209055347,8.55416346787755,184.921901909128,829.840563692997
1278,21.3,0.191716096372229,7.7117075673377,8.62100981836161,187.229264281429,837.913701490215
1280,21.3333333333333,0.192013438388535,7.73861356698872,8.68788945142561,189.544761443125,845.993457829074
1282,21.3666666666667,0.192308418374733,7.76524247251795,8.75480230988095,191.868309463582,854.079628955874
1284,21.4,0.192601107531795,7.79159785220178,8.82174834025187,194.199825482742,862.172016548076
1286,21.4333333333333,0.192891570113877,7.81768326726058,8.88872749210324,196.539227710634,870.270427580056
1288,21.4666666666667,0.19317986391455,7.84350226521888,8.95573971743739,198.886435424748,878.37467419135
1290,21.5,0.193466040723609,7.86905837388379,9.02278497015233,201.241368965467,886.484573557498
1292,21.5333333333333,0.193750146755731,7.89435509589941,9.08986320555499,203.603949729728,894.599947763603
1294,21.5666666666667,0.194032223052228,7.91939590383708,9.15697437992359,205.974100163101,902.720623680665
1296,21.6,0.194312305857201,7.94418423578393,9.22411845011402,208.351743750421,910.84643284476
1298,21.6333333333333,0.194590426969355,7.96872349139349,9.2912953732056,210.736805005145,918.977211339079
1300,21.6666666666667,0.194866614070752,7.99301702836502,9.35850510618212,213.129209457546,927.112799678873
1302,21.7,0.195140891033727,8.01706815931941,9.42574760564461,215.528883641887,935.253042699274
1304,21.7333333333333,0.195413278207199,8.04088014904204,9.49302282755235,217.935755082683,943.397789446022
1306,21.7666666666667,0.19568379268353,8.06445621206433,9.56033072698954,220.349752280164,951.546893069052
1308,21.8,0.195952448547089,8.08779951055791,9.62767125795478,222.770804695037,959.700210718934
1310,21.8333333333333,0.196219257105602,8.11091315251656,9.69504437317114,225.198842732632,967.857603446121
1312,21.8666666666667,0.19648422710535,8.13380019020317,9.76245002391485,227.633797726532,976.018936102972
1314,21.9,0.196747364931211,8.15646361884004,9.82988815986056,230.075601921748,984.184077248511
1316,21.9333333333333,0.197008674792515,8.17890637552262,9.8973587289417,232.524188457526,992.352899055857
1318,21.9666666666667,0.197268158895625,8.20113133833793,9.96486167722445,234.979491349831,1000.52527722229
1320,22,0.197525817604099,8.22314132567048,10.0323969487938,237.441445473599,1008.70109088191
1322,22.0333333333333,0.197781649587277,8.24493909567932,10.0999644856508,239.909986544775,1016.88022252075
1324,22.0666666666667,0.198035651958048,8.26652734593136,10.1675642276198,242.385051102223,1025.06255789445
1326,22.1,0.198287820400555,8.28790871317717,10.2351961122647,244.866576489522,1033.24798594825
1328,22.1333333333333,0.198538149288505,8.30908577325608,10.302860074813,247.354500836716,1041.43639873935
1330,22.1666666666667,0.198786631794761,8.33006104111895,10.3705560480882,249.84876304204,1049.62769136155
1332,22.2,0.199033259992808,8.35083697095741,10.4382839624482,252.349302753658,1057.82176187211
1334,22.2333333333333,0.199278024950682,8.37141595642937,10.5060437457296,254.856060351456,1066.0185112208
1336,22.2666666666667,0.199520916817893,8.39180033097146,10.5738353231984,257.368976928897,1074.21784318096
1338,22.3,0.199761924905855,8.41199236818963,10.6416586175052,259.88799427499,1082.41966428268
1340,22.3333333333333,0.200001037762282,8.43199428231993,10.7095135486448,262.413054856366,1090.62388374795
1342,22.3666666666667,0.200238243240009,8.45180822875208,10.7774000339208,264.944101799511,1098.83041342766
1344,22.4,0.200473528560635,8.47143630460909,10.8453179879129,267.481078873155,1107.03916774059
1346,22.4333333333333,0.200706880373383,8.4908805493766,10.913267322449,270.023930470833,1115.25006361403
1348,22.4666666666667,0.200938284809527,8.51014294557623,10.9812479465794,272.572601593649,1123.46302042636
1350,22.5,0.201167727532726,8.52922541947777,11.0492597665544,275.127037833234,1131.6779599511
1352,22.5333333333333,0.201395193785572,8.54812984184526,11.117302685805,277.687185354932,1139.89480630282
1354,22.5666666666667,0.201620668432642,8.56685802871264,11.1853766049251,280.252990881203,1148.11348588446
1356,22.6,0.20184413600032,8.58541174218483,11.2534814216569,282.82440167526,1156.33392733632
1358,22.6333333333333,0.202065580713642,8.60379269126069,11.321617030878,285.401365524958,1164.55606148644
1360,22.6666666666667,0.20228498653039,8.62200253267435,11.3897833245907,287.983830726922,1172.77982130251
1362,22.7,0.202502337172651,8.64004287175189,11.4579801919125,290.571746070929,1181.00514184511
1364,22.7333333333333,0.202717616156042,8.65791526328063,11.526207519069,293.165060824556,1189.23196022233
1366,22.7666666666667,0.202930806816782,8.67562121238837,11.5944651893877,295.763724718079,1197.46021554567
1368,22.8,0.203141892336778,8.69316217543034,11.6627530832944,298.367687929644,1205.68984888725
1370,22.8333333333333,0.203350855766891,8.71053956088181,11.7310710783089,300.976901070702,1213.92080323818
1372,22.8666666666667,0.203557680048515,8.72775473023429,11.7994190490443,303.591315171712,1222.15302346816
1374,22.9,0.203762348033615,8.74480899889383,11.8677968672058,306.210881668112,1230.38645628618
1376,22.9333333333333,0.203964842503342,8.76170363707968,11.9362044015913,308.835552386563,1238.62105020232
1378,22.9666666666667,0.204165146185342,8.77843987072204,12.0046415180929,311.465279531458,1246.85675549069
1380,23,0.204363241769855,8.79501888235755,12.0731080796995,314.100015671704,1255.09352415329
1382,23.0333333333333,0.20455911192472,8.81144181202149,12.1416039465002,316.739713727769,1263.33130988492
1384,23.0666666666667,0.204752739309358,8.82770975813559,12.2101289756885,319.384326959,1271.57006803905
1386,23.1,0.204944106587825,8.84382377839066,12.2786830215676,322.033808951206,1279.80975559464
1388,23.1333333333333,0.205133196441003,8.85978489062314,12.3472659355565,324.688113604502,1288.05033112376
1390,23.1666666666667,0.205319991578016,8.87559407368493,12.4158775661963,327.347195121419,1296.29175476023
1392,23.2,0.205504474746911,8.89125226830583,12.4845177591579,330.011007995275,1304.5339881689
1394,23.2333333333333,0.205686628744684,8.9067603779481,12.5531863572504,332.679506998799,1312.77699451595
1396,23.2666666666667,0.205866436426691,8.92211926965264,12.6218832004292,335.352647173017,1321.0207384398
1398,23.3,0.206043880715508,8.9373297748763,12.6906081258063,338.03038381639,1329.26518602286
1400,23.3333333333333,0.20621894460927,8.95239269032014,12.7593609676597,340.712672474197,1337.51030476395
1402,23.3666666666667,0.206391611189544,8.9673087787481,12.8281415574447,343.399468928172,1345.75606355151
1404,23.4,0.206561863628765,8.98207876979609,12.8969497238044,346.090729186384,1354.0024326374
1406,23.4333333333333,0.206729685197282,8.99670336077099,12.9657852925824,348.786409473358,1362.24938361138
1408,23.4666666666667,0.206895059270029,9.01118321743969,13.0346480868344,351.486466220435,1370.49688937626
1410,23.5,0.207057969332871,9.02551897480776,13.1035379268418,354.19085605637,1378.74492412361
1412,23.5333333333333,0.207218398988635,9.03971123788784,13.1724546301247,356.89953579816,1386.99346331007
1414,23.5666666666667,0.207376331962861,9.05376058245754,13.2413980114559,359.612462442104,1395.24248363428
1416,23.6,0.207531752109291,9.06766755580691,13.3103678828756,362.329593155088,1403.49196301425
1418,23.6333333333333,0.207684643415121,9.08143267747528,13.3793640537061,365.050885266095,1411.74188056542
1420,23.6666666666667,0.207834990006025,9.09505643997774,13.4483863305676,367.776296257933,1419.99221657905
1422,23.7,0.207982776150987,9.10853930952089,13.5174345173934,370.505783759184,1428.24295250127
1424,23.7333333333333,0.208127986266933,9.12188172670827,13.5865084154473,373.239305536362,1436.49407091249
1426,23.7666666666667,0.208270604923199,9.13508410723525,13.6556078233392,375.976819486283,1444.74555550733
1428,23.8,0.208410616845833,9.14814684257352,13.7247325370436,378.718283628651,1452.99739107499
1430,23.8333333333333,0.208548006921751,9.16107030064526,13.7938823499164,381.463656098832,1461.24956348002
1432,23.8666666666667,0.208682760202754,9.17385482648704,13.8630570527136,384.212895140847,1469.50205964355
1434,23.9,0.208814861909421,9.18650074290356,13.9322564336095,386.965959100552,1477.75486752489
1436,23.9333333333333,0.208944297434876,9.19900835111126,14.0014802782162,389.722806419015,1486.00797610352
1438,23.9666666666667,0.209071052348453,9.21137793137201,14.0707283696025,392.483395626092,1494.26137536148
1440,24,0.20919511239925,9.22360974361685,14.1400004883142,395.247685334183,1502.51505626606
1442,24.0333333333333,0.209316463519593,9.23570402806,14.2092964123942,398.015634232181,1510.76901075293
1444,24.0666666666667,0.209435091828402,9.2476610058032,14.2786159174031,400.787201079604,1519.02323170953
1446,24.1,0.209550983634479,9.25948087943049,14.3479587764403,403.562344700901,1527.27771295881
1448,24.1333333333333,0.20966412543971,9.27116383359363,14.4173247601658,406.341023979947,1535.53244924332
1450,24.1666666666667,0.209774503942196,9.2827100355881,14.4867136368216,409.1231978547,1543.78743620952
1452,24.2,0.209882106039306,9.29411963592006,14.5561251722542,411.908825312044,1552.04267039249
1454,24.2333333333333,0.20998691883067,9.30539276886418,14.6255591299374,414.697865382786,1560.29814920083
1456,24.2666666666667,0.210088929621096,9.31652955301251,14.6950152709952,417.490277136836,1568.55387090188
1458,24.3,0.210188125923436,9.32753009181467,14.764493354225,420.286019678537,1576.80983460723
1460,24.3333333333333,0.21028449546138,9.33839447410922,14.8339931361219,423.085052142164,1585.06604025839
1462,24.3666666666667,0.210378026172208,9.34912277464662,14.9035143709025,425.88733368758,1593.32248861284
1464,24.4,0.210468706209468,9.35971505460364,14.9730568105296,428.692823496049,1601.5791812302
1466,24.4333333333333,0.210556523945614,9.37017136208958,15.0426202047368,431.501480766201,1609.83612045869
1468,24.4666666666667,0.210641467974589,9.38049173264421,15.1122043010545,434.313264710149,1618.09330942183
1470,24.5,0.210723527114352,9.39067618972777,15.1818088448346,437.128134549756,1626.35075200528
1472,24.5333333333333,0.210802690409359,9.40072474520293,15.2514335792772,439.946049513046,1634.60845284399
1474,24.5666666666667,0.210878947132996,9.41063739980903,15.3210782454568,442.766968830761,1642.86641730944
1476,24.6,0.210952286789962,9.42041414362856,15.3907425823485,445.59085173306,1651.1246514972
1478,24.6333333333333,0.211022699118605,9.43005495654608,15.4604263268557,448.417657446356,1659.38316221454
1480,24.6666666666667,0.211090174093217,9.43955980869969,15.5301292138371,451.247345190288,1667.64195696836
1482,24.7,0.21115470192627,9.44892866092518,15.5998509761345,454.079874174834,1675.90104395317
1484,24.7333333333333,0.211216273070624,9.45816146519282,15.6695913446007,456.915203597551,1684.16043203934
1486,24.7666666666667,0.211274878221673,9.4672581650372,15.7393500481281,459.753292640948,1692.42013076146
1488,24.8,0.211330508319459,9.47621869597988,15.8091268136773,462.594100469989,1700.68015030686
1490,24.8333333333333,0.211383154550733,9.48504298594524,15.8789213663058,465.437586229717,1708.94050150434
1492,24.8666666666667,0.211432808350975,9.49373095566942,15.948733429198,468.283709043008,1717.20119581296
1494,24.9,0.211479461406372,9.50228251910263,16.0185627236941,471.132428008442,1725.46224531104
1496,24.9333333333333,0.211523105655743,9.5106975838048,16.0884089693206,473.983702198301,1733.72366268529
1498,24.9666666666667,0.211563733292427,9.5189760513347,16.1582718838202,476.837490656678,1741.98546122005
1500,25,0.211601336766127,9.52711781763267,16.2281511831825,479.693752397707,1750.2476547867
1502,25.0333333333333,0.211635908784702,9.535122773397,16.2980465816749,482.552446403905,1758.51025783315
1504,25.0666666666667,0.211667442315922,9.54299080445402,16.3679577918735,485.413531624626,1766.77328537349
1506,25.1,0.211695930589174,9.55072179212218,16.4378845246946,488.276966974628,1775.03675297777
1508,25.1333333333333,0.211721367097123,9.55831561356985,16.5078264894267,491.14271133275,1783.30067676183
1510,25.1666666666667,0.211743745597328,9.56577214216735,16.577783393762,494.010723540689,1791.56507337731
1512,25.2,0.211763060113816,9.57309124783291,16.6477549438288,496.880962401888,1799.82996000175
1514,25.2333333333333,0.211779304938603,9.58027279737294,16.7177408442242,499.753386680526,1808.09535432877
1516,25.2666666666667,0.211792474633176,9.58731665481644,16.7877407980465,502.627955100613,1816.3612745584
1518,25.3,0.211802564029925,9.59422268174383,16.8577545069287,505.504626345174,1824.62773938744
1520,25.3333333333333,0.211809568233531,9.60099073761019,16.9277816710712,508.383359055547,1832.89476800001
1522,25.3666666666667,0.211813482622304,9.60762068006287,16.9978219892757,511.264111830762,1841.1623800581
1524,25.4,0.211814302849476,9.61411236525382,17.0678751589789,514.146843227027,1849.43059569225
1526,25.4333333333333,0.211812024844452,9.62046564814639,17.1379408762863,517.031511757302,1857.69943549238
1528,25.4666666666667,0.211806644814002,9.62668038281695,17.2080188360067,519.91807589096,1865.96892049856
1530,25.5,0.211798159243416,9.63275642275112,17.2781087316862,522.806494053551,1874.23907219203
1532,25.5333333333333,0.211786564897606,9.63869362113497,17.3482102556434,525.69672462664,1882.50991248617
1534,25.5666666666667,0.211771858822162,9.64449183114098,17.4183230990037,528.588725947743,1890.78146371763
1536,25.6,0.211754038344358,9.65015090620902,17.4884469517348,531.482456310339,1899.05374863748
1538,25.6333333333333,0.211733101074113,9.6556707003223,17.5585815026819,534.377873963979,1907.3267904025
1540,25.6666666666667,0.211709044904897,9.6610510682784,17.6287264396027,537.274937114459,1915.6006125665
1542,25.7,0.211681868014595,9.66629186595536,17.6988814492037,540.173603924093,1923.87523907169
1544,25.7333333333333,0.211651568866317,9.67139295057303,17.7690462171756,543.073832512054,1932.15069424017
1546,25.7666666666667,0.211618146209163,9.67635418094959,17.8392204282296,545.975580954791,1940.42700276548
1548,25.8,0.211581599078935,9.68117541775334,17.9094037661332,548.878807286537,1948.70418970417
1550,25.8333333333333,0.211541926798799,9.68585652374987,17.9795959137467,551.783469499872,1956.98228046751
1552,25.8666666666667,0.211499128979904,9.69039736404457,18.0497965530599,554.68952554638,1965.26130081318
1554,25.9,0.211453205521943,9.69479780632058,18.1200053652286,557.59693333736,1973.5412768371
1556,25.9333333333333,0.211404156613669,9.69905772107221,18.190222030611,560.505650744625,1981.82223496525
1558,25.9666666666667,0.211351982733359,9.7031769818339,18.2604462288054,563.415635601355,1990.10420194563
1560,26,0.211296684649229,9.70715546540473,18.3306776386866,566.326845703032,1998.3872048402
1562,26.0333333333333,0.211238263419801,9.71099305206858,18.4009159384432,569.239238808433,2006.67127101692
1564,26.0666666666667,0.211176720394215,9.71468962580988,18.4711608056154,572.152772640691,2014.95642814183
1566,26.1,0.211112057212495,9.71824507452514,18.5414119171315,575.067404888422,2023.24270417122
1568,26.1333333333333,0.211044275805762,9.72165929023015,18.6116689493462,577.983093206915,2031.5301273438
1570,26.1666666666667,0.2109733783964,9.72493216926301,18.681931578078,580.899795219381,2039.81872617296
1572,26.2,0.210899367498172,9.72806361248297,18.7521994786466,583.817468518268,2048.10852943907
1574,26.2333333333333,0.210822245916281,9.73105352546512,18.8224723259111,586.736070666627,2056.39956618186
1576,26.2666666666667,0.210742016747386,9.73390181869097,18.8927497943076,589.655559199544,2064.69186569277
1578,26.3,0.210658683379568,9.73660840773501,18.9630315578872,592.575891625627,2072.98545750748
1580,26.3333333333333,0.210572249492242,9.73917321344722,19.0333172903539,595.497025428546,2081.28037139837
1582,26.3666666666667,0.210482719056025,9.74159616213154,19.103606665103,598.418918068627,2089.57663736706
1584,26.4,0.21039009633255,9.7438771857205,19.1738993552587,601.341526984507,2097.87428563708
1586,26.4333333333333,0.210294385874235,9.7460162219458,19.2441950337128,604.264809594828,2106.17334664645
1588,26.4666666666667,0.210195592523996,9.74801321450511,19.3144933731624,607.188723299996,2114.47385104045
1590,26.5,0.210093721414919,9.74986811322496,19.3847940461482,610.113225483978,2122.77582966428
1592,26.5333333333333,0.209988777969879,9.75158087421982,19.455096725093,613.038273516155,2131.07931355595
1594,26.5666666666667,0.209880767901109,9.75315146004744,19.5254010823399,615.963824753221,2139.38433393904
1596,26.6,0.209769697209725,9.75457983986032,19.5957067901901,618.889836541124,2147.69092221564
1598,26.6333333333333,0.209655572185201,9.75586598955363,19.6660135209419,621.816266217058,2155.99910995924
1600,26.6666666666667,0.209538399404793,9.75700989190929,19.7363209469281,624.743071111498,2164.30892890774
1602,26.7,0.209418185732922,9.75801153673648,19.806628740555,627.670208550271,2172.62041095645
1604,26.7333333333333,0.209294938320503,9.75887092100844,19.8769365743403,630.597635856681,2180.93358815115
1606,26.7666666666667,0.209168664604237,9.75958804899578,19.9472441209512,633.525310353663,2189.24849268123
1608,26.8,0.209039372305841,9.76016293239617,20.0175510532425,636.453189365986,2197.56515687282
1610,26.8333333333333,0.208907069431251,9.7605955904604,20.0878570442952,639.381230222486,2205.88361318197
1612,26.8666666666667,0.208771764269761,9.76088605011514,20.158161767454,642.309390258347,2214.20389418795
1614,26.9,0.208633465393132,9.76103434608201,20.2284648963655,645.237626817407,2222.52603258648
1616,26.9333333333333,0.208492181654646,9.76104052099331,20.2987661050163,648.165897254508,2230.85006118307
1618,26.9666666666667,0.208347922188121,9.76090462550434,20.3690650677707,651.094158937879,2239.17601288643
1620,27,0.208200696406879,9.76062671840228,20.4393614594085,654.022369251546,2247.50392070184
1622,27.0333333333333,0.208050514002673,9.76020686671169,20.5096549551629,656.950485597785,2255.83381772464
1624,27.0666666666667,0.207897384944567,9.75964514579677,20.5799452307578,659.878465399599,2264.1657371337
1626,27.1,0.207741319477783,9.75894163946019,20.6502319624457,662.806266103224,2272.49971218502
1628,27.1333333333333,0.207582328122492,9.75809644003873,20.7205148270449,665.733845180674,2280.83577620527
1630,27.1666666666667,0.207420421672577,9.75710964849567,20.7907935019767,668.661160132302,2289.17396258545
1632,27.2,0.207255611194348,9.75598137450986,20.8610676653028,671.588168489398,2297.51430477455
1634,27.2333333333333,0.207087908025215,9.75471173656173,20.9313369957625,674.514827816811,2305.8568362733
1636,27.2666666666667,0.20691732377233,9.75330086201603,21.0016011728091,677.44109571559,2314.2015906279
1638,27.3,0.206743870311181,9.75174888720149,21.0718598766473,680.366929825664,2322.54860142385
1640,27.3333333333333,0.206567559784154,9.75005595748735,21.1421127882694,683.292287828529,2330.8979022798
1642,27.3666666666667,0.206388404599051,9.74822222735678,21.2123595894919,686.21712744997,2339.24952684143
1644,27.4,0.206206417427577,9.74624786047732,21.2825999629922,689.1414064628,2347.60350877542
1646,27.4333333333333,0.20602161120379,9.74413302976821,21.3528335923442,692.065082689617,2355.95988176341
1648,27.4666666666667,0.205833999122506,9.74187791746479,21.4230601620546,694.98811400559,2364.31867949603
1650,27.5,0.205643594637686,9.73948271517989,21.4932793575986,697.910458341253,2372.67993566697
1652,27.5333333333333,0.205450411460769,9.73694762396229,21.563490865456,700.832073685327,2381.04368396714
1654,27.5666666666667,0.205254463558989,9.73427285435228,21.6336943731456,703.752918087551,2389.40995807876
1656,27.6,0.205055765153647,9.7314586264343,21.7038895692617,706.672949661536,2397.77879166963
1658,27.6333333333333,0.204854330718355,9.72850516988681,21.7740761435081,709.592126587632,2406.15021838735
1660,27.6666666666667,0.20465017497725,9.7254127240292,21.8442537867335,712.510407115808,2414.52427185363
1662,27.7,0.204443312903176,9.72218153786605,21.9144221909659,715.427749568547,2422.90098565863
1664,27.7333333333333,0.204233759715835,9.71881187012851,21.984581049447,718.34411234376,2431.28039335536
1666,27.7666666666667,0.204021530879911,9.71530398931299,22.0547300566665,721.259453917701,2439.66252845407
1668,27.8,0.203806642103161,9.71165817371716,22.1248689083956,724.173732847899,2448.04742441682
1670,27.8333333333333,0.203589109334487,9.7078747114732,22.1949973017213,727.086907776107,2456.4351146519
1672,27.8666666666667,0.203368948761975,9.70395390057851,22.2651149350791,729.998937431249,2464.82563250849
1674,27.9,0.203146176810905,9.69989604892367,22.335221508287,732.909780632382,2473.21901127125
1676,27.9333333333333,0.202920810141748,9.69570147431791,22.4053167225775,735.81939629167,2481.61528415497
1678,27.9666666666667,0.202692865648122,9.69137050451203,22.475400280631,738.727743417356,2490.01448429931
1680,28,0.202462360454742,9.68690347721865,22.5454718866077,741.634781116751,2498.41664476355
1682,28.0333333333333,0.202229311915335,9.68230074013017,22.6155312461801,744.54046859922,2506.8217985214
1684,28.0666666666667,0.201993737610538,9.67756265093408,22.6855780665644,747.444765179177,2515.22997845587
1686,28.1,0.201755655345774,9.67268957732598,22.7556120565521,750.347630279089,2523.64121735416
1688,28.1333333333333,0.20151508314911,9.66768189702005,22.8256329265416,753.249023432474,2532.05554790263
1690,28.1666666666667,0.201272039269096,9.66253999775728,22.8956403885688,756.148904286911,2540.47300268178
1692,28.2,0.201026542172579,9.6572642773113,22.9656341563378,759.047232607044,2548.89361416131
1694,28.2333333333333,0.200778610542513,9.65185514349187,23.0356139452512,761.943968277597,2557.31741469524
1696,28.2666666666667,0.200528263275738,9.64631301414617,23.1055794724402,764.839071306384,2565.74443651703
1698,28.3,0.200275519480752,9.64063831715777,23.1755304567941,767.732501827315,2574.17471173479
1700,28.3333333333333,0.20002039847547,9.63483149044345,23.2454666189901,770.624220103413,2582.60827232653
1702,28.3666666666667,0.199762919784959,9.62889298194779,23.3153876815218,773.514186529822,2591.04515013545
1704,28.4,0.199503103139174,9.62282324963564,23.3852933687281,776.402361636812,2599.4853768653
1706,28.4333333333333,0.199240968470671,9.61662276148249,23.4551834068219,779.288706092787,2607.92898407577
1708,28.4666666666667,0.198976535912313,9.61029199546271,23.5250575239176,782.173180707286,2616.37600317791
1710,28.5,0.198709825794966,9.60383143953582,23.5949154500592,785.055746433983,2624.82646542969
1712,28.5333333333333,0.198440858645185,9.59724159163065,23.6647569172474,787.936364373679,2633.28040193147
1714,28.5666666666667,0.198169655182894,9.59052295962762,23.7345816594665,790.814995777295,2641.73784362168
1716,28.6,0.197896236319054,9.58367606133903,23.8043894127114,793.691602048851,2650.1988212724
1718,28.6333333333333,0.197620623153329,9.57670142448738,23.8741799150135,796.566144748449,2658.6633654851
1720,28.6666666666667,0.197342836971741,9.56959958668195,23.9439529064665,799.438585595243,2667.13150668638
1722,28.7,0.197062899244326,9.5623710953934,24.0137081292525,802.308886470399,2675.60327512378
1724,28.7333333333333,0.196780831622785,9.55501650792667,24.0834453276665,805.177009420057,2684.07870086163
1726,28.7666666666667,0.196496655938124,9.54753639139202,24.1531642481414,808.042916658276,2692.55781377693
1728,28.8,0.196210394198306,9.53993132267439,24.2228646392725,810.906570569974,2701.04064355538
1730,28.8333333333333,0.195922068585888,9.53220188840105,24.2925462518413,813.767933713858,2709.5272196873
1732,28.8666666666667,0.195631701455664,9.52434868490755,24.3622088388394,816.626968825345,2718.01757146375
1734,28.9,0.195339315332311,9.51637231820208,24.4318521554912,819.483638819468,2726.51172797265
1736,28.9333333333333,0.19504493290803,9.50827340392821,24.5014759592773,822.337906793782,2735.0097180949
1738,28.9666666666667,0.194748577040193,9.50005256732605,24.5710800099565,825.189736031243,2743.51157050062
1740,29,0.194450270748991,9.49171044319195,24.6406640695881,828.039090003093,2752.01731364544
1742,29.0333333333333,0.194150037215088,9.48324767583662,24.7102279025534,830.885932371716,2760.52697576679
1744,29.0666666666667,0.193847899777276,9.47466491904188,24.7797712755768,833.730226993494,2769.04058488031
1746,29.1,0.193543881930141,9.46596283601591,24.8492939577467,836.571937921641,2777.55816877625
1748,29.1333333333333,0.193238007321728,9.4571420993472,24.9187957205361,839.411029409033,2786.07975501595
1750,29.1666666666667,0.192930299751218,9.44820339095708,24.9882763378223,842.247465911012,2794.60537092839
1752,29.2,0.192620783166612,9.43914740205102,25.0577355859063,845.081212088188,2803.13504360677
1754,29.2333333333333,0.192309481662423,9.42997483306853,25.1271732435326,847.912232809216,2811.66879990514
1756,29.2666666666667,0.191996419477375,9.42068639363194,25.1965890919071,850.740493153565,2820.2066664351
1758,29.3,0.191681620992115,9.41128280249396,25.2659829147161,853.565958414269,2828.74866956253
1760,29.3333333333333,0.191365110726936,9.40176478748397,25.3353544981438,856.388594100659,2837.2948354044
1762,29.3666666666667,0.191046913339507,9.3921330854533,25.4047036308896,859.208365941086,2845.84518982562
1764,29.4,0.19072705362262,9.38238844221934,25.4740301041855,862.02523988562,2854.39975843591
1766,29.4333333333333,0.19040555650195,9.37253161250865,25.5433337118127,864.83918210874,2862.9585665868
1768,29.4666666666667,0.190082447033821,9.36256335989893,25.6126142501172,867.650159011996,2871.52163936861
1770,29.5,0.189757750402996,9.35248445676017,25.6818715180261,870.458137226665,2880.08900160748
1772,29.5333333333333,0.189431491920474,9.34229568419466,25.7511053170628,873.263083616382,2888.66067786255
1774,29.5666666666667,0.189103697021308,9.33199783197622,25.8203154513614,876.064965279756,2897.23669242305
1776,29.6,0.188774391262435,9.32159169848851,25.8895017276819,878.863749552967,2905.81706930557
1778,29.6333333333333,0.188443600320523,9.3110780906624,25.9586639554232,881.659404012343,2914.4018322513
1780,29.6666666666667,0.188111349989838,9.30045782391268,26.0278019466375,884.45189647692,2922.99100472332
1782,29.7,0.187777666180124,9.28973172207388,26.0969155160431,887.241195010983,2931.58460990405
1784,29.7333333333333,0.187442574914509,9.27890061733535,26.1660044810367,890.027267926587,2940.18267069258
1786,29.7666666666667,0.187106102327415,9.26796535017566,26.2350686617064,892.810083786057,2948.78520970222
1788,29.8,0.186768274662506,9.25692676929635,26.3041078808425,895.589611404471,2957.39224925798
1790,29.8333333333333,0.186429118270642,9.24578573155493,26.3731219639497,898.365819852123,2966.00381139415
1792,29.8666666666667,0.186088659607854,9.23454310189739,26.4421107392576,901.138678456963,2974.61991785193
1794,29.9,0.18574692523335,9.22319975329004,26.511074037731,903.908156807018,2983.24059007714
1796,29.9333333333333,0.185403941807527,9.21175656665087,26.5800116930802,906.674224752794,2991.86584921788
1798,29.9666666666667,0.185059736090016,9.20021443078034,26.6489235417704,909.436852409657,3000.49571612239
1800,30,0.184714334937745,9.18857424229175,26.717809423031,912.196010160191,3009.1302113368
1802,30.0333333333333,0.184367765303019,9.17683690554108,26.7866691788641,914.951668656538,3017.76935510308
1804,30.0666666666667,0.18402005423163,9.16500333255652,26.8555026540525,917.703798822714,3026.4131673569
1806,30.1,0.183671228860985,9.15307444296752,26.9243096961682,920.452371856907,3035.06166772568
1808,30.1333333333333,0.183321316418256,9.1410511639335,26.9930901555791,923.19735923375,3043.71487552655
1810,30.1666666666667,0.182970344218557,9.12893443007231,27.061843885456,925.938732706576,3052.37280976447
1812,30.2,0.182618339663142,9.1167251833883,27.1305707417794,928.676464309652,3061.03548913036
1814,30.2333333333333,0.182265330237623,9.10442437320016,27.1992705833454,931.410526360384,3069.70293199922
1816,30.2666666666667,0.181911343510218,9.09203295606855,27.2679432717708,934.140891461512,3078.37515642842
1818,30.3,0.181556407130018,9.07955189572348,27.3365886714991,936.867532503274,3087.05218015591
1820,30.3333333333333,0.181200548825281,9.06698216299153,27.4052066498046,939.59042266555,3095.73402059859
1822,30.3666666666667,0.180843796401743,9.05432473572291,27.4737970767967,942.30953541999,3104.42069485064
1824,30.4,0.180486177740965,9.04158059871845,27.5423598254241,945.024844532112,3113.11221968194
1826,30.4333333333333,0.18012772079869,9.02875074365635,27.6108947714779,947.736324063382,3121.80861153652
1828,30.4666666666667,0.179768453603234,9.01583616901903,27.6794017935945,950.443948373272,3130.50988653109
1830,30.5,0.179408404253898,9.0028378800198,27.7478807732586,953.147692121298,3139.21606045357
1832,30.5333333333333,0.1790476009194,8.98975688852958,27.8163315948047,955.84753026903,3147.92714876167
1834,30.5666666666667,0.178686071836337,8.97659421300359,27.8847541454193,958.543438082087,3156.64316658157
1836,30.6,0.178323845307664,8.96335087840807,27.9531483151418,961.235391132105,3165.36412870659
1838,30.6333333333333,0.177960949701204,8.95002791614707,28.0215139968655,963.923365298685,3174.09004959589
1840,30.6666666666667,0.177597413448171,8.93662636398926,28.0898510863379,966.60733677132,3182.8209433733
1842,30.7,0.177233265041728,8.92314726599486,28.1581594821608,969.287282051297,3191.55682382609
1844,30.7333333333333,0.176868533035553,8.90959167244274,28.2264390857898,971.963177953582,3200.29770440385
1846,30.7666666666667,0.176503246042446,8.89596063975751,28.2946898015334,974.635001608676,3209.0435982174
1848,30.8,0.176137432732939,8.88225523043693,28.3629115365517,977.302730464457,3217.79451803771
1850,30.8333333333333,0.17577112183394,8.86847651297934,28.4311042008549,979.966342287994,3226.55047629493
1852,30.8666666666667,0.175404342127396,8.8546255618114,28.4992677073009,982.625815167344,3235.31148507739
1854,30.9,0.175037122448973,8.84070345721594,28.5674019715929,985.281127513323,3244.07755613067
1856,30.9333333333333,0.17466949168676,8.8267112852601,28.6355069122769,987.932258061258,3252.84870085672
1858,30.9666666666667,0.174301478779993,8.81265013772368,28.7035824507375,990.579185872718,3261.62493031302
1860,31,0.173933112717798,8.79852111202775,28.771628511195,993.221890337222,3270.40625521176
1862,31.0333333333333,0.173564422537948,8.78432531116348,28.8396450207007,995.860351173926,3279.19268591905
1864,31.0666666666667,0.173195437325651,8.77006384362135,28.9076319091329,998.494548433287,3287.98423245425
1866,31.1,0.17282618621234,8.75573782332056,28.9755891091913,1001.12446249871,3296.78090448922
1868,31.1333333333333,0.172456698374491,8.74134836953877,29.0435165563925,1003.75007408817,3305.58271134767
1870,31.1666666666667,0.172087003032455,8.72689660684217,29.1114141890634,1006.37136425582,3314.38966200459
1872,31.2,0.171717129449303,8.71238366501586,29.1792819483358,1008.98831439355,3323.20176508563
1874,31.2333333333333,0.171347106929688,8.69781067899457,29.2471197781398,1011.60090623259,3332.01902886654
1876,31.2666666666667,0.170976964818722,8.6831787887937,29.3149276251966,1014.209121845,3340.84146127273
1878,31.3,0.170606732500867,8.66848913944074,29.3827054390116,1016.81294364523,3349.66906987872
1880,31.3333333333333,0.170236439398831,8.65374288090698,29.4504531718667,1019.4123543916,3358.50186190776
1882,31.3666666666667,0.16986611497249,8.63894116803968,29.5181707788123,1022.00733718777,3367.33984423139
1884,31.4,0.169495788717804,8.62408516049448,29.5858582176587,1024.59787548421,3376.18302336911
1886,31.4333333333333,0.169125490165757,8.60917602266828,29.653515448968,1027.18395307965,3385.03140548799
1888,31.4666666666667,0.168755248881301,8.59421492363242,29.7211424360445,1029.76555412246,3393.88499640241
1890,31.5,0.1683850944623,8.57920303706622,29.7887391449253,1032.34266311209,3402.7438015738
1892,31.5333333333333,0.168015056538496,8.56414154119096,29.8563055443708,1034.91526490041,3411.60782611035
1894,31.5666666666667,0.167645164770467,8.54903161870415,29.9238416058543,1037.4833446931,3420.47707476684
1896,31.6,0.167275448848598,8.5338744567142,29.9913473035515,1040.04688805097,3429.35155194447
1898,31.6333333333333,0.166905938492052,8.51867124667541,30.0588226143298,1042.60588089127,3438.23126169068
1900,31.6666666666667,0.166536663447743,8.5034231843234,30.1262675177372,1045.16030948901,3447.11620769906
1902,31.7,0.166167653489316,8.48813146961077,30.1936819959906,1047.71016047824,3456.00639330927
1904,31.7333333333333,0.165798938416114,8.47279730664324,30.2610660339638,1050.25542085327,3464.90182150695
1906,31.7666666666667,0.165430548052163,8.457421903616,30.3284196191758,1052.79607796997,3473.80249492372
1908,31.8,0.165062512245133,8.44200647275045,30.3957427417779,1055.33211954696,3482.70841583715
1910,31.8333333333333,0.164694860865313,8.42655223023127,30.463035394541,1057.8635336668,3491.61958617081
1912,31.8666666666667,0.164327623804571,8.41106039614377,30.5302975728427,1060.39030877721,3500.53600749433
1914,31.9,0.163960830975309,8.39553219441151,30.5975292746532,1062.9124336922,3509.45768102341
1916,31.9333333333333,0.163594512309414,8.3799688527343,30.6647305005223,1065.42989759325,3518.38460762003
1918,31.9666666666667,0.163228697757193,8.36437160252632,30.7319012535648,1067.94269003041,3527.31678779247
1920,32,0.162863417286305,8.34874167885462,30.7990415394464,1070.45080092342,3536.25422169554
1922,32.0333333333333,0.162498700880673,8.33308032037782,30.8661513663689,1072.95422056282,3545.19690913072
1924,32.0666666666667,0.162134578539389,8.31738876928498,30.9332307450554,1075.45293961098,3554.14484954637
1926,32.1,0.1617710802756,8.30166827123472,31.0002796887347,1077.94694910321,3563.09804203794
1928,32.1333333333333,0.161408236115377,8.28592007529452,31.0672982131263,1080.43624044874,3572.05648534824
1930,32.1666666666667,0.161046076096568,8.27014543388015,31.1342863364241,1082.92080543177,3581.0201778677
1932,32.2,0.16068463026763,8.25434560269527,31.2012440792806,1085.40063621248,3589.98911763463
1934,32.2333333333333,0.160323928686438,8.23852184067111,31.2681714647904,1087.87572532798,3598.96330233557
1936,32.2666666666667,0.159964001419075,8.22267540990628,31.3350685184739,1090.3460656933,3607.94272930561
1938,32.3,0.159604878538591,8.20680757560661,31.4019352682598,1092.81165060233,3616.92739552871
1940,32.3333333333333,0.159246590123744,8.19091960602504,31.4687717444687,1095.27247372873,3625.91729763811
1942,32.3666666666667,0.158889166257704,8.17501277240155,31.535577979795,1097.72852912686,3634.9124319167
1944,32.4,0.158532637026734,8.15908834890302,31.6023540092899,1100.17981123266,3643.91279429743
1946,32.4333333333333,0.15817703251884,8.14314761256307,31.6690998703432,1102.62631486455,3652.91838036373
1948,32.4666666666667,0.157822382822378,8.12719184322185,31.7358156026652,1105.06803522424,3661.92918534998
1950,32.5,0.157468718024643,8.11122232346569,31.8025012482683,1107.5049678976,3670.94520414191
1952,32.5333333333333,0.157116068210403,8.0952403385666,31.8691568514488,1109.93710885547,3679.96643127716
1954,32.5666666666667,0.156764463460414,8.07924717642163,31.9357824587675,1112.36445445447,3688.9928609457
1956,32.6,0.156413933849876,8.06324412749198,32.0023781190314,1114.78700143776,3698.02448699038
1958,32.6333333333333,0.156064509446862,8.04723248474192,32.0689438832738,1117.20474693584,3707.06130290745
1960,32.6666666666667,0.1557162203107,8.03121354357736,32.1354798047355,1119.61768846727,3716.10330184707
1962,32.7,0.155369096490302,8.01518860178417,32.2019859388448,1122.02582393938,3725.15047661391
1964,32.7333333333333,0.155023168022459,7.9991589594661,32.2684623431976,1124.42915164904,3734.20281966769
1966,32.7666666666667,0.154678464930078,7.98312591898231,32.3349090775378,1126.8276702833,3743.26032312377
1968,32.8,0.154335017220375,7.96709078488448,32.4013262037368,1129.22137892007,3752.32297875374
1970,32.8333333333333,0.15399285488301,7.9510548638534,32.4677137857732,1131.61027702878,3761.39077798602
1972,32.8666666666667,0.153652007888172,7.93501946463515,32.5340718897123,1133.99436447102,3770.46371190653
1974,32.9,0.153312506184611,7.91898589797654,32.6004005836853,1136.37364150115,3779.54177125924
1976,32.9333333333333,0.152974379697611,7.90295547656014,32.6666999378687,1138.74810876688,3788.62494644691
1978,32.9666666666667,0.1526376583269,7.88692951493852,32.7329700244628,1141.11776730988,3797.71322753165
1980,33,0.152302371944508,7.87090932946783,32.7992109176711,1143.4826185663,3806.80660423567
1982,33.0333333333333,0.151968550392557,7.85489623824071,32.8654226936783,1145.84266436733,3815.90506594193
1984,33.0666666666667,0.151636223480991,7.83889156101832,32.9316054306297,1148.1979069397,3825.00860169479
1986,33.1,0.151305420985238,7.8228966191616,32.9977592086086,1150.54834890619,3834.11720020079
1988,33.1333333333333,0.150976172643811,7.80691273556162,33.0638841096156,1152.89399328609,3843.23084982929
1990,33.1666666666667,0.150648508155833,7.79094123456902,33.1299802175461,1155.23484349566,3852.34953861323
1992,33.2,0.150322457178501,7.77498344192247,33.1960476181682,1157.57090334859,3861.47325424982
1994,33.2333333333333,0.149998049324471,7.75904068467611,33.2620863991015,1159.90217705635,3870.60198410133
1996,33.2666666666667,0.149675314159179,7.7431142911259,33.3280966497941,1162.22866922864,3879.73571519581
1998,33.3,0.14935428119808,7.7272055907349,33.3940784615005,1164.55038487371,3888.87443422782
2000,33.3333333333333,0.14903497990382,7.7113159140573,33.4600319272597,1166.86732939875,3898.01812755926
2002,33.3666666666667,0.148717439683324,7.69544659266128,33.5259571418723,1169.17950861017,3907.16678122007
2004,33.4,0.148401689884812,7.67959895905061,33.5918542018781,1171.48692871392,3916.32038090908
2006,33.4333333333333,0.148087759794738,7.66377434658489,33.6577232055336,1173.78959631577,3925.47891199473
2008,33.4666666666667,0.147775678634638,7.64797408939846,33.7235642527893,1176.08751842153,3934.64235951594
2010,33.5,0.147465475557912,7.63219952231783,33.7893774452669,1178.38070243732,3943.81070818284
2012,33.5333333333333,0.147157179646515,7.61645198077768,33.8551628862368,1180.66915616973,3952.98394237764
2014,33.5666666666667,0.146850819907566,7.60073280073535,33.9209206805951,1182.95288782604,3962.16204615544
2016,33.6,0.146546425269874,7.58504331858373,33.9866509348407,1185.23190601432,3971.34500324501
2018,33.6333333333333,0.146244024580382,7.5693848710625,34.0523537570526,1187.5062197436,3980.5327970497
2020,33.6666666666667,0.145943646600522,7.55375879516778,34.1180292568668,1189.77583842394,3989.72541064821
2022,33.7,0.145645320002488,7.53816642805998,34.1836775454538,1192.04077186649,3998.92282679548
2024,33.7333333333333,0.145349073365415,7.52260910696991,34.249298735495,1194.30103028358,4008.12502792354
2026,33.7666666666667,0.145054935171481,7.50708816910306,34.3148929411604,1196.55662428868,4017.33199614236
2028,33.8,0.144762933801915,7.49160495154206,34.3804602780853,1198.80756489642,4026.54371324071
2030,33.8333333333333,0.144473097532915,7.47616079114713,34.4460008633475,1201.05386352253,4035.76016068709
2032,33.8666666666667,0.144185454531485,7.46075702445468,34.5115148154445,1203.29553198377,4044.98131963052
2034,33.9,0.143900032851179,7.4453949875738,34.5770022542702,1205.53258249784,4054.20717090153
2036,33.9333333333333,0.143616860427756,7.43007601608079,34.6424633010926,1207.7650276832,4063.43769501299
2038,33.9666666666667,0.143335965074748,7.41480144491152,34.7078980785307,1209.99288055896,4072.67287216103
2040,34,0.143057374478942,7.39957260825168,34.7733067105316,1212.21615454464,4081.91268222596
2042,34.0333333333333,0.142781116195767,7.38439083942487,34.8386893223479,1214.43486345994,4091.15710477318
2044,34.0666666666667,0.142507217644601,7.36925747077842,34.9040460405152,1216.64902152449,4100.40611905412
2046,34.1,0.142235706103984,7.35417383356698,34.9693769928293,1218.85864335754,4109.65970400714
2048,34.1333333333333,0.141966608706749,7.33914125783381,35.0346823083235,1221.06374397762,4118.9178382585
2050,34.1666666666667,0.141699952435065,7.3241610722897,35.0999621172467,1223.26433880217,4128.1805001233
2052,34.2,0.141435764115391,7.30923460418955,35.1652165510403,1225.46044364714,4137.44766760644
2054,34.2333333333333,0.141174070413351,7.29436317920654,35.2304457423167,1227.65207472652,4146.71931840356
2056,34.2666666666667,0.140914897828524,7.27954812130381,35.2956498248364,1229.83924865188,4155.99542990205
2058,34.3,0.140658272689144,7.26479075260372,35.3608289334865,1232.02198243184,4165.27597918199
2060,34.3333333333333,0.140404221146731,7.2500923932546,35.4259832042583,1234.20029347151,4174.56094301719
2062,34.3666666666667,0.140152769170631,7.23545436129497,35.491112774226,1236.37419957187,4183.85029787613
2064,34.4,0.139903942542485,7.22087797251517,35.5562177815244,1238.54371892915,4193.144019923
2066,34.4333333333333,0.139657766850613,7.20636454031644,35.6212983653276,1240.70887013414,4202.44208501871
2068,34.4666666666667,0.139414267484334,7.19191537556744,35.6863546658279,1242.86967217145,4211.74446872193
2070,34.5,0.139173469628199,7.17753178645806,35.751386824214,1245.02614441876,4221.0511462901
2072,34.5333333333333,0.138935398256165,7.16321507835069,35.81639498265,1247.17830664597,4230.36209268048
2074,34.5666666666667,0.138700078125689,7.14896655362877,35.8813792842548,1249.3261790144,4239.67728255124
2076,34.6,0.138467533771766,7.13478751154274,35.9463398730809,1251.46978207581,4248.99669026248
2078,34.6333333333333,0.138237789500891,7.12067924805324,36.0112768940941,1253.60913677152,4258.32028987735
2080,34.6666666666667,0.138010869384966,7.10664305567172,36.0761904931529,1255.74426443136,4267.64805516311
2082,34.7,0.137786797255147,7.09268022329832,36.1410808169884,1257.87518677264,4276.97995959227
2084,34.7333333333333,0.13756559669563,7.07879203605706,36.2059480131841,1260.00192589907,4286.31597634365
2086,34.7666666666667,0.137347291037389,7.06497977512837,36.2707922301563,1262.12450429958,4295.65607830355
2088,34.8,0.137131903351858,7.05124471757895,36.3356136171344,1264.24294484716,4305.00023806689
2090,34.8333333333333,0.136919456444571,7.03758813618893,36.4004123241415,1266.35727079761,4314.34842793836
2092,34.8666666666667,0.13670997284875,7.02401129927642,36.4651885019753,1268.46750578819,4323.70061993357
2094,34.9,0.136503474818865,7.01051547051935,36.5299423021891,1270.57367383635,4333.05678578025
2096,34.9333333333333,0.13629998432414,6.99710190877471,36.5946738770733,1272.67579933825,4342.41689691946
2098,34.9666666666667,0.136099523042044,6.98377186789525,36.6593833796365,1274.77390706736,4351.78092450678
2100,35,0.135902112351737,6.97052659654346,36.7240709635881,1276.86802217288,4361.14883941356
2102,35.0333333333333,0.135707773327503,6.95736733800313,36.7887367833198,1278.95817017824,4370.52061222815
2104,35.0666666666667,0.135516526732152,6.94429532998826,36.8533809938879,1281.04437697942,4379.8962132572
2106,35.1,0.135328393010415,6.9313118044496,36.9180037509963,1283.12666884328,4389.27561252688
2108,35.1333333333333,0.135143392282316,6.91841798737862,36.9826052109792,1285.20507240584,4398.65877978424
2110,35.1666666666667,0.134961544336545,6.90561509860916,37.0471855307843,1287.27961467042,4408.0456844985
2112,35.2,0.134782868623828,6.89290435161663,37.1117448679562,1289.35032300585,4417.43629586236
2114,35.2333333333333,0.134607384250287,6.88028695331496,37.1762833806204,1291.41722514449,4426.83058279344
2116,35.2666666666667,0.134435109970825,6.86776410385126,37.2408012274672,1293.48034918027,4436.22851393557
2118,35.3,0.134266064182506,6.85533699639821,37.3052985677361,1295.53972356665,4445.63005766023
2120,35.3333333333333,0.134100264917962,6.84300681694442,37.3697755612004,1297.59537711449,4455.03518206797
2122,35.3666666666667,0.13393772983882,6.83077474408256,37.4342323681526,1299.64733898992,4464.44385498983
2124,35.4,0.133778476229155,6.81864194879559,37.4986691493893,1301.69563871204,4473.85604398885
2126,35.4333333333333,0.133622520988975,6.806609594241,37.5630860661973,1303.74030615069,4483.27171636149
2128,35.4666666666667,0.13346988062775,6.79467883553314,37.6274832803391,1305.78137152405,4492.69083913922
2130,35.5,0.13332057125798,6.78285081952381,37.6918609540398,1307.8188653962,4502.11337908997
2132,35.5333333333333,0.133174608588816,6.77112668458112,37.7562192499733,1309.85281867465,4511.53930271977
2134,35.5666666666667,0.133032007919735,6.75950756036675,37.8205583312498,1311.88326260779,4520.96857627428
2136,35.6,0.13289278413428,6.74799456761166,37.884878361403,1313.9102287822,4530.40116574045
2138,35.6333333333333,0.132756951693861,6.73658881789034,37.9491795043776,1315.93374912002,4539.8370368481
2140,35.6666666666667,0.132624524631641,6.72529141339381,38.013461924518,1317.95385587617,4549.27615507165
2142,35.7,0.132495516546493,6.7141034467013,38.0777257865562,1319.97058163547,4558.71848563177
2144,35.7333333333333,0.132369940597044,6.70302600055087,38.141971255601,1321.98395930983,4568.16399349711
2146,35.7666666666667,0.132247809495818,6.69206014760899,38.2061984971273,1323.99402213518,4577.61264338609
2148,35.8,0.132129135503467,6.68120695023925,38.2704076769654,1326.00080366851,4587.06439976862
2150,35.8333333333333,0.132013930423121,6.67046746027021,38.3345989612912,1328.00433778472,4596.51922686796
2152,35.8666666666667,0.131902205594836,6.65984271876275,38.3987725166165,1330.00465867345,4605.97708866255
2154,35.9,0.131793971890167,6.64933375577672,38.4629285097797,1332.00180083584,4615.4379488879
2156,35.9333333333333,0.131689239706861,6.63894159013734,38.5270671079373,1333.99579908121,4624.90177103844
2158,35.9666666666667,0.131588018963689,6.62866722920122,38.5911884785549,1335.98668852368,4634.36851836954
2160,36,0.131490319095401,6.61851166862232,38.6552927893995,1337.97450457867,4643.83815389944
2162,36.0333333333333,0.131396149047836,6.6084758921179,38.7193802085315,1339.95928295944,4653.31064041123
2164,36.0666666666667,0.131305517273176,6.59856087123466,38.783450904298,1341.94105967342,4662.78594045498
2166,36.1,0.131218431725354,6.58876756511509,38.8475050453252,1343.91987101862,4672.2640163497
2168,36.1333333333333,0.131134899855631,6.57909692026439,38.9115428005123,1345.8957535798,4681.74483018555
2170,36.1666666666667,0.13105492860833,6.56954987031794,38.9755643390254,1347.86874422475,4691.22834382595
2172,36.2,0.130978524416758,6.5601273358095,39.0395698302919,1349.83888010034,4700.71451890974
2174,36.2333333333333,0.130905693199294,6.55083022394039,39.1035594439947,1351.80619862863,4710.20331685345
2176,36.2666666666667,0.130836440355673,6.54165942834974,39.1675333500679,1353.77073750279,4719.69469885351
2178,36.3,0.130770770763459,6.53261582888592,39.231491718692,1355.7325346831,4729.18862588859
2180,36.3333333333333,0.130708688774715,6.5237002913795,39.2954347202899,1357.69162839271,4738.68505872192
2182,36.3666666666667,0.130650198212879,6.51491366741768,39.3593625255231,1359.64805711345,4748.18395790364
2184,36.4,0.130595302369846,6.50625679412051,39.4232753052885,1361.60185958158,4757.68528377324
2186,36.4333333333333,0.130544004003265,6.49773049391906,39.4871732307153,1363.55307478336,4767.18899646201
2188,36.4666666666667,0.130496305334062,6.48933557433565,39.5510564731629,1365.50174195069,4776.69505589553
2190,36.5,0.130452208044176,6.48107282776636,39.6149252042182,1367.44790055657,4786.20342179618
2192,36.5333333333333,0.130411713274538,6.47294303126597,39.6787795956942,1369.3915903106,4795.71405368576
2194,36.5666666666667,0.130374821623278,6.46494694633559,39.7426198196288,1371.33285115432,4805.22691088805
2196,36.6,0.130341533144169,6.45708531871301,39.8064460482834,1373.27172325654,4814.74195253153
2198,36.6333333333333,0.130311847345323,6.44935887816608,39.8702584541426,1375.20824700859,4824.25913755201
2200,36.6666666666667,0.130285763188131,6.44176833828929,39.9340572099139,1377.14246301953,4833.77842469542
2202,36.7,0.13026327908645,6.43431439630361,39.9978424885279,1379.07441211129,4843.29977252055
2204,36.7333333333333,0.13024439290606,6.4269977328599,40.0616144631389,1381.00413531369,4852.82313940193
2206,36.7666666666667,0.130229101964366,6.41981901184608,40.1253733071254,1382.93167385951,4862.34848353264
2208,36.8,0.130217403030376,6.41277888019807,40.1891191940918,1384.85706917945,4871.87576292723
2210,36.8333333333333,0.130209292324936,6.40587796771493,40.25285229787,1386.78036289696,4881.40493542471
2212,36.8666666666667,0.130204765521238,6.39911688687812,40.3165727925208,1388.70159682318,4890.9359586915
2214,36.9,0.130203817745606,6.3924962326753,40.380280852337,1390.62081295166,4900.46879022448
2216,36.9333333333333,0.130206443578546,6.38601658242865,40.4439766518454,1392.53805345313,4910.00338735409
2218,36.9666666666667,0.130212637056082,6.379678495628,40.5076603658098,1394.45336067019,4919.53970724742
2220,37,0.130222391671364,6.37348251376893,40.5713321692348,1396.36677711194,4929.0777069114
2222,37.0333333333333,0.130235700376565,6.36742916019596,40.6349922373689,1398.27834544855,4938.61734319602
2224,37.0666666666667,0.130252555585048,6.36151893995104,40.6986407457085,1400.18810850584,4948.15857279753
2226,37.1,0.130272949173826,6.35575233962754,40.7622778700024,1402.09610925977,4957.7013522618
2228,37.1333333333333,0.1302968724863,6.35012982722984,40.825903786256,1404.00239083087,4967.24563798761
2230,37.1666666666667,0.130324316335283,6.34465185203868,40.889518670736,1405.90699647868,4976.79138623007
2232,37.2,0.130355271006308,6.33931884448251,40.9531226999762,1407.80996959611,4986.33855310399
2234,37.2333333333333,0.130389726261216,6.33413121601493,41.0167160507818,1409.71135370378,4995.88709458739
2236,37.2666666666667,0.130427671342033,6.32908935899839,41.0802989002359,1411.61119244432,5005.43696652499
2238,37.3,0.130469094975125,6.32419364659423,41.1438714257049,1413.50952957661,5014.98812463176
2240,37.3333333333333,0.130513985375639,6.31944443265939,41.2074338048447,1415.40640897007,5024.54052449651
2242,37.3666666666667,0.130562330252213,6.31484205164971,41.2709862156071,1417.30187459879,5034.09412158552
2244,37.4,0.130614116811979,6.31038681853009,41.3345288362463,1419.19597053575,5043.64887124619
2246,37.4333333333333,0.130669331765828,6.3060790286916,41.3980618453258,1421.08874094697,5053.20472871078
2248,37.4666666666667,0.130727961333957,6.30191895787568,41.4615854217252,1422.9802300856,5062.76164910016
2250,37.5,0.13078999125168,6.29790686210551,41.5250997446475,1424.87048228602,5072.31958742758
2252,37.5333333333333,0.130855406775511,6.29404297762473,41.5886049936263,1426.75954195797,5081.87849860251
2254,37.5666666666667,0.130924192689506,6.29032752084355,41.6521013485338,1428.64745358055,5091.43833743449
2256,37.6,0.13099633331187,6.28676068829243,41.7155889895877,1430.53426169631,5100.99905863705
2258,37.6333333333333,0.131071812501814,6.28334265658333,41.7790680973597,1432.42001090526,5110.56061683167
2260,37.6666666666667,0.131150613666663,6.28007358237869,41.8425388527833,1434.3047458589,5120.1229665517
2262,37.7,0.131232719769218,6.27695360236826,41.9060014371617,1436.18851125424,5129.68606224642
2264,37.7333333333333,0.131318113335346,6.27398283325372,41.9694560321762,1438.07135182779,5139.24985828507
2266,37.7666666666667,0.131406776461819,6.27116137174127,42.0329028198946,1439.95331234957,5148.81430896094
2268,37.8,0.13149869082437,6.26848929454231,42.0963419827792,1441.83443761712,5158.37936849547
2270,37.8333333333333,0.131593837685982,6.26596665838204,42.1597737036957,1443.7147724495,5167.9449910424
2272,37.8666666666667,0.131692197905388,6.26359350001632,42.2231981659216,1445.59436168128,5177.51113069196
2274,37.9,0.131793751945784,6.26136983625656,42.2866155531548,1447.47325015658,5187.07774147506
2276,37.9333333333333,0.131898479883748,6.25929566400288,42.350026049522,1449.35148272304,5196.64477736755
2278,37.9666666666667,0.132006361418346,6.25737096028547,42.4134298395877,1451.22910422592,5206.21219229447
2280,38,0.132117375880435,6.25559568231414,42.4768271083627,1453.10615950207,5215.77994013436
2282,38.0333333333333,0.132231502242146,6.25396976753615,42.5402180413129,1454.98269337403,5225.34797472356
2284,38.0666666666667,0.132348719126533,6.25249313370232,42.6036028243674,1456.85875064412,5234.91624986059
2286,38.1,0.132469004817392,6.25116567894126,42.6669816439282,1458.73437608849,5244.48471931049
2288,38.1333333333333,0.132592337269237,6.24998728184197,42.7303546868776,1460.60961445126,5254.05333680926
2290,38.1666666666667,0.132718694117414,6.2489578015445,42.7937221405875,1462.48451043869,5263.62205606821
2292,38.2,0.132848052688364,6.24807707783893,42.8570841929277,1464.35910871332,5273.19083077849
2294,38.2333333333333,0.132980390010006,6.24734493127234,42.920441032274,1466.23345388818,5282.75961461548
2296,38.2666666666667,0.133115682822245,6.24676116326393,42.9837928475169,1468.10759052103,5292.32836124329
2298,38.3,0.133253907587583,6.24632555622818,43.0471398280696,1469.98156310863,5301.89702431927
2300,38.3333333333333,0.133395040501839,6.24603787370597,43.110482163876,1471.85541608107,5311.46555749853
2302,38.3666666666667,0.133539057504953,6.24589786050353,43.1738200454185,1473.72919379606,5321.03391443846
2304,38.4,0.133685934291866,6.24590524283925,43.2371536637264,1475.60294053339,5330.60204880325
2306,38.4333333333333,0.133835646323483,6.24605972849825,43.3004832103829,1477.47670048932,5340.1699142685
2308,38.4666666666667,0.133988168837683,6.24636100699448,43.3638088775325,1479.35051777107,5349.73746452575
2310,38.5,0.134143476860384,6.24680874974037,43.4271308578891,1481.22443639135,5359.30465328708
2312,38.5333333333333,0.134301545216645,6.24740261022394,43.490449344742,1483.09850026298,5368.87143428968
2314,38.5666666666667,0.1344623485418,6.24814222419312,43.5537645319635,1484.97275319345,5378.43776130047
2316,38.6,0.134625861292606,6.24902720984724,43.6170766140155,1486.84723887971,5388.00358812069
2318,38.6333333333333,0.134792057758399,6.25005716803555,43.6803857859554,1488.72200090281,5397.5688685905
2320,38.6666666666667,0.13496091207225,6.2512316824626,43.7436922434428,1490.59708272282,5407.13355659359
2322,38.7,0.135132398222102,6.25255031990035,43.8069961827451,1492.47252767362,5416.69760606184
2324,38.7333333333333,0.135306490061889,6.25401263040679,43.8702978007435,1494.34837895787,5426.26097097985
2326,38.7666666666667,0.135483161322615,6.25561814755105,43.9335972949377,1496.22467964202,5435.82360538964
2328,38.8,0.135662385623387,6.25736638864459,43.9968948634516,1498.10147265136,5445.3854633952
2330,38.8333333333333,0.135844136482403,6.25925685497859,44.0601907050378,1499.97880076518,5454.94649916711
2332,38.8666666666667,0.136028387327857,6.26128903206702,44.1234850190821,1501.85670661196,5464.50666694718
2334,38.9,0.136215111508785,6.26346238989551,44.1867780056073,1503.73523266469,5474.065921053
2336,38.9333333333333,0.13640428230581,6.26577638317562,44.2500698652776,1505.61442123618,5483.62421588254
2338,38.9666666666667,0.136595872941804,6.26823045160436,44.3133607994016,1507.49431447455,5493.18150591874
2340,39,0.13678985659243,6.27082402012875,44.3766510099352,1509.3749543587,5502.73774573408
2342,39.0333333333333,0.136986206396584,6.27355649921525,44.4399406994849,1511.25638269395,5512.29288999512
2344,39.0666666666667,0.137184895466698,6.27642728512377,44.5032300713096,1513.13864110768,5521.84689346706
2346,39.1,0.137385896898915,6.27943576018604,44.566519329323,1515.0217710451,5531.39971101825
2348,39.1333333333333,0.137589183783122,6.2825812930882,44.6298086780948,1516.90581376509,5540.95129762471
2350,39.1666666666667,0.137794729212822,6.28586323915725,44.6930983228519,1518.79081033615,5550.50160837463
2352,39.2,0.138002506294856,6.28928094065122,44.7563884694793,1520.67680163239,5560.05059847284
2354,39.2333333333333,0.138212488158949,6.29283372705275,44.8196793245205,1522.56382832961,5569.59822324526
2356,39.2666666666667,0.138424647967076,6.29652091536588,44.8829710951773,1524.45193090156,5579.14443814331
2358,39.3,0.138638958922646,6.30034181041583,44.9462639893091,1526.34114961616,5588.68919874838
2360,39.3333333333333,0.138855394279493,6.30429570515144,45.0095582154322,1528.23152453186,5598.23246077614
2362,39.3666666666667,0.139073927350664,6.30838188095003,45.0728539827183,1530.12309549417,5607.77418008096
2364,39.4,0.139294531517001,6.31259960792452,45.1361515009929,1532.01590213212,5617.31431266019
2366,39.4333333333333,0.139517180235503,6.31694814523249,45.1994509807324,1533.909983855,5626.85281465849
2368,39.4666666666667,0.139741847047476,6.32142674138684,45.262752633062,1535.80537984899,5636.38964237212
2370,39.5,0.139968505586451,6.32603463456798,45.326056669752,1537.7021290741,5645.92475225313
2372,39.5333333333333,0.140197129585863,6.33077105293711,45.3893633032143,1539.60027026102,5655.4581009136
2374,39.5666666666667,0.140427692886505,6.33563521495047,45.4526727464983,1541.49984190814,5664.98964512982
2376,39.6,0.140660169443726,6.34062632967418,45.5159852132861,1543.40088227871,5674.51934184642
2378,39.6333333333333,0.140894533334388,6.34574359709956,45.5793009178873,1545.303429398,5684.04714818048
2380,39.6666666666667,0.141130758763565,6.35098620845848,45.6426200752337,1547.20752105064,5693.57302142557
2382,39.7,0.141368820070993,6.3563533465387,45.7059429008728,1549.11319477796,5703.09691905584
2384,39.7333333333333,0.14160869173725,6.36184418599878,45.7692696109616,1551.02048787555,5712.61879872994
2386,39.7666666666667,0.141850348389681,6.36745789368236,45.8326004222593,1552.92943739079,5722.13861829503
2388,39.8,0.142093764808047,6.3731936289316,45.8959355521196,1554.84008012055,5731.65633579065
2390,39.8333333333333,0.142338915929917,6.3790505438995,45.9592752184831,1556.75245260897,5741.17190945259
2392,39.8666666666667,0.142585776855775,6.3850277838608,46.022619639868,1558.66659114532,5750.68529771675
2394,39.9,0.142834322853865,6.39112448752138,46.085969035362,1560.58253176195,5760.19645922286
2396,39.9333333333333,0.143084529364756,6.39733978732571,46.149323624612,1562.50031023235,5769.70535281827
2398,39.9666666666667,0.143336372005628,6.40367280976226,46.2126836278143,1564.4199620693,5779.21193756161
2400,40,0.14358982657429,6.41012267566665,46.2760492657042,1566.34152252312,5788.71617272644
2402,40.0333333333333,0.143844869052914,6.41668850052216,46.3394207595449,1568.26502657994,5798.21801780484
2404,40.0666666666667,0.144101475611495,6.42336939475761,46.402798331116,1570.19050896018,5807.71743251095
2406,40.1,0.144359622611034,6.43016446404218,46.4661822027013,1572.11800411704,5817.21437678449
2408,40.1333333333333,0.144619286606446,6.43707280957706,46.5295725970769,1574.04754623506,5826.7088107942
2410,40.1666666666667,0.14488044434919,6.44409352838372,46.5929697374976,1575.97916922884,5836.20069494123
2412,40.2,0.145143072789633,6.45122571358861,46.6563738476838,1577.9129067418,5845.68998986248
2414,40.2333333333333,0.145407149079131,6.45846845470407,46.7197851518078,1579.84879214501,5855.17665643391
2416,40.2666666666667,0.145672650571856,6.46582083790519,46.7832038744788,1581.78685853616,5864.66065577381
2418,40.3,0.145939554826337,6.47328194630263,46.8466302407287,1583.72713873855,5874.14194924592
2420,40.3333333333333,0.146207839606757,6.48085086021103,46.9100644759965,1585.66966530021,5883.62049846264
2422,40.3666666666667,0.14647748288397,6.48852665741293,46.9735068061126,1587.61447049307,5893.09626528809
2424,40.4,0.146748462836275,6.49630841341805,47.0369574572824,1589.56158631224,5902.56921184114
2426,40.4333333333333,0.147020757849925,6.50419520171768,47.1004166560701,1591.51104447531,5912.03930049837
2428,40.4666666666667,0.147294346519391,6.51218609403422,47.1638846293811,1593.46287642181,5921.50649389705
2430,40.5,0.147569207647382,6.52028016056546,47.2273616044448,1595.41711331264,5930.97075493795
2432,40.5333333333333,0.147845320244611,6.52847647022371,47.2908478087965,1597.3737860297,5940.43204678819
2434,40.5666666666667,0.14812266352934,6.53677409086953,47.3543434702589,1599.33292517546,5949.89033288398
2436,40.6,0.148401216926683,6.54517208953995,47.4178488169237,1601.29456107269,5959.34557693336
2438,40.6333333333333,0.148680960067679,6.55366953267108,47.4813640771318,1603.25872376425,5968.79774291881
2440,40.6666666666667,0.148961872788155,6.56226548631501,47.5448894794544,1605.22544301288,5978.24679509987
2442,40.7,0.149243935127358,6.57095901635093,47.6084252526724,1607.19474830113,5987.69269801567
2444,40.7333333333333,0.149527127326388,6.57974918869028,47.671971625756,1609.16666883132,5997.13541648744
2446,40.7666666666667,0.14981142982642,6.58863506947595,47.7355288278446,1611.14123352557,6006.57491562089
2448,40.8,0.150096823266728,6.59761572527546,47.7990970882249,1613.11847102586,6016.01116080864
2450,40.8333333333333,0.150383288482518,6.60669022326794,47.8626766363097,1615.0984096942,6025.44411773251
2452,40.8666666666667,0.150670806502575,6.61585763142497,47.9262677016161,1617.08107761282,6034.8737523658
2454,40.9,0.150959358546727,6.62511701868517,47.9898705137432,1619.06650258439,6044.30003097549
2456,40.9333333333333,0.15124892602314,6.63446745512252,48.0534853023497,1621.0547121324,6053.72292012439
2458,40.9666666666667,0.151539490525443,6.64390801210834,48.1171122971306,1623.0457335014,6063.14238667328
2460,41,0.151831033829696,6.65343776246691,48.1807517277945,1625.03959365752,6072.55839778292
2462,41.0333333333333,0.152123537891202,6.66305578062478,48.24440382404,1627.03631928882,6081.97092091607
2464,41.0666666666667,0.152416984841174,6.67276114275364,48.3080688155316,1629.03593680585,6091.37992383941
2466,41.1,0.152711356983269,6.68255292690682,48.3717469318759,1631.03847234213,6100.78537462548
2468,41.1333333333333,0.153006636789977,6.69243021314937,48.435438402597,1633.04395175477,6110.18724165445
2470,41.1666666666667,0.153302806898896,6.70239208368181,48.4991434571121,1635.05240062506,6119.58549361595
2472,41.2,0.153599850108889,6.71243762295745,48.5628623247062,1637.06384425912,6128.98009951081
2474,41.2333333333333,0.153897749376116,6.72256591779337,48.6265952345074,1639.07830768858,6138.37102865272
2476,41.2666666666667,0.154196487809985,6.73277605747514,48.6903424154609,1641.09581567133,6147.75825066988
2478,41.3,0.154496048668981,6.74306713385513,48.7541040963041,1643.11639269221,6157.14173550657
2480,41.3333333333333,0.154796415356427,6.75343824144465,48.8178805055398,1645.14006296384,6166.52145342471
2482,41.3666666666667,0.155097571416145,6.76388847749988,48.8816718714108,1647.16685042739,6175.89737500533
2484,41.4,0.155399500528052,6.77441694210162,48.9454784218733,1649.19677875344,6185.26947114999
2486,41.4333333333333,0.15570218650368,6.7850227382289,49.0093003845706,1651.22987134281,6194.63771308222
2488,41.4666666666667,0.156005613281638,6.79570497182669,49.0731379868058,1653.26615132744,6204.00207234882
2490,41.5,0.156309764923011,6.80646275186745,49.1369914555159,1655.30564157128,6213.36252082119
2492,41.5333333333333,0.156614625606722,6.81729519040696,49.2008610172439,1657.34836467121,6222.71903069654
2494,41.5666666666667,0.156920179624836,6.82820140263423,49.2647468981119,1659.39434295799,6232.07157449918
2496,41.6,0.157226411377838,6.83918050691569,49.3286493237939,1661.44359849714,6241.42012508158
2498,41.6333333333333,0.15753330536988,6.85023162483377,49.3925685194879,1663.49615308997,6250.76465562557
2500,41.6666666666667,0.157840846203996,6.86135388121988,49.4565047098888,1665.55202827449,6260.10513964341
2502,41.7,0.15814901857731,6.87254640418199,49.5204581191603,1667.61124532644,6269.44155097878
2504,41.7333333333333,0.158457807276226,6.88380832512677,49.5844289709069,1669.67382526023,6278.77386380785
2506,41.7666666666667,0.158767197171608,6.89513877877654,49.6484174881464,1671.73978882993,6288.10205264016
2508,41.8,0.159077173213969,6.90653690318106,49.7124238932814,1673.80915653031,6297.4260923196
2510,41.8333333333333,0.159387720428656,6.91800183972424,49.7764484080715,1675.88194859781,6306.74595802526
2512,41.8666666666667,0.159698823911049,6.929532733126,49.8404912536046,1677.95818501152,6316.0616252723
2514,41.9,0.160010468821779,6.94112873143925,49.9045526502693,1680.03788549421,6325.37306991269
2516,41.9333333333333,0.160322640381956,6.95278898604223,49.9686328177258,1682.12106951334,6334.68026813607
2518,41.9666666666667,0.160635323868435,6.96451265162625,50.0327319748781,1684.20775628203,6343.98319647042
2520,42,0.160948504609102,6.97629888617903,50.096850339845,1686.29796476005,6353.28183178278
2522,42.0333333333333,0.1612621679782,6.98814685096366,50.1609881299324,1688.39171365482,6362.57615127991
2524,42.0666666666667,0.161576299391692,7.00005571049342,50.2251455616039,1690.48902142241,6371.86613250897
2526,42.1,0.161890884302669,7.01202463250254,50.2893228504528,1692.58990626848,6381.15175335803
2528,42.1333333333333,0.162205908196799,7.02405278791297,50.3535202111736,1694.69438614925,6390.43299205675
2530,42.1666666666667,0.162521356587841,7.03613935079747,50.4177378575331,1696.80247877247,6399.70982717685
2532,42.2,0.162837215013195,7.04828349833886,50.4819760023424,1698.91420159836,6408.98223763264
2534,42.2333333333333,0.163153469029527,7.06048441078593,50.5462348574278,1701.02957184051,6418.25020268151
2536,42.2666666666667,0.163470104208446,7.07274127140581,50.6105146336028,1703.14860646683,6427.51370192441
2538,42.3,0.163787106132249,7.08505326643312,50.6748155406393,1705.27132220045,6436.77271530625
2540,42.3333333333333,0.164104460389734,7.09741958501602,50.7391377872394,1707.39773552059,6446.0272231163
2542,42.3666666666667,0.164422152572085,7.10983941915926,50.8034815810067,1709.52786266344,6455.27720598861
2544,42.4,0.164740168268827,7.12231196366429,50.8678471284185,1711.66171962299,6464.52264490232
2546,42.4333333333333,0.16505849306386,7.13483641606681,50.932234634797,1713.79932215191,6473.76352118206
2548,42.4666666666667,0.165377112531571,7.14741197657153,50.9966443042813,1715.94068576233,6482.99981649816
2550,42.5,0.165696012233026,7.16003784798466,51.0610763397992,1718.08582572663,6492.23151286706
2552,42.5333333333333,0.166015177712243,7.17271323564394,51.1255309430393,1720.23475707826,6501.45859265148
2554,42.5666666666667,0.166334594492556,7.18543734734659,51.1900083144225,1722.38749461244,6510.68103856072
2556,42.6,0.166654248073056,7.19820939327508,51.2545086530749,1724.54405288692,6519.89883365087
2558,42.6333333333333,0.166974123925126,7.21102858592109,51.3190321567994,1726.7044462227,6529.11196132504
2560,42.6666666666667,0.167294207489066,7.22389414000759,51.3835790220479,1728.86868870469,6538.32040533353
2562,42.7,0.167614484170802,7.2368052724093,51.4481494438942,1731.03679418238,6547.52414977403
2564,42.7333333333333,0.167934939338699,7.24976120207156,51.5127436160061,1733.20877627052,6556.72317909176
2566,42.7666666666667,0.168255558320449,7.26276114992779,51.5773617306183,1735.38464834966,6565.91747807963
2568,42.8,0.168576326400074,7.2758043388157,51.6420039785049,1737.5644235668,6575.10703187835
2570,42.8333333333333,0.168897228815002,7.28888999339222,51.7066705489522,1739.74811483595,6584.29182597658
2572,42.8666666666667,0.169218250753256,7.30201734004749,51.7713616297322,1741.93573483864,6593.47184621097
2574,42.9,0.16953937735073,7.31518560681785,51.8360774070752,1744.12729602445,6602.64707876635
2576,42.9333333333333,0.169860593688558,7.32839402329796,51.9008180656432,1746.3228106115,6611.81751017568
2578,42.9666666666667,0.170181884790591,7.3416418205523,51.9655837885034,1748.52229058691,6620.98312732023
2580,43,0.170503235620956,7.35492823102602,52.030374757102,1750.72574770722,6630.14391742957
2582,43.0333333333333,0.170824631081724,7.36825248845528,52.0951911512375,1752.93319349883,6639.29986808161
2584,43.0666666666667,0.171146056010668,7.38161382777727,52.1600331490346,1755.14463925834,6648.45096720267
2586,43.1,0.171467495179119,7.39501148503987,52.2249009269186,1757.36009605294,6657.59720306749
2588,43.1333333333333,0.17178893328992,7.40844469731117,52.2897946595895,1759.5795747207,6666.73856429923
2590,43.1666666666667,0.172110354975473,7.42191270258893,52.354714519996,1761.80308587092,6675.8750398695
2592,43.2,0.172431744795885,7.43541473971004,52.4196606793106,1764.03063988433,6685.00661909833
2594,43.2333333333333,0.172753087237206,7.44895004826007,52.4846333069039,1766.26224691341,6694.1332916542
2596,43.2666666666667,0.173074366709767,7.46251786848306,52.5496325703196,1768.49791688257,6703.25504755399
2598,43.3,0.173395567546604,7.47611744119158,52.6146586352499,1770.73765948833,6712.37187716299
2600,43.3333333333333,0.173716674001985,7.48974800767719,52.6797116655104,1772.98148419951,6721.48377119483
2602,43.3666666666667,0.174037670250023,7.50340880962138,52.7447918230156,1775.22940025735,6730.59072071151
2604,43.4,0.174358540383382,7.51709908900702,52.8098992677548,1777.48141667563,6739.6927171233
2606,43.4333333333333,0.174679268412081,7.53081808803044,52.8750341577679,1779.73754224076,6748.78975218871
2608,43.4666666666667,0.174999838262376,7.54456504901427,52.9401966491211,1781.9977855118,6757.88181801449
2610,43.5,0.175320233775743,7.55833921432104,53.0053868958837,1784.26215482054,6766.96890705552
2612,43.5333333333333,0.175640438707947,7.57213982626758,53.0706050501042,1786.53065827149,6776.05101211478
2614,43.5666666666667,0.175960436728191,7.58596612704038,53.1358512617871,1788.80330374184,6785.1281263433
2616,43.6,0.176280211418362,7.59981735861201,53.2011256788698,1791.08009888143,6794.20024324005
2618,43.6333333333333,0.176599746272358,7.61369276265846,53.2664284471994,1793.36105111269,6803.26735665196
2620,43.6666666666667,0.176919024695495,7.62759158047771,53.3317597105107,1795.64616763052,6812.32946077376
2622,43.7,0.177238030004007,7.6415130529094,53.397119610403,1797.93545540219,6821.38655014798
2624,43.7333333333333,0.177556745424619,7.65545642025581,53.4625082863181,1800.22892116719,6830.43861966482
2626,43.7666666666667,0.177875154094206,7.66942092220407,53.5279258755186,1802.52657143707,6839.48566456211
2628,43.8,0.178193239059532,7.68340579774972,53.5933725130654,1804.82841249523,6848.52768042524
2630,43.8333333333333,0.178510983277064,7.69741028512172,53.658848331797,1807.13445039674,6857.56466318703
2632,43.8666666666667,0.178828369612867,7.7114336217088,53.7243534623074,1809.44469096806,6866.59660912773
2634,43.9,0.179145380842574,7.7254750439874,53.7898880329252,1811.75913980683,6875.62351487483
2636,43.9333333333333,0.179461999651429,7.7395337874511,53.8554521696931,1814.07780228156,6884.64537740308
2638,43.9666666666667,0.179778208634411,7.75360908654161,53.9210459963467,1816.40068353132,6893.66219403433
2640,44,0.180093990296419,7.76770017458136,53.9866696342944,1818.72778846547,6902.67396243749
2642,44.0333333333333,0.18040932705254,7.78180628370782,54.0523232025972,1821.05912176327,6911.6806806284
2644,44.0666666666667,0.180724201228377,7.79592664480942,54.1180068179487,1823.39468787353,6920.68234696977
2646,44.1,0.181038595060455,7.81006048746322,54.1837205946555,1825.73449101424,6929.67896017108
2648,44.1333333333333,0.18135249069669,7.82420703987436,54.2494646446178,1828.07853517218,6938.67051928847
2650,44.1666666666667,0.181665870196921,7.83836552881724,54.3152390773098,1830.42682410249,6947.65702372467
2652,44.2,0.181978715533517,7.85253517957854,54.3810439997616,1832.77936132823,6956.63847322887
2654,44.2333333333333,0.182291008592035,7.86671521590209,54.4468795165395,1835.13615013994,6965.61486789669
2656,44.2666666666667,0.182602731171956,7.88090485993554,54.5127457297284,1837.49719359519,6974.58620816997
2658,44.3,0.182913864987469,7.89510333217901,54.5786427389132,1839.86249451805,6983.55249483679
2660,44.3333333333333,0.183224391668323,7.90930985143551,54.6445706411607,1842.23205549865,6992.51372903126
2662,44.3666666666667,0.183534292760737,7.92352363476345,54.7105295310025,1844.60587889263,7001.4699122335
2664,44.4,0.183843549728367,7.9377438974309,54.7765195004172,1846.9839668206,7010.42104626947
2666,44.4333333333333,0.18415214395333,7.95196985287197,54.8425406388133,1849.36632116765,7019.3671333109
2668,44.4666666666667,0.184460056737287,7.9662007126451,54.9085930330122,1851.75294358276,7028.30817587515
2670,44.5,0.184767269302578,7.98043568639328,54.9746767672319,1854.14383547824,7037.24417682512
2672,44.5333333333333,0.185073762793409,7.99467398180637,55.0407919230705,1856.53899802914,7046.17513936911
2674,44.5666666666667,0.185379518277094,8.00891480458535,55.1069385794899,1858.93843217271,7055.10106706073
2676,44.6,0.185684516745354,8.0231573584086,55.1731168128004,1861.34213860773,7064.02196379874
2678,44.6333333333333,0.185988739115653,8.03740084490027,55.2393266966447,1863.75011779397,7072.93783382693
2680,44.6666666666667,0.186292166232598,8.05164446360056,55.3055683019832,1866.16236995152,7081.84868173403
2682,44.7,0.186594778869376,8.06588741193818,55.3718416970782,1868.57889506018,7090.75451245353
2684,44.7333333333333,0.18689655772925,8.08012888520472,55.4381469474803,1870.99969285883,7099.65533126354
2686,44.7666666666667,0.187197483447088,8.09436807653115,55.5044841160127,1873.4247628448,7108.55114378669
2688,44.8,0.18749753659095,8.10860417686637,55.5708532627583,1875.85410427318,7117.44195598993
2690,44.8333333333333,0.187796697663712,8.12283637495774,55.6372544450446,1878.2877161562,7126.32777418444
2692,44.8666666666667,0.188094947104737,8.13706385733373,55.7036877174313,1880.72559726255,7135.2086050254
2694,44.9,0.188392265291588,8.15128580828859,55.770153131696,1883.16774611673,7144.08445551187
2696,44.9333333333333,0.188688632541782,8.1655014098691,55.8366507368219,1885.61416099835,7152.95533298663
2698,44.9666666666667,0.188984029114587,8.17970984186329,55.9031805789847,1888.06483994149,7161.82124513597
2700,45,0.189278435212856,8.19391028179129,55.9697427015403,1890.51978073398,7170.68219998954
2702,45.0333333333333,0.189571830984906,8.20810190489819,56.0363371450127,1892.97898091678,7179.53820592012
2704,45.0666666666667,0.189864196526428,8.22228388414891,56.102963947082,1895.44243778323,7188.3892716435
2706,45.1,0.190155511882442,8.23645539022514,56.1696231425729,1897.9101483784,7197.23540621817
2708,45.1333333333333,0.190445757049283,8.25061559152425,56.2363147634438,1900.38210949841,7206.0766190452
2710,45.1666666666667,0.190734911976625,8.26476365416032,56.3030388387753,1902.85831768973,7214.91291986799
2712,45.2,0.191022956569544,8.27889874196704,56.36979539476,1905.3387692485,7223.74431877202
2714,45.2333333333333,0.191309870690609,8.29302001650272,56.436584454692,1907.82346021986,7232.57082618465
2716,45.2666666666667,0.191595634162013,8.30712663705728,56.5034060389567,1910.31238639723,7241.39245287482
2718,45.3,0.191880226767732,8.32121776066117,56.5702601650214,1912.80554332167,7250.20920995287
2720,45.3333333333333,0.192163628255719,8.33529254209629,56.6371468474258,1915.30292628119,7259.02110887019
2722,45.3666666666667,0.192445818340132,8.34935013390897,56.7040660977728,1917.80453031006,7267.82816141902
2724,45.4,0.192726776703584,8.36338968642469,56.7710179247197,1920.31035018818,7276.6303797321
2726,45.4333333333333,0.193006482999437,8.37741034776502,56.8380023339698,1922.82038044036,7285.42777628239
2728,45.4666666666667,0.19328491685411,8.39141126386622,56.9050193282644,1925.33461533572,7294.22036388279
2730,45.5,0.193562057869431,8.40539157849996,56.9720689073746,1927.85304888697,7303.00815568576
2732,45.5333333333333,0.193837885625004,8.41935043329587,57.0391510680942,1930.37567484982,7311.79116518302
2734,45.5666666666667,0.194112379680614,8.43328696776597,57.1062658042322,1932.90248672232,7320.5694062052
2736,45.6,0.194385519578651,8.44720031933101,57.1734131066062,1935.43347774421,7329.34289292146
2738,45.6333333333333,0.194657284846567,8.46108962334869,57.2405929630355,1937.96864089633,7338.11163983912
2740,45.6666666666667,0.194927654999351,8.4749540131437,57.3078053583354,1940.50796889994,7346.87566180328
2742,45.7,0.195196609542036,8.48879262003963,57.3750502743109,1943.0514542162,7355.63497399638
2744,45.7333333333333,0.195464127972228,8.50260457339266,57.4423276897514,1945.59908904551,7364.38959193784
2746,45.7666666666667,0.195730189782657,8.51638900062716,57.5096375804253,1948.15086532691,7373.13953148354
2748,45.8,0.195994774463752,8.53014502727298,57.5769799190755,1950.70677473759,7381.88480882543
2750,45.8333333333333,0.19625786150624,8.54387177700455,57.6443546754143,1953.2668086922,7390.62544049105
2752,45.8666666666667,0.196519430403768,8.55756837168179,57.7117618161197,1955.83095834242,7399.36144334302
2754,45.9,0.196779460655538,8.57123393139273,57.7792013048316,1958.39921457632,7408.09283457855
2756,45.9333333333333,0.197037931768976,8.58486757449788,57.8466731021477,1960.9715680179,7416.8196317289
2758,45.9666666666667,0.197294823262409,8.59846841767629,57.9141771656209,1963.54800902653,7425.54185265889
2760,46,0.197550114667769,8.61203557597331,57.9817134497566,1966.12852769647,7434.25951556628
2762,46.0333333333333,0.197803785533312,8.62556816285012,58.0492819060096,1968.7131138564,7442.97263898122
2764,46.0666666666667,0.198055815426359,8.63906529023478,58.1168824827825,1971.30175706891,7451.68124176566
2766,46.1,0.198306183936051,8.65252606857506,58.184515125424,1973.89444663007,7460.3853431127
2768,46.1333333333333,0.198554870676121,8.66594960689282,58.2521797762271,1976.49117156897,7469.08496254599
2770,46.1666666666667,0.198801855287688,8.67933501284003,58.3198763744285,1979.09192064732,7477.78011991905
2772,46.2,0.199047117442061,8.6926813927564,58.3876048562077,1981.69668235905,7486.47083541457
2774,46.2333333333333,0.199290636843561,8.70598785172856,58.4553651546864,1984.30544492988,7495.15712954377
2776,46.2666666666667,0.199532393232357,8.71925349365081,58.5231571999293,1986.91819631697,7503.83902314558
2778,46.3,0.199772366387318,8.73247742128743,58.5909809189438,1989.53492420858,7512.516537386
2780,46.3333333333333,0.200010536128876,8.74565873633645,58.6588362356811,1992.15561602374,7521.18969375724
2782,46.3666666666667,0.200246882321902,8.75879653949499,58.7267230710373,1994.78025891188,7529.85851407697
2784,46.4,0.200481384878599,8.77188993052607,58.7946413428549,1997.40883975261,7538.5230204875
2786,46.4333333333333,0.200714023761401,8.78493800832685,58.8625909659246,2000.04134515538,7547.18323545493
2788,46.4666666666667,0.200944778985886,8.79793987099831,58.9305718519879,2002.67776145929,7555.8391817683
2790,46.5,0.2011736306237,8.81089461591644,58.998583909739,2005.3180747328,7564.49088253865
2792,46.5333333333333,0.20140055880549,8.82380133980469,59.0666270448287,2007.96227077352,7573.13836119817
2794,46.5666666666667,0.201625543723846,8.83665913880795,59.1347011598672,2010.61033510808,7581.78164149922
2796,46.6,0.201848565636253,8.84946710856781,59.202806154428,2013.26225299188,7590.42074751337
2798,46.6333333333333,0.20206960486805,8.86222434429918,59.270941925052,2015.91800940902,7599.05570363038
2800,46.6666666666667,0.202288641815398,8.87492994086821,59.3391083652521,2018.57758907212,7607.68653455722
2802,46.7,0.202505656948254,8.88758299287156,59.4073053655183,2021.24097642226,7616.31326531701
2804,46.7333333333333,0.202720630813351,8.90018259471696,59.4755328133224,2023.90815562887,7624.9359212479
2806,46.7666666666667,0.202933544037182,8.91272784070491,59.5437905931243,2026.57911058971,7633.55452800204
2808,46.8,0.203144377328994,8.92521782511178,59.6120785863775,2029.25382493084,7642.16911154438
2810,46.8333333333333,0.203353111483782,8.93765164227402,59.6803966715363,2031.93228200659,7650.77969815153
2812,46.8666666666667,0.203559727385289,8.95002838667359,59.7487447240616,2034.61446489964,7659.38631441059
2814,46.9,0.203764206009005,8.96234715302458,59.817122616429,2037.300356421,7667.98898721791
2816,46.9333333333333,0.203966528425177,8.97460703636096,59.8855302181362,2039.98993911015,7676.58774377784
2818,46.9666666666667,0.204166675801809,8.98680713212549,59.9539673957105,2042.6831952351,7685.18261160145
2820,47,0.204364629407674,8.99894653625965,60.0224340127178,2045.38010679253,7693.77361850523
2822,47.0333333333333,0.204560370615321,9.0110243452948,60.0909299297713,2048.08065550796,7702.36079260974
2824,47.0666666666667,0.204753880904082,9.02303965644426,60.1594550045403,2050.78482283594,7710.94416233825
2826,47.1,0.204945141863079,9.03499156769648,60.2280090917601,2053.4925899602,7719.52375641532
2828,47.1333333333333,0.205134135194228,9.04687917790926,60.2965920432419,2056.20393779399,7728.09960386538
2830,47.1666666666667,0.205320842715246,9.05870158690493,60.365203707883,2058.91884698025,7736.67173401127
2832,47.2,0.205505246362645,9.07045789556646,60.4338439316778,2061.63729789198,7745.24017647273
2834,47.2333333333333,0.205687328194734,9.08214720593456,60.5025125577288,2064.35927063251,7753.80496116485
2836,47.2666666666667,0.205867070394609,9.09376862130572,60.5712094262582,2067.08474503589,7762.36611829658
2838,47.3,0.206044455273139,9.10532124633108,60.6399343746198,2069.81370066728,7770.92367836904
2840,47.3333333333333,0.20621946527195,9.11680418711623,60.7086872373114,2072.54611682332,7779.47767217399
2842,47.3666666666667,0.206392082966396,9.12821655132181,60.7774678459874,2075.28197253262,7788.02813079208
2844,47.4,0.206562291068533,9.13955744826497,60.8462760294721,2078.02124655621,7796.57508559122
2846,47.4333333333333,0.206730072430072,9.15082598902162,60.9151116137732,2080.76391738805,7805.11856822483
2848,47.4666666666667,0.206895410045337,9.16202128652941,60.9839744220955,2083.50996325556,7813.65861063008
2850,47.5,0.207058287054205,9.17314245569153,61.0528642748555,2086.25936212021,7822.19524502608
2852,47.5333333333333,0.207218686745036,9.18418861348119,61.1217809896962,2089.01209167807,7830.72850391209
2854,47.5666666666667,0.207376592557597,9.19515887904676,61.1907243815017,2091.76812936049,7839.25842006563
2856,47.6,0.207531988085976,9.20605237381769,61.2596942624133,2094.52745233473,7847.78502654059
2858,47.6333333333333,0.207684857081471,9.21686822161093,61.328690441845,2097.29003750467,7856.30835666529
2860,47.6666666666667,0.207835183455487,9.22760554873809,61.3977127265,2100.05586151151,7864.82844404054
2862,47.7,0.207982951282397,9.23826348411315,61.4667609203873,2102.82490073454,7873.3453225376
2864,47.7333333333333,0.208128144802408,9.24884115936072,61.5358348248388,2105.59713129195,7881.85902629619
2866,47.7666666666667,0.208270748424399,9.25933770892483,61.6049342385268,2108.37252904161,7890.36958972239
2868,47.8,0.20841074672875,9.2697522701783,61.6740589574819,2111.15106958196,7898.87704748654
2870,47.8333333333333,0.208548124470152,9.28008398353254,61.7432087751111,2113.93272825287,7907.3814345211
2872,47.8666666666667,0.208682866580398,9.29033199254779,61.8123834822168,2116.71748013658,7915.88278601849
2874,47.9,0.208814958171164,9.30049544404386,61.8815828670152,2119.50530005864,7924.38113742888
2876,47.9333333333333,0.208944384536759,9.31057348821124,61.9508067151564,2122.29616258889,7932.87652445791
2878,47.9666666666667,0.209071131156867,9.32056527872254,62.020054809744,2125.09004204252,7941.36898306445
2880,48,0.209195183699265,9.33046997284438,62.0893269313548,2127.88691248106,7949.85854945827
2882,48.0333333333333,0.209316528022513,9.34028673154953,62.1586228580603,2130.68674771352,7958.34526009768
2884,48.0666666666667,0.209435150178638,9.35001471962932,62.2279423654466,2133.48952129748,7966.82915168717
2886,48.1,0.209551036415779,9.35965310580645,62.2972852266367,2136.29520654026,7975.31026117495
2888,48.1333333333333,0.209664173180822,9.36920106284785,62.3666512123115,2139.1037765001,7983.78862575055
2890,48.1666666666667,0.209774547122003,9.37865776767789,62.4360400907323,2141.91520398738,7992.26428284225
2892,48.2,0.209882145091491,9.38802240149174,62.5054516277629,2144.72946156587,8000.73727011466
2894,48.2333333333333,0.209986954147944,9.39729414986886,62.5748855868928,2147.54652155406,8009.20762546605
2896,48.2666666666667,0.210088961559041,9.40647220288662,62.6443417292603,2150.36635602641,8017.67538702581
2898,48.3,0.210188154803985,9.415555755234,62.7138198136759,2153.18893681478,8026.14059315185
2900,48.3333333333333,0.210284521575978,9.42454400632544,62.7833195966461,2156.01423550978,8034.60328242785
2902,48.3666666666667,0.210378049784677,9.43343616041462,62.8528408323983,2158.84222346222,8043.06349366063
2904,48.4,0.210468727558606,9.44223142670831,62.9223832729048,2161.67287178453,8051.52126587741
2906,48.4333333333333,0.210556543247552,9.45092901948018,62.9919466679081,2164.50615135232,8059.97663832298
2908,48.4666666666667,0.210641485424926,9.4595281581846,63.0615307649462,2167.34203280584,8068.42965045698
2910,48.5,0.210723542890095,9.4680280675703,63.1311353093784,2170.18048655159,8076.880341951
2912,48.5333333333333,0.210802704670675,9.47642797779397,63.2007600444112,2173.0214827639,8085.32875268574
2914,48.5666666666667,0.210878960024806,9.4847271245337,63.2704047111248,2175.86499138655,8093.7749227481
2916,48.6,0.210952298443383,9.49292474910231,63.3400690484998,2178.71098213446,8102.21889242824
2918,48.6333333333333,0.211022709652257,9.50102009856038,63.4097527934444,2181.55942449537,8110.66070221661
2920,48.6666666666667,0.211090183614405,9.50901242582916,63.4794556808216,2184.41028773158,8119.10039280091
2922,48.7,0.21115471053206,9.51690098980316,63.5491774434772,2187.2635408817,8127.53800506313
2924,48.7333333333333,0.211216280848812,9.52468505546253,63.6189178122675,2190.11915276248,8135.97358007641
2926,48.7666666666667,0.211274885251667,9.53236389398502,63.6886765160881,2192.97709197063,8144.40715910196
2928,48.8,0.211330514673075,9.53993678285771,63.7584532819026,2195.83732688468,8152.83878358594
2930,48.8333333333333,0.211383160292919,9.54740300598832,63.8282478347712,2198.69982566688,8161.26849515626
2932,48.8666666666667,0.211432813540463,9.5547618538161,63.8980598978806,2201.56455626515,8169.69633561941
2934,48.9,0.21147946609627,9.56201262342234,63.9678891925733,2204.43148641505,8178.12234695723
2936,48.9333333333333,0.211523109894071,9.56915461864038,64.0377354383776,2207.30058364174,8186.54657132363
2938,48.9666666666667,0.211563737122604,9.57618715016518,64.107598353038,2210.17181526208,8194.96905104131
2940,49,0.211601340227407,9.58310953566233,64.1774776525459,2213.04514838664,8203.38982859843
2942,49.0333333333333,0.211635911912576,9.58992109987654,64.2473730511699,2215.92054992181,8211.80894664528
2944,49.0666666666667,0.211667445142473,9.59662117473954,64.3172842614876,2218.79798657197,8220.22644799087
2946,49.1,0.211695933143405,9.60320909947742,64.3872109944165,2221.67742484161,8228.64237559955
2948,49.1333333333333,0.211721369405251,9.60968422071729,64.457152959246,2224.55883103753,8237.05677258753
2950,49.1666666666667,0.211743747683053,9.61604589259328,64.5271098636695,2227.44217127109,8245.46968221945
2952,49.2,0.211763061998558,9.62229347685192,64.597081413816,2230.32741146048,8253.88114790486
2954,49.2333333333333,0.211779306641724,9.62842634295674,64.6670673142836,2233.21451733295,8262.29121319473
2956,49.2666666666667,0.211792476172175,9.63444386819213,64.7370672681712,2236.10345442721,8270.69992177783
2958,49.3,0.211802565420617,9.64034543776645,64.8070809771124,2238.99418809574,8279.10731747722
2960,49.3333333333333,0.211809569490209,9.64613044491437,64.8771081413083,2241.88668350716,8287.51344424662
2962,49.3666666666667,0.211813483757886,9.65179829099829,64.9471484595611,2244.78090564871,8295.91834616678
2964,49.4,0.211814303875636,9.657348385609,65.017201629308,2247.67681932861,8304.32206744181
2966,49.4333333333333,0.211812025771739,9.66278014666543,65.087267346655,2250.5743891786,8312.72465239551
2968,49.4666666666667,0.211806645651949,9.66809300051344,65.1573453064111,2253.47357965644,8321.12614546768
2970,49.5,0.211798160000636,9.67328638202378,65.2274352021229,2256.37435504841,8329.52659121036
2972,49.5333333333333,0.211786565581885,9.67835973468896,65.2975367261094,2259.27667947191,8337.92603428409
2974,49.5666666666667,0.211771859440533,9.68331251071926,65.3676495694961,2262.18051687801,8346.32451945415
2976,49.6,0.211754038903177,9.68814417113762,65.4377734222512,2265.08583105415,8354.72209158671
2978,49.6333333333333,0.211733101579123,9.69285418587353,65.5079079732199,2267.99258562671,8363.11879564508
2980,49.6666666666667,0.211709045361287,9.69744203385591,65.5780529101603,2270.90074406372,8371.51467668581
2982,49.7,0.211681868427053,9.70190720310478,65.648207919779,2273.81026967758,8379.90977985482
2984,49.7333333333333,0.211651569239079,9.70624919082194,65.718372687767,2276.72112562778,8388.30415038358
2986,49.7666666666667,0.211618146546057,9.71046750348039,65.7885468988355,2279.63327492366,8396.69783358513
2988,49.8,0.211581599383418,9.71456165691271,65.8587302367521,2282.54668042721,8405.09087485021
2990,49.8333333333333,0.211541927073997,9.71853117639811,65.9289223843775,2285.46130485586,8413.48331964329
2992,49.8666666666667,0.211499129228639,9.72237559674843,65.9991230237015,2288.37711078535,8421.8752134986
2994,49.9,0.211453205746767,9.72609446239273,66.0693318358798,2291.29406065257,8430.26660201618
2996,49.9333333333333,0.211404156816885,9.72968732746077,66.139548501271,2294.21211675848,8438.65753085787
2998,49.9666666666667,0.21135198291705,9.73315375586512,66.2097726994734,2297.13124127099,8447.0480457433
3000,50,0.211296684815276,9.73649332138197,66.2800041093617,2300.05139622793,8455.43819244585
3002,50.0333333333333,0.211238263569904,9.7397056077307,66.3502424091249,2302.97254354001,8463.82801678862
3004,50.0666666666667,0.21117672052991,9.74279020865195,66.4204872763029,2305.8946449938,8472.21756464037
3006,50.1,0.211112057335168,9.74574672798448,66.4907383878243,2308.81766225474,8480.60688191144
3008,50.1333333333333,0.211044275916667,9.74857477974054,66.5609954200439,2311.7415568702,8488.99601454969
3010,50.1666666666667,0.210973378496671,9.75127398817985,66.63125804878,2314.66629027249,8497.38500853636
3012,50.2,0.210899367588831,9.75384398788219,66.7015259493526,2317.59182378199,8505.773909882
3014,50.2333333333333,0.210822245998253,9.75628442381849,66.7717987966207,2320.51811861023,8514.16276462232
3016,50.2666666666667,0.210742016821508,9.75859495142046,66.8420762650204,2323.445135863,8522.5516188141
3018,50.3,0.210658683446593,9.76077523664879,66.9123580286028,2326.37283654352,8530.94051853097
3020,50.3333333333333,0.210572249552853,9.76282495605978,66.9826437610722,2329.30118155557,8539.32950985937
3022,50.3666666666667,0.210482719110838,9.76474379687046,67.0529331358237,2332.23013170671,8547.71863889427
3024,50.4,0.210390096382122,9.76653145702219,67.1232258259816,2335.15964771146,8556.10795173511
3026,50.4333333333333,0.21029438591907,9.76818764524272,67.1935215044376,2338.08969019452,8564.49749448154
3028,50.4666666666667,0.210195592564548,9.76971208110665,67.2638198438889,2341.02021969404,8572.8873132293
3030,50.5,0.210093721451599,9.77110449509429,67.3341205168764,2343.95119666483,8581.27745406601
3032,50.5333333333333,0.209988778003059,9.77236462864894,67.4044231958227,2346.88258148167,8589.66796306694
3034,50.5666666666667,0.209880767931124,9.77349223423259,67.4747275530708,2349.8143344426,8598.05888629089
3036,50.6,0.20976969723688,9.77448707537992,67.5450332609223,2352.74641577223,8606.45026977592
3038,50.6333333333333,0.209655572209768,9.7753489267507,67.615339991675,2355.67878562505,8614.84215953518
3040,50.6666666666667,0.209538399427021,9.7760775741805,67.6856474176622,2358.61140408879,8623.23460155271
3042,50.7,0.209418185753035,9.77667281472983,67.7559552112901,2361.54423118776,8631.6276417792
3044,50.7333333333333,0.209294938338703,9.77713445673143,67.8262630450762,2364.47722688623,8640.0213261278
3046,50.7666666666667,0.209168664620707,9.77746231983602,67.8965705916877,2367.41035109182,8648.41570046993
3048,50.8,0.209039372320747,9.77765623505629,67.9668775239798,2370.34356365889,8656.81081063103
3050,50.8333333333333,0.208907069444741,9.77771604480917,68.037183515033,2373.27682439195,8665.20670238638
3052,50.8666666666667,0.208771764281971,9.77764160295638,68.1074882381923,2376.2100930491,8673.6034214569
3054,50.9,0.208633465404185,9.77743277484329,68.1777913671043,2379.14332934545,8682.0010135049
3056,50.9333333333333,0.208492181664652,9.77708943733598,68.2480925757556,2382.07649295656,8690.39952412996
3058,50.9666666666667,0.20834792219718,9.77661147885662,68.3183915385103,2385.00954352193,8698.79899886466
3060,51,0.208200696415081,9.77599879941703,68.3886879301485,2387.94244064845,8707.19948317042
3062,51.0333333333333,0.208050514010099,9.77525131065053,68.4589814259032,2390.87514391386,8715.60102243332
3064,51.0666666666667,0.207897384951292,9.77436893584203,68.5292717014985,2393.80761287029,8724.00366195992
3066,51.1,0.207741319483872,9.77335160995629,68.5995584331867,2396.73980704769,8732.40744697306
3068,51.1333333333333,0.207582328128007,9.77219927966448,68.6698412977861,2399.67168595741,8740.81242260774
3070,51.1666666666667,0.207420421677573,9.77091190336893,68.7401199727181,2402.60320909565,8749.21863390692
3072,51.2,0.207255611198872,9.76948945122607,68.8103941360444,2405.53433594701,8757.62612581739
3074,51.2333333333333,0.207087908029314,9.76793190516763,68.8806634665043,2408.46502598803,8766.03494318567
3076,51.2666666666667,0.206917323776043,9.76623925892003,68.9509276435511,2411.39523869069,8774.44513075381
3078,51.3,0.206743870314545,9.76441151802203,69.0211863473894,2414.32493352599,8782.85673315533
3080,51.3333333333333,0.206567559787202,9.76244869984047,69.0914392590116,2417.25406996744,8791.2697949111
3082,51.3666666666667,0.206388404601813,9.76035083358439,69.1616860602343,2420.18260749468,8799.68436042523
3084,51.4,0.206206417430081,9.75811796031723,69.2319264337347,2423.11050559698,8808.10047398103
3086,51.4333333333333,0.206021611206059,9.75575013296728,69.3021600630867,2426.0377237768,8816.51817973693
3088,51.4666666666667,0.205833999124563,9.7532474163364,69.3723866327972,2428.96422155339,8824.9375217224
3090,51.5,0.20564359463955,9.75060988710689,69.4426058283414,2431.8899584663,8833.35854383397
3092,51.5333333333333,0.205450411462459,9.74783763384658,69.5128173361988,2434.814894079,8841.78128983117
3094,51.5666666666667,0.205254463560522,9.74493075701223,69.5830208438885,2437.73898798239,8850.20580333255
3096,51.6,0.205055765155036,9.74188936895104,69.6532160400046,2440.6621997984,8858.63212781168
3098,51.6333333333333,0.204854330719615,9.73871359390048,69.7234026142511,2443.58448918356,8867.06030659321
3100,51.6666666666667,0.204650174978393,9.73540356798636,69.7935802574765,2446.50581583254,8875.49038284891
3102,51.7,0.204443312904213,9.73195943921906,69.863748661709,2449.42613948176,8883.92239959372
3104,51.7333333333333,0.204233759716776,9.72838136748812,69.9339075201901,2452.34541991289,8892.35639968189
3106,51.7666666666667,0.204021530880764,9.72466952455505,70.0040565274096,2455.26361695649,8900.79242580305
3108,51.8,0.203806642103935,9.72082409404436,70.0741953791388,2458.18069049551,8909.23052047837
3110,51.8333333333333,0.20358910933519,9.71684527143296,70.1443237724645,2461.09660046887,8917.67072605671
3112,51.8666666666667,0.203368948762612,9.71273326403777,70.2144414058224,2464.01130687503,8926.11308471079
3114,51.9,0.203146176811484,9.70848829100165,70.2845479790302,2466.92476977551,8934.55763843341
3116,51.9333333333333,0.202920810142273,9.70411058327768,70.3546431933208,2469.83694929846,8943.00442903366
3118,51.9666666666667,0.202692865648598,9.69960038361169,70.4247267513743,2472.74780564219,8951.45349813319
3120,52,0.202462360455175,9.69495794652317,70.4947983573511,2475.65729907873,8959.90488716247
3122,52.0333333333333,0.202229311915728,9.6901835382845,70.5648577169235,2478.5653899573,8968.35863735709
3124,52.0666666666667,0.201993737610894,9.68527743689855,70.6349045373077,2481.47203870793,8976.8147897541
3126,52.1,0.201755655346098,9.68023993207463,70.7049385272955,2484.37720584486,8985.27338518836
3128,52.1333333333333,0.201515083149404,9.67507132520288,70.774959397285,2487.28085197017,8993.73446428892
3130,52.1666666666667,0.201272039269363,9.66977192932697,70.8449668593122,2490.1829377772,9002.19806747542
3132,52.2,0.201026542172822,9.66434206911526,70.9149606270812,2493.08342405406,9010.66423495457
3134,52.2333333333333,0.200778610542734,9.65878208083045,70.9849404159946,2495.98227168713,9019.13300671654
3136,52.2666666666667,0.200528263275938,9.65309231229756,71.0549059431836,2498.87944166454,9027.60442253154
3138,52.3,0.200275519480934,9.64727312287044,71.1248569275376,2501.77489507961,9036.0785219463
3140,52.3333333333333,0.200020398475635,9.64132488339678,71.1947930897336,2504.66859313435,9044.55534428063
3142,52.3666666666667,0.19976291978511,9.63524797618158,71.2647141522652,2507.56049714283,9053.03492862403
3144,52.4,0.199503103139311,9.62904279494911,71.3346198394716,2510.45056853471,9061.51731383229
3146,52.4333333333333,0.199240968470796,9.6227097448035,71.4045098775654,2513.33876885858,9070.00253852414
3148,52.4666666666667,0.198976535912426,9.6162492421878,71.4743839946611,2516.22505978542,9078.49064107795
3150,52.5,0.198709825795069,9.60966171484166,71.5442419208027,2519.10940311199,9086.98165962844
3152,52.5333333333333,0.198440858645279,9.60294760175756,71.6140833879909,2521.99176076419,9095.47563206344
3154,52.5666666666667,0.198169655182979,9.59610735313572,71.68390813021,2524.87209480047,9103.97259602065
3156,52.6,0.197896236319132,9.58914143033761,71.7537158834549,2527.75036741516,9112.4725888845
3158,52.6333333333333,0.1976206231534,9.58205030583813,71.823506385757,2530.62654094183,9120.97564778294
3160,52.6666666666667,0.197342836971805,9.57483446317642,71.89327937721,2533.50057785661,9129.48180958441
3162,52.7,0.197062899244385,9.56749439690551,71.963034599996,2536.37244078152,9137.99111089469
3164,52.7333333333333,0.196780831622838,9.56003061254054,72.03277179841,2539.24209248776,9146.50358805392
3166,52.7666666666667,0.196496655938173,9.55244362650582,72.1024907188849,2542.10949589898,9155.01927713355
3168,52.8,0.19621039419835,9.54473396608064,72.172191110016,2544.97461409458,9163.53821393339
3170,52.8333333333333,0.195922068585928,9.53690216934393,72.2418727225848,2547.83741031296,9172.06043397871
3172,52.8666666666667,0.1956317014557,9.52894878511761,72.3115353095829,2550.6978479547,9180.58597251728
3174,52.9,0.195339315332344,9.52087437290898,72.3811786262347,2553.55589058587,9189.11486451659
3176,52.9333333333333,0.195044932908061,9.51267950285178,72.4508024300208,2556.41150194115,9197.64714466097
3178,52.9666666666667,0.194748577040221,9.50436475564632,72.5204064807,2559.26464592706,9206.18284734885
3180,53,0.194450270749017,9.49593072249843,72.5899905403317,2562.1152866251,9214.72200669002
3182,53.0333333333333,0.194150037215111,9.4873780050574,72.6595543732969,2564.96338829493,9223.26465650289
3184,53.0666666666667,0.193847899777297,9.47870721535288,72.7290977463203,2567.80891537744,9231.81083031189
3186,53.1,0.19354388193016,9.46991897573081,72.7986204284903,2570.65183249793,9240.36056134477
3188,53.1333333333333,0.193238007321745,9.46101391878835,72.8681221912797,2573.49210446916,9248.91388253009
3190,53.1666666666667,0.192930299751234,9.45199268730787,72.9376028085658,2576.3296962944,9257.47082649462
3192,53.2,0.192620783166627,9.44285593419006,73.0070620566499,2579.16457317054,9266.03142556088
3194,53.2333333333333,0.192309481662436,9.43360432238609,73.0764997142762,2581.99670049107,9274.59571174463
3196,53.2666666666667,0.191996419477387,9.42423852482899,73.1459155626507,2584.82604384911,9283.1637167525
3198,53.3,0.191681620992126,9.41475922436411,73.2153093854597,2587.65256904039,9291.73547197956
3200,53.3333333333333,0.191365110726946,9.40516711367881,73.2846809688873,2590.47624206623,9300.31100850701
3202,53.3666666666667,0.191046913339516,9.39546289523141,73.3540301016331,2593.29702913649,9308.89035709984
3204,53.4,0.190727053622629,9.38564728117937,73.4233565749291,2596.11489667248,9317.47354820464
3206,53.4333333333333,0.190405556501958,9.37572099330666,73.4926601825563,2598.92981130987,9326.06061194728
3208,53.4666666666667,0.190082447033828,9.36568476295061,73.5619407208608,2601.74173990158,9334.65157813085
3210,53.5,0.189757750403002,9.35553933092793,73.6311979887697,2604.55064952062,9343.24647623341
3212,53.5333333333333,0.18943149192048,9.3452854474602,73.7004317878064,2607.35650746297,9351.84533540597
3214,53.5666666666667,0.189103697021313,9.33492387209871,73.769641922105,2610.15928125034,9360.44818447042
3216,53.6,0.188774391262439,9.32445537364869,73.8388281984254,2612.95893863303,9369.05505191749
3218,53.6333333333333,0.188443600320527,9.31388073009308,73.9079904261668,2615.75544759262,9377.66596590482
3220,53.6666666666667,0.188111349989841,9.30320072851571,73.9771284173811,2618.54877634478,9386.28095425499
3222,53.7,0.187777666180128,9.29241616502396,74.0462419867867,2621.33889334199,9394.90004445369
3224,53.7333333333333,0.187442574914512,9.28152784467102,74.1153309517804,2624.12576727619,9403.52326364781
3226,53.7666666666667,0.187106102327418,9.27053658137769,74.18439513245,2626.90936708153,9412.15063864366
3228,53.8,0.186768274662509,9.25944319785376,74.2534343515861,2629.68966193697,9420.78219590524
3230,53.8333333333333,0.186429118270644,9.24824852551898,74.3224484346934,2632.46662126893,9429.41796155248
3232,53.8666666666667,0.186088659607856,9.23695340442376,74.3914372100012,2635.2402147539,9438.05796135956
3234,53.9,0.185746925233352,9.22555868316946,74.4604005084746,2638.01041232101,9446.70222075332
3236,53.9333333333333,0.185403941807529,9.2140652188284,74.5293381638238,2640.77718415461,9455.35076481159
3238,53.9666666666667,0.185059736090018,9.20247387686363,74.598250012514,2643.54050069679,9464.00361826171
3240,54,0.184714334937747,9.19078553104844,74.6671358937747,2646.3003326499,9472.66080547896
3242,54.0333333333333,0.184367765303021,9.17900106338562,74.7359956496077,2649.05665097902,9481.32235048514
3244,54.0666666666667,0.184020054231632,9.1671213640266,74.8048291247961,2651.80942691444,9489.98827694708
3246,54.1,0.183671228860986,9.15514733119032,74.8736361669118,2654.55863195409,9498.65860817531
3248,54.1333333333333,0.183321316418257,9.14307987108206,74.9424166263226,2657.30423786597,9507.33336712265
3250,54.1666666666667,0.182970344218558,9.13091989781214,75.0111703561996,2660.04621669052,9516.01257638297
3252,54.2,0.182618339663143,9.11866833331444,75.079897212523,2662.78454074299,9524.69625818985
3254,54.2333333333333,0.182265330237623,9.10632610726499,75.1485970540889,2665.51918261578,9533.38443441543
3256,54.2666666666667,0.181911343510218,9.09389415700044,75.2172697425144,2668.25011518077,9542.07712656916
3258,54.3,0.181556407130019,9.08137342743653,75.2859151422427,2670.97731159159,9550.77435579668
3260,54.3333333333333,0.181200548825282,9.06876487098656,75.3545331205482,2673.70074528592,9559.4761428787
3262,54.3666666666667,0.180843796401744,9.05606944747994,75.4231235475403,2676.4203899877,9568.18250822997
3264,54.4,0.180486177740966,9.04328812408076,75.4916862961677,2679.13621970934,9576.89347189821
3266,54.4333333333333,0.180127720798691,9.03042187520641,75.5602212422215,2681.84820875398,9585.60905356312
3268,54.4666666666667,0.179768453603235,9.01747168244638,75.6287282643381,2684.55633171759,9594.32927253547
3270,54.5,0.179408404253899,9.00443853448112,75.6972072440022,2687.26056349114,9603.05414775615
3272,54.5333333333333,0.179047600919401,8.99132342700104,75.7656580655483,2689.96087926273,9611.78369779533
3274,54.5666666666667,0.178686071836337,8.97812736262574,75.8340806161629,2692.65725451968,9620.51794085159
3276,54.6,0.178323845307665,8.96485135082336,75.9024747858854,2695.34966505059,9629.25689475117
3278,54.6333333333333,0.177960949701204,8.95149640783013,75.9708404676091,2698.03808694743,9638.00057694714
3280,54.6666666666667,0.177597413448172,8.93806355657025,76.0391775570815,2700.72249660749,9646.74900451876
3282,54.7,0.177233265041728,8.92455382657582,76.1074859529044,2703.40287073547,9655.50219417074
3284,54.7333333333333,0.176868533035554,8.91096825390723,76.1757655565334,2706.07918634538,9664.26016223263
3286,54.7666666666667,0.176503246042446,8.8973078810737,76.244016272277,2708.75142076255,9673.02292465815
3288,54.8,0.176137432732939,8.88357375695415,76.3122380072954,2711.41955162552,9681.79049702468
3290,54.8333333333333,0.175771121833941,8.86976693671837,76.3804306715985,2714.08355688795,9690.5628945327
3292,54.8666666666667,0.175404342127397,8.85588848174853,76.4485941780445,2716.74341482053,9699.34013200526
3294,54.9,0.175037122448973,8.84193945956105,76.5167284423366,2719.39910401279,9708.12222388754
3296,54.9333333333333,0.17466949168676,8.82792094372869,76.5848333830205,2722.050603375,9716.9091842464
3298,54.9666666666667,0.174301478779994,8.81383401380323,76.6529089214811,2724.69789213991,9725.70102676998
3300,55,0.173933112717798,8.79967975523831,76.7209549819386,2727.34094986458,9734.49776476736
3302,55.0333333333333,0.173564422537948,8.78545925931275,76.7889714914444,2729.97975643214,9743.29941116817
3304,55.0666666666667,0.173195437325651,8.77117362305433,76.8569583798765,2732.61429205353,9752.10597852234
3306,55.1,0.17282618621234,8.75682394916384,76.924915579935,2735.24453726921,9760.91747899985
3308,55.1333333333333,0.172456698374491,8.74241134593965,76.9928430271361,2737.87047295086,9769.7339243904
3310,55.1666666666667,0.172087003032455,8.72793692720267,77.060740659807,2740.49208030307,9778.55532610332
3312,55.2,0.171717129449303,8.71340181222174,77.1286084190795,2743.10934086497,9787.38169516733
3314,55.2333333333333,0.171347106929688,8.69880712563947,77.1964462488834,2745.72223651186,9796.21304223043
3316,55.2666666666667,0.170976964818722,8.6841539973985,77.2642540959403,2748.33074945683,9805.04937755975
3318,55.3,0.170606732500867,8.66944356266825,77.3320319097553,2750.93486225235,9813.89071104152
3320,55.3333333333333,0.170236439398831,8.65467696177208,77.3997796426104,2753.53455779179,9822.737052181
3322,55.3666666666667,0.16986611497249,8.63985534011491,77.4674972495559,2756.12981931102,9831.58841010245
3324,55.4,0.169495788717804,8.62497984811133,77.5351846884023,2758.72063038988,9840.44479354916
3326,55.4333333333333,0.169125490165757,8.61005164111412,77.6028419197116,2761.30697495371,9849.30621088346
3328,55.4666666666667,0.168755248881301,8.59507187934326,77.6704689067881,2763.88883727481,9858.17267008681
3330,55.5,0.1683850944623,8.58004172781542,77.7380656156689,2766.4662019739,9867.04417875988
3332,55.5333333333333,0.168015056538496,8.56496235627381,77.8056320151144,2769.03905402155,9875.92074412266
3334,55.5666666666667,0.167645164770467,8.54983493911859,77.8731680765979,2771.6073787396,9884.80237301463
3336,55.6,0.167275448848598,8.53466065533766,77.9406737742951,2774.17116180255,9893.68907189493
3338,55.6333333333333,0.166905938492052,8.51944068843791,78.0081490850734,2776.7303892389,9902.58084684253
3340,55.6666666666667,0.166536663447743,8.5041762263769,78.0755939884808,2779.28504743257,9911.47770355649
3342,55.7,0.166167653489316,8.48886846149499,78.1430084667342,2781.83512312416,9920.37964735619
3344,55.7333333333333,0.165798938416114,8.47351859044789,78.2103925047074,2784.38060341231,9929.28668318158
3346,55.7666666666667,0.165430548052163,8.45812781413956,78.2777460899194,2786.92147575495,9938.19881559355
3348,55.8,0.165062512245133,8.44269733765558,78.3450692125215,2789.45772797059,9947.11604877416
3350,55.8333333333333,0.164694860865313,8.4272283701969,78.4123618652847,2791.98934823959,9956.03838652704
3352,55.8666666666667,0.164327623804571,8.41172212501396,78.4796240435863,2794.51632510533,9964.96583227774
3354,55.9,0.163960830975309,8.39617981934111,78.5468557453968,2797.03864747549,9973.89838907412
3356,55.9333333333333,0.163594512309414,8.38060267433154,78.6140569712659,2799.55630462319,9982.83605958675
3358,55.9666666666667,0.163228697757193,8.36499191499232,78.6812277243084,2802.06928618819,9991.77884610936
3360,56,0.162863417286305,8.34934877011998,78.74836801019,2804.57758217801,10000.7267505593
3362,56.0333333333333,0.162498700880673,8.33367447223623,78.8154778371126,2807.08118296911,10009.6797744779
3364,56.0666666666667,0.162134578539389,8.31797025752406,78.882557215799,2809.58007930794,10018.6379190312
3366,56.1,0.1617710802756,8.30223736576401,78.9496061594783,2812.0742623121,10027.6011850101
3368,56.1333333333333,0.161408236115377,8.28647704027077,79.0166246838699,2814.56372347137,10036.5695728313
3370,56.1666666666667,0.161046076096568,8.27069052782993,79.0836128071677,2817.04845464878,10045.5430825377
3372,56.2,0.16068463026763,8.25487907863496,79.1505705500242,2819.52844808163,10054.5217137985
3374,56.2333333333333,0.160323928686439,8.23904394622439,79.2174979355341,2822.00369638254,10063.5054659107
3376,56.2666666666667,0.159964001419075,8.223186387419,79.2843949892175,2824.47419254043,10072.4943377989
3378,56.3,0.159604878538591,8.20730766225934,79.3512617390034,2826.9399299215,10081.4883280163
3380,56.3333333333333,0.159246590123744,8.19140903394312,79.4180982152123,2829.40090227018,10090.4874347452
3382,56.3666666666667,0.158889166257704,8.17549176876286,79.4849044505387,2831.8571037101,10099.4916557976
3384,56.4,0.158532637026734,8.1595571360434,79.5516804800336,2834.308528745,10108.5009886163
3386,56.4333333333333,0.15817703251884,8.14360640807958,79.6184263410869,2836.75517225962,10117.5154302748
3388,56.4666666666667,0.157822382822378,8.12764086007372,79.6851420734089,2839.19702952061,10126.5349774786
3390,56.5,0.157468718024643,8.11166177007318,79.751827719012,2841.63409617739,10135.5596265659
3392,56.5333333333333,0.157116068210403,8.09567041890775,79.8184833221924,2844.066368263,10144.5893735078
3394,56.5666666666667,0.156764463460414,8.07966809012694,79.8851089295112,2846.4938421949,10153.6242139096
3396,56.6,0.156413933849876,8.06365606993707,79.951704589775,2848.91651477583,10162.6641430114
3398,56.6333333333333,0.156064509446862,8.0476356471382,80.0182703540175,2851.3343831946,10171.7091556886
3400,56.6666666666667,0.1557162203107,8.03160811306084,80.0848062754792,2853.7474450268,10180.7592464528
3402,56.7,0.155369096490302,8.01557476150226,80.1513124095884,2856.15569823563,10189.8144094529
3404,56.7333333333333,0.155023168022459,7.99953688866265,80.2177888139412,2858.5591411726,10198.8746384755
3406,56.7666666666667,0.154678464930078,7.9834957930808,80.2842355482814,2860.95777257823,10207.9399269457
3408,56.8,0.154335017220375,7.96745277556946,80.3506526744804,2863.35159158278,10217.0102679281
3410,56.8333333333333,0.15399285488301,7.95140913915019,80.4170402565168,2865.74059770692,10226.0856541278
3412,56.8666666666667,0.153652007888172,7.93536618898779,80.4833983604558,2868.12479086238,10235.1660778906
3414,56.9,0.153312506184611,7.91932523232417,80.5497270544289,2870.50417135258,10244.2515312047
3416,56.9333333333333,0.152974379697611,7.90328757841166,80.6160264086123,2872.87873987326,10253.3420057006
3418,56.9666666666667,0.1526376583269,7.88725453844572,80.6822964952064,2875.24849751308,10262.4374926529
3420,57,0.152302371944508,7.87122742549697,80.7485373884146,2877.6134457542,10271.5379829805
3422,57.0333333333333,0.151968550392557,7.85520755444249,80.8147491644219,2879.97358647281,10280.6434672478
3424,57.0666666666667,0.151636223480991,7.83919624189646,80.8809319013732,2882.32892193971,10289.7539356653
3426,57.1,0.151305420985238,7.82319480613991,80.9470856793522,2884.67945482079,10298.8693780909
3428,57.1333333333333,0.150976172643811,7.80720456704961,81.0132105803592,2887.02518817756,10307.9897840306
3430,57.1666666666667,0.150648508155833,7.79122684602619,81.0793066882896,2889.36612546757,10317.1151426393
3432,57.2,0.150322457178501,7.77526296592116,81.1453740889118,2891.70227054491,10326.2454427218
3434,57.2333333333333,0.149998049324471,7.75931425096304,81.2114128698451,2894.03362766064,10335.3806727338
3436,57.2666666666667,0.149675314159179,7.74338202668241,81.2774231205377,2896.36020146315,10344.5208207827
3438,57.3,0.14935428119808,7.72746761983586,81.3434049322441,2898.6819969986,10353.6658746287
3440,57.3333333333333,0.14903497990382,7.71157235832882,81.4093583980033,2900.99901971126,10362.8158216856
3442,57.3666666666667,0.148717439683324,7.69569757113716,81.475283612616,2903.31127544381,10371.9706490219
3444,57.4,0.148401689884812,7.6798445882276,81.5411806726217,2905.61877043775,10381.1303433613
3446,57.4333333333333,0.148087759794738,7.66401474047675,81.6070496762772,2907.92151133359,10390.2948910845
3448,57.4666666666667,0.147775678634638,7.64820935958888,81.6728907235329,2910.21950517117,10399.4642782292
3450,57.5,0.147465475557912,7.63242977801222,81.7387039160105,2912.5127593899,10408.638490492
3452,57.5333333333333,0.147157179646515,7.61667732885389,81.8044893569804,2914.80128182897,10417.8175132286
3454,57.5666666666667,0.146850819907566,7.60095334579325,81.8702471513387,2917.08508072753,10427.0013314552
3456,57.6,0.146546425269874,7.58525916299377,81.9359774055843,2919.36416472489,10436.1899298493
3458,57.6333333333333,0.146244024580382,7.56959611501324,82.0016802277962,2921.6385428606,10445.383292751
3460,57.6666666666667,0.145943646600522,7.55396553671238,82.0673557276104,2923.90822457462,10454.5814041636
3462,57.7,0.145645320002488,7.53836876316171,82.1330040161973,2926.17321970737,10463.7842477549
3464,57.7333333333333,0.145349073365415,7.5228071295467,82.1986252062386,2928.43353849981,10472.9918068579
3466,57.7666666666667,0.145054935171481,7.50728197107111,82.264219411904,2930.68919159343,10482.2040644722
3468,57.8,0.144762933801915,7.49179462285847,82.3297867488289,2932.94019003029,10491.4210032647
3470,57.8333333333333,0.144473097532915,7.47634641985168,82.3953273340911,2935.18654525297,10500.6426055709
3472,57.8666666666667,0.144185454531485,7.46093869671069,82.4608412861881,2937.42826910449,10509.8688533955
3474,57.9,0.143900032851179,7.44557278770813,82.5263287250138,2939.66537382826,10519.0997284139
3476,57.9333333333333,0.143616860427756,7.43025002662297,82.5917897718362,2941.89787206792,10528.335211973
3478,57.9666666666667,0.143335965074748,7.41497174663207,82.6572245492743,2944.12577686718,10537.5752850922
3480,58,0.143057374478942,7.39973928019959,82.7226331812752,2946.34910166967,10546.8199284647
3482,58.0333333333333,0.142781116195767,7.3845539589643,82.7880157930915,2948.56786031869,10556.0691224582
3484,58.0666666666667,0.142507217644601,7.3694171136246,82.8533725112588,2950.78206705694,10565.3228471162
3486,58.1,0.142235706103984,7.35433007382138,82.9187034635729,2952.99173652628,10574.581082159
3488,58.1333333333333,0.141966608706749,7.3392941680185,82.9840087790671,2955.19688376733,10583.8438069848
3490,58.1666666666667,0.141699952435065,7.32431072338104,83.0492885879902,2957.39752421919,10593.1110006707
3492,58.2,0.141435764115391,7.30938106565113,83.1145430217839,2959.59367371898,10602.3826419739
3494,58.2333333333333,0.141174070413351,7.2945065190214,83.1797722130602,2961.78534850141,10611.6587093327
3496,58.2666666666667,0.140914897828524,7.27968840600603,83.24497629558,2963.97256519835,10620.9391808676
3498,58.3,0.140658272689144,7.26492804730929,83.31015540423,2966.15534083827,10630.2240343824
3500,58.3333333333333,0.140404221146731,7.25022676169165,83.3753096750019,2968.33369284569,10639.5132473653
3502,58.3666666666667,0.140152769170631,7.23558586583331,83.4404392449696,2970.50763904063,10648.8067969903
3504,58.4,0.139903942542485,7.2210066741953,83.5055442522679,2972.67719763793,10658.1046601176
3506,58.4333333333333,0.139657766850613,7.20649049887786,83.5706248360712,2974.84238724658,10667.4068132956
3508,58.4666666666667,0.139414267484334,7.19203864947635,83.6356811365715,2977.00322686903,10676.7132327615
3510,58.5,0.139173469628199,7.17765243293455,83.7007132949575,2979.15973590039,10686.0238944426
3512,58.5333333333333,0.138935398256165,7.16333315339526,83.7657214533935,2981.31193412765,10695.3387739575
3514,58.5666666666667,0.138700078125689,7.14908211204835,83.8307057549983,2983.45984172883,10704.657846617
3516,58.6,0.138467533771766,7.1349006069761,83.8956663438245,2985.60347927205,10713.9810874259
3518,58.6333333333333,0.138237789500891,7.12078993299593,83.9606033648377,2987.74286771463,10723.3084710833
3520,58.6666666666667,0.138010869384966,7.10675138150039,84.0255169638965,2989.87802840206,10732.6399719846
3522,58.7,0.137786797255147,7.09278624029459,84.090407287732,2992.008983067,10741.9755642224
3524,58.7333333333333,0.13756559669563,7.07889579343087,84.1552744839277,2994.13575382814,10751.3152215874
3526,58.7666666666667,0.137347291037389,7.06508132104081,84.2201187008999,2996.25836318911,10760.6589175702
3528,58.8,0.137131903351858,7.05134409916461,84.284940087878,2998.37683403727,10770.0066253623
3530,58.8333333333333,0.136919456444571,7.03768539957779,84.3497387948851,3000.49118964247,10779.3583178571
3532,58.8666666666667,0.13670997284875,7.02410648961524,84.4145149727189,3002.60145365575,10788.7139676515
3534,58.9,0.136503474818865,7.01060863199265,84.4792687729327,3004.70765010803,10798.0735470471
3536,58.9333333333333,0.13629998432414,6.99719308462529,84.5440003478168,3006.80980340865,10807.4370280516
3538,58.9666666666667,0.136099523042044,6.98386110044422,84.6087098503801,3008.90793834398,10816.8043823796
3540,59,0.135902112351737,6.97061392720991,84.6733974343317,3011.00208007586,10826.1755814547
3542,59.0333333333333,0.135707773327503,6.95745280732336,84.7380632540633,3013.09225414006,10835.5505964102
3544,59.0666666666667,0.135516526732152,6.94437897763459,84.8027074646314,3015.17848644467,10844.9293980908
3546,59.1,0.135328393010415,6.93139366924877,84.8673302217398,3017.2608032684,10854.3119570539
3548,59.1333333333333,0.135143392282316,6.91849810732984,84.9319316817227,3019.33923125882,10863.6982435707
3550,59.1666666666667,0.134961544336545,6.90569351090172,84.9965120015278,3021.41379743063,10873.0882276281
3552,59.2,0.134782868623828,6.89298109264719,85.0610713386997,3023.48452916373,10882.4818789299
3554,59.2333333333333,0.134607384250287,6.88036205870443,85.125609851364,3025.55145420134,10891.8791668982
3556,59.2666666666667,0.134435109970825,6.86783760846132,85.1901276982108,3027.61460064803,10901.2800606746
3558,59.3,0.134266064182506,6.85540893434751,85.2546250384796,3029.67399696766,10910.6845291224
3560,59.3333333333333,0.134100264917962,6.84307722162442,85.3191020319439,3031.72967198128,10920.0925408273
3562,59.3666666666667,0.13393772983882,6.83084364817301,85.3835588388961,3033.78165486496,10929.5040640997
3564,59.4,0.133778476229155,6.81870938427973,85.4479956201329,3035.82997514757,10938.9190669753
3566,59.4333333333333,0.133622520988975,6.80667559242037,85.5124125369408,3037.87466270849,10948.3375172177
3568,59.4666666666667,0.13346988062775,6.79474342704213,85.5768097510826,3039.91574777523,10957.7593823192
3570,59.5,0.13332057125798,6.78291403434387,85.6411874247833,3041.95326092102,10967.1846295027
3572,59.5333333333333,0.133174608588816,6.7711885520547,85.7055457207168,3043.98723306233,10976.6132257236
3574,59.5666666666667,0.133032007919735,6.75956810921089,85.7698848019934,3046.01769545628,10986.0451376709
3576,59.6,0.13289278413428,6.74805382593133,85.8342048321465,3048.04467969803,10995.4803317693
3578,59.6333333333333,0.132756951693861,6.73664681319148,85.8985059751212,3050.06821771811,11004.9187741809
3580,59.6666666666667,0.132624524631641,6.72534817259612,85.9627883952615,3052.08834177964,11014.3604308066
3582,59.7,0.132495516546493,6.71415899615071,86.0270522572997,3054.10508447549,11023.8052672883
3584,59.7333333333333,0.132369940597044,6.70308036603179,86.0912977263445,3056.1184787254,11033.2532490104
3586,59.7666666666667,0.132247809495818,6.69211335435626,86.1555249678708,3058.12855777303,11042.7043411019
3588,59.8,0.132129135503467,6.68125902294985,86.2197341477089,3060.13535518287,11052.1585084377
3590,59.8333333333333,0.132013930423121,6.67051842311475,86.2839254320347,3062.1389048372,11061.6157156412
3592,59.8666666666667,0.131902205594836,6.65989259539665,86.3480989873599,3064.13924093288,11071.0759270857
3594,59.9,0.131793971890167,6.64938256935125,86.4122549805232,3066.1363979781,11080.5391068965
3596,59.9333333333333,0.131689239706861,6.6389893633103,86.4763935786808,3068.1304107891,11090.0052189529
3598,59.9666666666667,0.131588018963689,6.62871398414749,86.5405149492984,3070.12131448674,11099.4742268902
3600,60,0.131490319095401,6.61855742704416,86.6046192601429,3072.10914449307,11108.9460941016
3602,60.0333333333333,0.131396149047836,6.60852067525502,86.668706679275,3074.09393652782,11118.4207837405
3604,60.0666666666667,0.131305517273176,6.59860469987405,86.7327773750415,3076.07572660478,11127.8982587224
3606,60.1,0.131218431725354,6.58881045960069,86.7968315160687,3078.05455102813,11137.3784817272
3608,60.1333333333333,0.131134899855631,6.57913890050656,86.8608692712558,3080.03044638872,11146.8614152012
3610,60.1666666666667,0.13105492860833,6.56959095580265,86.9248908097689,3082.00344956027,11156.3470213595
3612,60.2,0.130978524416758,6.56016754560742,86.9888963010354,3083.97359769548,11165.8352621881
3614,60.2333333333333,0.130905693199294,6.5508695767157,87.0528859147382,3085.94092822208,11175.3260994461
3616,60.2666666666667,0.130836440355673,6.54169794236883,87.1168598208114,3087.90547883883,11184.8194946684
3618,60.3,0.130770770763459,6.53265352202585,87.1808181894355,3089.86728751145,11194.3154091675
3620,60.3333333333333,0.130708688774715,6.52373718113631,87.2447611910334,3091.82639246842,11203.8138040364
3622,60.3666666666667,0.130650198212879,6.51494977091449,87.3086889962666,3093.7828321968,11213.3146401507
3624,60.4,0.130595302369846,6.5062921281155,87.372601776032,3095.73664543796,11222.8178781712
3626,60.4333333333333,0.130544004003265,6.49776507481321,87.4364997014588,3097.68787118315,11232.3234785463
3628,60.4666666666667,0.130496305334062,6.48936941818039,87.5003829439064,3099.63654866916,11241.8314015148
3630,60.5,0.130452208044176,6.48110595027099,87.5642516749617,3101.58271737381,11251.3416071082
3632,60.5333333333333,0.130411713274538,6.47297544780497,87.6281060664377,3103.52641701136,11260.8540551534
3634,60.5666666666667,0.130374821623278,6.46497867195575,87.6919462903723,3105.46768752794,11270.3687052755
3636,60.6,0.130341533144169,6.45711636814042,87.7557725190269,3107.40656909686,11279.8855169004
3638,60.6333333333333,0.130311847345323,6.44938926581298,87.8195849248861,3109.34310211384,11289.4044492574
3640,60.6666666666667,0.130285763188131,6.4417980782607,87.8833836806574,3111.27732719224,11298.9254613823
3642,60.7,0.13026327908645,6.43434350240394,87.9471689592714,3113.20928515819,11308.44851212
3644,60.7333333333333,0.13024439290606,6.42702621859935,88.0109409338824,3115.13901704564,11317.9735601276
3646,60.7666666666667,0.130229101964366,6.41984689044687,88.0746997778688,3117.06656409141,11327.5005638768
3648,60.8,0.130217403030376,6.41280616460062,88.1384456648353,3118.99196773012,11337.0294816577
3650,60.8333333333333,0.130209292324936,6.40590467058385,88.2021787686134,3120.9152695891,11346.5602715808
3652,60.8666666666667,0.130204765521238,6.39914302060809,88.2658992632643,3122.83651148327,11356.092891581
3654,60.9,0.130203817745606,6.39252180939681,88.3296073230805,3124.75573540987,11365.6272994198
3656,60.9333333333333,0.130206443578546,6.38604161401366,88.3933031225888,3126.67298354325,11375.1634526892
3658,60.9666666666667,0.130212637056082,6.37970299369543,88.4569868365533,3128.58829822956,11384.7013088144
3660,61,0.130222391671364,6.37350648969005,88.5206586399783,3130.50172198135,11394.2408250571
3662,61.0333333333333,0.130235700376565,6.36745262509968,88.5843187081124,3132.4132974722,11403.7819585188
3664,61.0666666666667,0.130252555585048,6.36154190472907,88.647967216452,3134.32306753126,11413.3246661441
3666,61.1,0.130272949173826,6.35577481493945,88.7116043407459,3136.23107513771,11422.868904724
3668,61.1333333333333,0.1302968724863,6.35015182350799,88.7752302569994,3138.13736341528,11432.4146308992
3670,61.1666666666667,0.130324316335283,6.34467337949309,88.8388451414795,3140.04197562663,11441.9618011637
3672,61.2,0.130355271006308,6.33933991310559,88.9024491707196,3141.9449551677,11451.5103718682
3674,61.2333333333333,0.130389726261216,6.33415183558612,88.9660425215253,3143.8463455621,11461.0602992236
3676,61.2666666666667,0.130427671342033,6.32910953908866,89.0296253709794,3145.74619045536,11470.6115393043
3678,61.3,0.130469094975125,6.32421339657058,89.0931978964483,3147.64453360925,11480.1640480522
3680,61.3333333333333,0.130513985375639,6.31946376168918,89.1567602755881,3149.54141889596,11489.7177812802
3682,61.3666666666667,0.130562330252213,6.3148609687049,89.2203126863505,3151.43689029232,11499.2726946756
3684,61.4,0.130614116811979,6.31040533239142,89.2838553069898,3153.330991874,11508.8287438041
3686,61.4333333333333,0.130669331765828,6.30609714795265,89.3473883160693,3155.22376780963,11518.3858841135
3688,61.4666666666667,0.130727961333957,6.30193669094686,89.4109118924686,3157.11526235491,11527.9440709374
3690,61.5,0.13078999125168,6.29792421721799,89.4744262153909,3159.00551984675,11537.5032594991
3692,61.5333333333333,0.130855406775511,6.29405996283424,89.5379314643698,3160.89458469734,11547.0634049152
3694,61.5666666666667,0.130924192689506,6.29034414403412,89.6014278192772,3162.78250138819,11556.6244622001
3696,61.6,0.13099633331187,6.28677695718005,89.6649154603311,3164.66931446419,11566.1863862693
3698,61.6333333333333,0.131071812501814,6.28335857871952,89.7283945681031,3166.55506852766,11575.7491319438
3700,61.6666666666667,0.131150613666663,6.28008916515405,89.7918653235267,3168.43980823236,11585.3126539538
3702,61.7,0.131232719769218,6.27696885301585,89.8553279079051,3170.32357827748,11594.876906943
3704,61.7333333333333,0.131318113335346,6.27399775885242,89.9187825029197,3172.20642340171,11604.4418454725
3706,61.7666666666667,0.131406776461819,6.27117597921911,89.982229290638,3174.08838837719,11614.0074240251
3708,61.8,0.13149869082437,6.26850359067965,90.0456684535226,3175.96951800351,11623.5735970092
3710,61.8333333333333,0.131593837685982,6.26598064981472,90.1091001744392,3177.84985710175,11633.1403187631
3712,61.8666666666667,0.131692197905388,6.26360719323874,90.1725246366651,3179.72945050848,11642.7075435595
3714,61.9,0.131793751945784,6.26138323762471,90.2359420238982,3181.60834306973,11652.275225609
3716,61.9333333333333,0.131898479883748,6.25930877973728,90.2993525202654,3183.48657963507,11661.8433190653
3718,61.9666666666667,0.132006361418346,6.25738379647405,90.3627563103312,3185.36420505159,11671.4117780286
3720,62,0.132117375880435,6.25560824491508,90.4261535791062,3187.24126415796,11680.9805565506
3722,62.0333333333333,0.132231502242146,6.25398206238064,90.4895445120563,3189.11780177852,11690.5496086386
3724,62.0666666666667,0.132348719126533,6.25250516649725,90.5529292951109,3190.9938627173,11700.1188882597
3726,62.1,0.132469004817392,6.2511774552719,90.6163081146717,3192.86949175217,11709.6883493456
3728,62.1333333333333,0.132592337269237,6.24999880717454,90.6796811576211,3194.74473362891,11719.2579457966
3730,62.1666666666667,0.132718694117414,6.24896908122873,90.743048611331,3196.61963305542,11728.8276314865
3732,62.2,0.132848052688364,6.2480881171105,90.8064106636711,3198.49423469583,11738.3973602664
3734,62.2333333333333,0.132980390010006,6.24735573525535,90.8697675030175,3200.36858316472,11747.9670859701
3736,62.2666666666667,0.133115682822245,6.24677173697327,90.9331193182604,3202.2427230214,11757.5367624177
3738,62.3,0.133253907587583,6.24633590457186,90.9964662988131,3204.11669876413,11767.1063434208
3740,62.3333333333333,0.133395040501839,6.24604800148737,91.0598086346194,3205.99055482444,11776.6757827867
3742,62.3666666666667,0.133539057504953,6.24590777242367,91.123146516162,3207.86433556149,11786.245034323
3744,62.4,0.133685934291866,6.24591494349895,91.1864801344699,3209.73808525647,11795.8140518421
3746,62.4333333333333,0.133835646323483,6.24606922240027,91.2498096811263,3211.611848107,11805.3827891661
3748,62.4666666666667,0.133988168837683,6.2463702985456,91.313135348276,3213.48566822166,11814.9512001311
3750,62.5,0.134143476860384,6.24681784325345,91.3764573286325,3215.35958961448,11824.5192385919
3752,62.5333333333333,0.134301545216645,6.24741150991993,91.4397758154854,3217.23365619954,11834.0868584264
3754,62.5666666666667,0.1344623485418,6.24815093420299,91.503091002707,3219.10791178563,11843.6540135407
3756,62.6,0.134625861292606,6.24903573421391,91.566403084759,3220.98240007088,11853.2206578732
3758,62.6333333333333,0.134792057758399,6.25006551071578,91.6297122566989,3222.8571646376,11862.7867453997
3760,62.6666666666667,0.13496091207225,6.25123984732882,91.6930187141863,3224.732248947,11872.3522301377
3762,62.7,0.135132398222102,6.25255831074244,91.7563226534886,3226.60769633414,11881.917066151
3764,62.7333333333333,0.135306490061889,6.25402045093387,91.819624271487,3228.4835500028,11891.4812075546
3766,62.7666666666667,0.135483161322615,6.25562580139317,91.8829237656812,3230.35985302054,11901.0446085194
3768,62.8,0.135662385623387,6.25737387935445,91.9462213341951,3232.23664831373,11910.6072232763
3770,62.8333333333333,0.135844136482403,6.25926418603313,92.0095171757813,3234.11397866273,11920.1690061214
3772,62.8666666666667,0.136028387327857,6.26129620686911,92.0728114898256,3235.99188669705,11929.7299114203
3774,62.9,0.136215111508785,6.26346941177548,92.1361044763508,3237.87041489068,11939.2898936129
3776,62.9333333333333,0.13640428230581,6.26578325539282,92.1993963360211,3239.74960555745,11948.8489072177
3778,62.9666666666667,0.136595872941804,6.26823717734866,92.262687270145,3241.62950084644,11958.406906837
3780,63,0.13678985659243,6.27083060252205,92.3259774806787,3243.51014273751,11967.9638471607
3782,63.0333333333333,0.136986206396584,6.2735629413129,92.3892671702284,3245.3915730369,11977.5196829716
3784,63.0666666666667,0.137184895466698,6.27643358991599,92.4525565420531,3247.2738333729,11987.0743691494
3786,63.1,0.137385896898915,6.27944193059933,92.5158458000665,3249.15696519162,11996.6278606757
3788,63.1333333333333,0.137589183783122,6.28258733198669,92.5791351488383,3251.04100975282,12006.1801126382
3790,63.1666666666667,0.137794729212822,6.28586914934402,92.6424247935953,3252.92600812585,12015.7310802353
3792,63.2,0.138002506294856,6.28928672486959,92.7057149402228,3254.81200118564,12025.2807187808
3794,63.2333333333333,0.138212488158949,6.29283938798758,92.769005795264,3256.69902960884,12034.8289837081
3796,63.2666666666667,0.138424647967076,6.29652645564482,92.8322975659208,3258.58713386997,12044.3758305746
3798,63.3,0.138638958922646,6.30034723261052,92.8955904600525,3260.47635423774,12053.9212150666
3800,63.3333333333333,0.138855394279493,6.30430101177868,92.9588846861757,3262.36673077139,12063.465093003
3802,63.3666666666667,0.139073927350664,6.308387074473,93.0221804534618,3264.25830331716,12073.0074203403
3804,63.4,0.139294531517001,6.31260469075392,93.0854779717364,3266.15111150482,12082.5481531766
3806,63.4333333333333,0.139517180235503,6.3169531197276,93.1487774514759,3268.04519474437,12092.0872477561
3808,63.4666666666667,0.139741847047476,6.32143160985668,93.2120791038055,3269.94059222273,12101.6246604732
3810,63.5,0.139968505586451,6.32603939927235,93.2753831404955,3271.83734290055,12111.160347877
3812,63.5333333333333,0.140197129585863,6.33077571608764,93.3386897739578,3273.73548550922,12120.6942666751
3814,63.5666666666667,0.140427692886505,6.33563977871165,93.4019992172418,3275.63505854779,12130.2263737385
3816,63.6,0.140660169443726,6.34063079616438,93.4653116840296,3277.53610028016,12139.7566261049
3818,63.6333333333333,0.140894533334388,6.34574796839199,93.5286273886308,3279.43864873222,12149.2849809836
3820,63.6666666666667,0.141130758763565,6.35099048658216,93.5919465459772,3281.34274168922,12158.8113957591
3820.2,63.67,0.14126129098809,6.35149758654431,93.5984172644145,3281.53327518239,12159.7637506374
3820.4,63.6733333333333,0.141352983843078,6.35201558087977,93.6048373749951,3281.72382397832,12160.7161335061
3820.6,63.6766666666667,0.141416365352706,6.35254087641634,93.611219247521,3281.91438837452,12161.668526133
3820.8,63.68,0.141457645105501,6.35307079602222,93.6175694124194,3282.10496856868,12162.6209142285
3821,63.6833333333333,0.141481564052854,6.35360324596061,93.6238928110627,3282.29556468287,12163.5732858701
3821.2,63.6866666666667,0.141491954005934,6.35413658637537,93.6301935348963,3282.48617677994,12164.5256309964
3821.4,63.69,0.141491936792051,6.35466954522936,93.6364750294845,3282.67680487644,12165.4779410996
3821.6,63.6933333333333,0.141484051400437,6.35520114996046,93.6427402050579,3282.86744895313,12166.4302089832
3821.8,63.6966666666667,0.141470354619618,6.3557306712278,93.6489915209054,3283.05810896351,12167.3824285598
3822,63.7,0.141452504383612,6.35625757637516,93.6552310554227,3283.24878484074,12168.3345946798
3822.2,63.7033333333333,0.141431829306569,6.35678149096244,93.6614605651614,3283.43947650327,12169.2867029863
3822.4,63.7066666666667,0.141409386712242,6.35730216702893,93.6676815347292,3283.63018385931,12170.2387497931
3822.6,63.71,0.141386011013505,6.35781945697251,93.6738952189728,3283.82090681044,12171.1907319809
3822.8,63.7133333333333,0.141362353994362,6.35833329210892,93.6801026786314,3284.01164525441,12172.1426469098
3823,63.7166666666667,0.141338918301759,6.35884366512571,93.6863048104673,3284.20239908744,12173.0944923452
3823.2,63.72,0.141316085248561,6.35935061577257,93.6925023727271,3284.39316820588,12174.0462663951
3823.4,63.7233333333333,0.141294137854953,6.35985421923692,93.6986960066532,3284.58395250757,12174.9979674574
3823.6,63.7266666666667,0.141273279908326,6.36035457674313,93.7048862546575,3284.77475189281,12175.9495941752
3823.8,63.73,0.14125365169742,6.36085180799004,93.7110735756743,3284.96556626509,12176.9011453988
3824,63.7333333333333,0.141235342971534,6.36134604510477,93.7172583581278,3285.15639553159,12177.852620154
3824.2,63.7366666666667,0.141218403587144,6.36183742784413,93.7234409308863,3285.34723960353,12178.8040176153
3824.4,63.74,0.141202852229662,6.36232609982013,93.7296215725136,3285.53809839635,12179.7553370824
3824.6,63.7433333333333,0.141188683535286,6.36281220556348,93.7358005190829,3285.72897182982,12180.7065779619
3824.8,63.7466666666667,0.14117587388501,6.36329588827032,93.741977970776,3285.91985982801,12181.6577397504
3825,63.75,0.141164386098431,6.36377728810416,93.7481540974564,3286.11076231931,12182.608822021
3825.2,63.7533333333333,0.141154173217583,6.36425654094667,93.7543290433764,3286.30167923625,12183.5598244116
3825.4,63.7566666666667,0.14114518153968,6.36473377750977,93.7605029311517,3286.49261051542,12184.5107466152
3825.6,63.76,0.141137353031285,6.36520912273633,93.7666758651179,3286.68355609726,12185.4615883716
3825.8,63.7633333333333,0.141130627234299,6.3656826954303,93.7728479341659,3286.87451592596,12186.4123494602
3826,63.7666666666667,0.141124942755666,6.36615460806706,93.7790192141353,3287.06548994918,12187.3630296945
3826.2,63.77,0.141120238417156,6.3666249667442,93.7851897698361,3287.25647811793,12188.3136289166
3826.4,63.7733333333333,0.141116454128579,6.36709387124004,93.791359656756,3287.44748038635,12189.2641469933
3826.6,63.7766666666667,0.141113531536941,6.36756141515338,93.797528922502,3287.63849671153,12190.2145838126
3826.8,63.78,0.141111414494959,6.36802768610309,93.8036976080179,3287.82952705333,12191.1649392802
3827,63.7833333333333,0.141110049384766,6.36849276597028,93.8098657486128,3288.02057137417,12192.1152133176
3827.2,63.7866666666667,0.141109385326326,6.36895673116922,93.8160333748291,3288.21162963891,12193.0654058594
3827.4,63.79,0.141109374294809,6.36941965293614,93.8222005131759,3288.40270181465,12194.0155168517
3827.6,63.7933333333333,0.141109971166769,6.36988159762724,93.8283671867483,3288.59378787059,12194.9655462507
3827.8,63.7966666666667,0.141111133711377,6.37034262701916,93.8345334157508,3288.7848877779,12195.915494021
3828,63.8,0.141112822539876,6.37080279860692,93.8406992179385,3288.97600150956,12196.8653601348
3828.2,63.8033333333333,0.141115001023971,6.37126216589523,93.8468646089907,3289.16712904023,12197.8151445708
3828.4,63.8066666666667,0.141117635191769,6.37172077868045,93.8530296028261,3289.35827034617,12198.7648473136
3828.6,63.81,0.14112069360818,6.37217868332112,93.8591942118686,3289.54942540511,12199.7144683528
3828.8,63.8133333333333,0.141124147245294,6.3726359229957,93.8653584472726,3289.74059419611,12200.6640076823
3829,63.8166666666667,0.141127969347066,6.37309253794657,93.8715223191129,3289.93177669955,12201.6134653005
3829.2,63.82,0.14113213529173,6.37354856570998,93.8776858365451,3290.12297289696,12202.5628412089
3829.4,63.8233333333333,0.141136622454549,6.37400404133173,93.8838490079416,3290.314182771,12203.5121354125
3829.6,63.8266666666667,0.141141410072917,6.37445899756864,93.8900118410059,3290.50540630536,12204.4613479192
3829.8,63.83,0.141146479115285,6.37491346507635,93.8961743428693,3290.69664348468,12205.4104787396
3830,63.8333333333333,0.141151812154995,6.37536747258357,93.9023365201736,3290.88789429453,12206.3595278866
3830.2,63.8366666666667,0.141157393249765,6.37582104705363,93.9084983791394,3291.0791587213,12207.3084953756
3830.4,63.84,0.141163207827309,6.37627421383365,93.9146599256253,3291.27043675221,12208.2573812238
3830.6,63.8433333333333,0.141169242577368,6.37672699679223,93.9208211651772,3291.46172837519,12209.2061854506
3830.8,63.8466666666667,0.141175485350255,6.37717941844618,93.9269821030701,3291.65303357891,12210.1549080772
3831,63.85,0.141181925061921,6.37763150007696,93.9331427443439,3291.8443523527,12211.1035491263
3831.2,63.8533333333333,0.14118855160541,6.37808326183761,93.9393030938331,3292.03568468649,12212.0521086225
3831.4,63.8566666666667,0.141195355768543,6.37853472285074,93.9454631561924,3292.22703057085,12213.0005865918
3831.6,63.86,0.141202329157585,6.37898590129816,93.9516229359182,3292.41838999689,12213.9489830616
3831.8,63.8633333333333,0.141209464126642,6.37943681450297,93.9577824373671,3292.60976295626,12214.8972980608
3832,63.8666666666667,0.141216753712484,6.37988747900443,93.9639416647711,3292.80114944113,12215.8455316197
3832.2,63.87,0.141224191574497,6.38033791062635,93.970100622251,3292.99254944416,12216.7936837699
3832.4,63.8733333333333,0.141231771939462,6.38078812453947,93.9762593138275,3293.18396295848,12217.7417545439
3832.6,63.8766666666667,0.141239489550837,6.38123813531821,93.9824177434308,3293.37538997766,12218.6897439759
3832.8,63.88,0.141247339622249,6.38168795699246,93.9885759149089,3293.56683049573,12219.637652101
3833,63.8833333333333,0.141255317794904,6.38213760309461,93.9947338320341,3293.7582845071,12220.5854789555
3833.2,63.8866666666667,0.141263420098617,6.38258708670239,94.0008914985094,3293.94975200661,12221.5332245767
3833.4,63.89,0.141271642916202,6.38303642047773,94.0070489179732,3294.14123298948,12222.4808890031
3833.6,63.8933333333333,0.141279982950962,6.38348561670215,94.013206094004,3294.33272745132,12223.4284722742
3833.8,63.8966666666667,0.141288437197034,6.38393468730878,94.0193630301238,3294.52423538807,12224.3759744304
3834,63.9,0.141297002912358,6.38438364391157,94.0255197298019,3294.71575679607,12225.3233955133
3834.2,63.9033333333333,0.141305677594057,6.38483249783164,94.0316761964568,3294.90729167197,12226.2707355653
3834.4,63.9066666666667,0.141314458956035,6.38528126012125,94.0378324334597,3295.09884001279,12227.2179946299
3834.6,63.91,0.141323344908591,6.38572994158557,94.0439884441357,3295.29040181584,12228.1651727512
3834.8,63.9133333333333,0.141332333539899,6.38617855280229,94.0501442317663,3295.4819770788,12229.1122699747
3835,63.9166666666667,0.14134142309917,6.38662710413951,94.0562997995905,3295.67356579962,12230.0592863463
3835.2,63.92,0.141350611981372,6.38707560577188,94.0624551508068,3295.86516797659,12231.0062219131
3835.4,63.9233333333333,0.141359898713349,6.38752406769521,94.0686102885741,3296.05678360829,12231.9530767229
3835.6,63.9266666666667,0.141369281941238,6.38797249973972,94.0747652160129,3296.24841269361,12232.8998508242
3835.8,63.93,0.141378760419054,6.38842091158204,94.0809199362065,3296.44005523172,12233.8465442666
3836,63.9333333333333,0.141388332998334,6.38886931275603,94.0870744522016,3296.63171122209,12234.7931571004
3836.2,63.9366666666667,0.141397998618766,6.38931771266262,94.0932287670096,3296.82338066446,12235.7396893764
3836.4,63.94,0.141407756299683,6.38976612057866,94.099382883607,3297.01506355888,12236.6861411466
3836.6,63.9433333333333,0.141417605132376,6.39021454566497,94.1055368049362,3297.20675990564,12237.6325124634
3836.8,63.9466666666667,0.14142754427312,6.3906629969736,94.1116905339061,3297.39846970534,12238.57880338
3837,63.95,0.141437572936871,6.39111148345436,94.1178440733932,3297.59019295882,12239.5250139505
3837.2,63.9533333333333,0.141447690391559,6.39156001396083,94.1239974262413,3297.78192966722,12240.4711442295
3837.4,63.9566666666667,0.141457895952924,6.39200859725567,94.1301505952628,3297.9736798319,12241.4171942724
3837.6,63.96,0.141468188979847,6.39245724201547,94.1363035832389,3298.16544345453,12242.3631641351
3837.8,63.9633333333333,0.14147856887013,6.39290595683518,94.1424563929201,3298.35722053702,12243.3090538744
3838,63.9666666666667,0.141489035056675,6.39335475023205,94.1486090270265,3298.54901108152,12244.2548635475
3838.2,63.97,0.141499587004038,6.39380363064922,94.1547614882488,3298.74081509045,12245.2005932124
3838.4,63.9733333333333,0.141510224205312,6.39425260645897,94.1609137792481,3298.93263256651,12246.1462429276
3838.6,63.9766666666667,0.141520946179308,6.39470168596563,94.1670659026565,3299.12446351259,12247.0918127523
3838.8,63.98,0.141531752468012,6.39515087740825,94.1732178610778,3299.31630793189,12248.0373027462
3839,63.9833333333333,0.14154264263429,6.39560018896301,94.1793696570874,3299.50816582782,12248.9827129697
3839.2,63.9866666666667,0.141553616259813,6.39604962874536,94.1855212932331,3299.70003720404,12249.9280434836
3839.4,63.99,0.141564672943185,6.39649920481198,94.1916727720353,3299.89192206446,12250.8732943493
3839.6,63.9933333333333,0.141575812298252,6.39694892516259,94.1978240959873,3300.08382041323,12251.8184656289
3839.8,63.9966666666667,0.14158703395258,6.39739879774151,94.2039752675557,3300.27573225473,12252.7635573847
3840,64,0.141598337546081,6.39784883043917,94.2101262891808,3300.4676575936,12253.7085696798
3840.2,64.0033333333333,0.141609722729769,6.39829903109337,94.2162771632768,3300.6595964347,12254.6535025777
3840.4,64.0066666666667,0.141621189164644,6.39874940749051,94.2224278922323,3300.85154878312,12255.5983561425
3840.6,64.01,0.141632736520687,6.39919996736667,94.2285784784105,3301.04351464419,12256.5431304384
3840.8,64.0133333333333,0.141644364475947,6.39965071840856,94.2347289241496,3301.23549402348,12257.4878255306
3841,64.0166666666667,0.141656072715726,6.40010166825447,94.240879231763,3301.42748692677,12258.4324414844
3841.2,64.02,0.14166786093184,6.40055282449502,94.2470294035397,3301.6194933601,12259.3769783656
3841.4,64.0233333333333,0.14167972882196,6.40100419467393,94.2531794417447,3301.8115133297,12260.3214362405
3841.6,64.0266666666667,0.141691676089008,6.40145578628868,94.259329348619,3302.00354684206,12261.2658151758
3841.8,64.03,0.141703702440625,6.40190760679112,94.2654791263803,3302.19559390386,12262.2101152386
3842,64.0333333333333,0.141715807588688,6.40235966358803,94.2716287772228,3302.38765452204,12263.1543364965
3842.2,64.0366666666667,0.141727991248871,6.40281196404163,94.277778303318,3302.57972870374,12264.0984790173
3842.4,64.04,0.141740253140261,6.40326451547005,94.2839277068146,3302.77181645632,12265.0425428694
3842.6,64.0433333333333,0.141752592985003,6.40371732514773,94.290076989839,3302.96391778736,12265.9865281213
3842.8,64.0466666666667,0.141765010507986,6.40417040030584,94.2962261544954,3303.15603270468,12266.9304348422
3843,64.05,0.141777505436563,6.40462374813264,94.3023752028662,3303.34816121628,12267.8742631014
3843.2,64.0533333333333,0.141790077500297,6.40507737577378,94.3085241370122,3303.5403033304,12268.8180129686
3843.4,64.0566666666667,0.141802726430731,6.40553129033264,94.314672958973,3303.73245905549,12269.7616845139
3843.6,64.06,0.141815451961192,6.40598549887062,94.3208216707671,3303.9246284002,12270.7052778077
3843.8,64.0633333333333,0.141828253826604,6.40644000840734,94.3269702743921,3304.11681137342,12271.6487929207
3844,64.0666666666667,0.141841131763327,6.40689482592096,94.3331187718253,3304.30900798422,12272.5922299239
3844.2,64.07,0.141854085509014,6.40734995834838,94.3392671650235,3304.50121824189,12273.5355888887
3844.4,64.0733333333333,0.141867114802481,6.40780541258545,94.3454154559235,3304.69344215594,12274.4788698865
3844.6,64.0766666666667,0.141880219383592,6.40826119548715,94.3515636464424,3304.88567973607,12275.4220729893
3844.8,64.08,0.141893398993156,6.40871731386784,94.3577117384776,3305.07793099218,12276.3651982693
3845,64.0833333333333,0.14190665337284,6.40917377450138,94.3638597339075,3305.27019593441,12277.3082457989
3845.2,64.0866666666667,0.141919982265083,6.40963058412131,94.3700076345909,3305.46247457305,12278.2512156507
3845.4,64.09,0.141933385413032,6.41008774942106,94.3761554423684,3305.65476691864,12279.1941078977
3845.6,64.0933333333333,0.141946862560471,6.41054527705405,94.3823031590613,3305.8470729819,12280.1369226131
3845.8,64.0966666666667,0.141960413451775,6.41100317363385,94.3884507864731,3306.03939277374,12281.0796598703
3846,64.1,0.141974037831856,6.41146144573433,94.3945983263887,3306.23172630528,12282.0223197429
3846.2,64.1033333333333,0.14198773544612,6.41192009988983,94.4007457805753,3306.42407358783,12282.9649023047
3846.4,64.1066666666667,0.142001506040435,6.41237914259523,94.4068931507823,3306.61643463291,12283.9074076298
3846.6,64.11,0.142015349361095,6.41283858030611,94.4130404387416,3306.80880945223,12284.8498357925
3846.8,64.1133333333333,0.142029265154796,6.4132984194389,94.4191876461677,3307.00119805767,12285.7921868672
3847,64.1166666666667,0.14204325316861,6.41375866637095,94.4253347747582,3307.19360046134,12286.7344609285
3847.2,64.12,0.142057313149964,6.41421932744071,94.4314818261935,3307.3860166755,12287.6766580514
3847.4,64.1233333333333,0.142071444846629,6.41468040894781,94.4376288021377,3307.57844671264,12288.6187783109
3847.6,64.1266666666667,0.142085648006698,6.41514191715319,94.4437757042381,3307.77089058542,12289.5608217819
3847.8,64.13,0.142099922378583,6.41560385827919,94.449922534126,3307.96334830667,12290.5027885401
3848,64.1333333333333,0.142114267711,6.41606623850971,94.4560692934163,3308.15581988944,12291.4446786607
3848.2,64.1366666666667,0.142128683752964,6.41652906399029,94.4622159837083,3308.34830534695,12292.3864922195
3848.4,64.14,0.142143170253785,6.41699234082824,94.4683626065854,3308.54080469259,12293.3282292922
3848.6,64.1433333333333,0.142157726963062,6.41745607509272,94.4745091636156,3308.73331793996,12294.2698899547
3848.8,64.1466666666667,0.142172353630683,6.41792027281489,94.4806556563515,3308.92584510282,12295.2114742832
3849,64.15,0.142187050006823,6.41838493998801,94.4868020863307,3309.11838619512,12296.1529823537
3849.2,64.1533333333333,0.142201815841946,6.41885008256751,94.4929484550757,3309.310941231,12297.0944142425
3849.4,64.1566666666667,0.142216650886803,6.41931570647117,94.4990947640942,3309.50351022475,12298.0357700261
3849.6,64.16,0.142231554892436,6.41978181757916,94.5052410148795,3309.69609319085,12298.977049781
3849.8,64.1633333333333,0.142246527610183,6.4202484217342,94.5113872089104,3309.88869014398,12299.9182535836
3850,64.1666666666667,0.142261568791677,6.42071552474164,94.5175333476513,3310.08130109897,12300.8593815109
3850.2,64.17,0.142276678188857,6.4211831323696,94.5236794325526,3310.27392607081,12301.8004336394
3850.4,64.1733333333333,0.142291855553963,6.42165125034904,94.529825465051,3310.46656507471,12302.7414100462
3850.6,64.1766666666667,0.142307100639552,6.4221198843739,94.5359714465692,3310.659218126,12303.6823108081
3850.8,64.18,0.142322413198495,6.4225890401012,94.5421173785164,3310.85188524022,12304.6231360022
3851,64.1833333333333,0.142337792983988,6.42305872315115,94.5482632622884,3311.04456643305,12305.5638857055
3851.2,64.1866666666667,0.142353239749556,6.42352893910728,94.5544090992679,3311.23726172036,12306.5045599951
3851.4,64.19,0.142368753249059,6.42399969351651,94.5605548908242,3311.42997111818,12307.4451589484
3851.6,64.1933333333333,0.142384333236702,6.42447099188931,94.566700638314,3311.62269464269,12308.3856826426
3851.8,64.1966666666667,0.142399979467037,6.42494283969978,94.5728463430809,3311.81543231027,12309.3261311548
3852,64.2,0.142415691694974,6.42541524238577,94.578992006456,3312.00818413744,12310.2665045626
3852.2,64.2033333333333,0.142431469675784,6.42588820534901,94.5851376297581,3312.20095014088,12311.2068029432
3852.4,64.2066666666667,0.14244731316511,6.42636173395519,94.5912832142935,3312.39373033744,12312.1470263741
3852.6,64.21,0.142463221918973,6.42683583353413,94.5974287613563,3312.58652474413,12313.0871749327
3852.8,64.2133333333333,0.142479195693778,6.42731050937982,94.6035742722287,3312.77933337812,12314.0272486965
3853,64.2166666666667,0.14249523424632,6.42778576675059,94.6097197481808,3312.97215625673,12314.967247743
3853.2,64.22,0.142511337333797,6.42826161086923,94.6158651904712,3313.16499339746,12315.9071721495
3853.4,64.2233333333333,0.14252750471381,6.42873804692305,94.6220106003467,3313.35784481794,12316.8470219938
3853.6,64.2266666666667,0.142543736144375,6.42921508006407,94.6281559790427,3313.55071053598,12317.7867973532
3853.8,64.23,0.142560031383926,6.42969271540908,94.6343013277834,3313.74359056951,12318.7264983053
3854,64.2333333333333,0.142576390191327,6.43017095803979,94.6404466477816,3313.93648493665,12319.6661249276
3854.2,64.2366666666667,0.142592812325875,6.43064981300291,94.6465919402391,3314.12939365565,12320.6056772975
3854.4,64.24,0.142609297547308,6.43112928531034,94.6527372063468,3314.32231674492,12321.5451554927
3854.6,64.2433333333333,0.142625845615813,6.43160937993919,94.6588824472848,3314.51525422301,12322.4845595904
3854.8,64.2466666666667,0.142642456292032,6.43209010183201,94.6650276642226,3314.70820610865,12323.4238896683
3855,64.25,0.142659129337066,6.43257145589682,94.6711728583189,3314.90117242067,12324.3631458037
3855.2,64.2533333333333,0.142675864512486,6.43305344700725,94.6773180307223,3315.09415317808,12325.3023280741
3855.4,64.2566666666667,0.142692661580337,6.43353608000271,94.683463182571,3315.28714840003,12326.2414365567
3855.6,64.26,0.142709520303143,6.43401935968844,94.6896083149928,3315.48015810581,12327.1804713291
3855.8,64.2633333333333,0.142726440443918,6.43450329083571,94.6957534291058,3315.67318231486,12328.1194324684
3856,64.2666666666667,0.142743421766166,6.43498787818184,94.7018985260179,3315.86622104675,12329.0583200519
3856.2,64.27,0.142760464033891,6.43547312643042,94.7080436068274,3316.05927432122,12329.9971341569
3856.4,64.2733333333333,0.142777567011602,6.43595904025139,94.7141886726226,3316.25234215811,12330.9358748605
3856.6,64.2766666666667,0.142794730464319,6.43644562428115,94.7203337244826,3316.44542457744,12331.8745422398
3856.8,64.28,0.142811954157579,6.4369328831227,94.7264787634767,3316.63852159934,12332.813136372
3857,64.2833333333333,0.142829237857438,6.43742082134576,94.732623790665,3316.83163324409,12333.7516573339
3857.2,64.2866666666667,0.142846581330483,6.43790944348692,94.7387688070984,3317.02475953211,12334.6901052027
3857.4,64.29,0.142863984343831,6.4383987540497,94.7449138138185,3317.21790048395,12335.6284800551
3857.6,64.2933333333333,0.142881446665139,6.43888875750473,94.751058811858,3317.41105612029,12336.5667819679
3857.8,64.2966666666667,0.142898968062605,6.43937945828987,94.7572038022406,3317.60422646196,12337.505011018
3858,64.3,0.142916548304976,6.43987086081029,94.7633487859813,3317.79741152991,12338.443167282
3858.2,64.3033333333333,0.142934187161552,6.44036296943866,94.7694937640861,3317.99061134522,12339.3812508364
3858.4,64.3066666666667,0.142951884402192,6.44085578851521,94.7756387375528,3318.18382592911,12340.3192617579
3858.6,64.31,0.142969639797314,6.44134932234791,94.7817837073704,3318.37705530293,12341.2572001228
3858.8,64.3133333333333,0.142987453117907,6.44184357521257,94.7879286745195,3318.57029948814,12342.1950660074
3859,64.3166666666667,0.143005324135527,6.44233855135296,94.7940736399726,3318.76355850636,12343.1328594882
3859.2,64.32,0.143023252622309,6.44283425498094,94.8002186046937,3318.95683237931,12344.0705806412
3859.4,64.3233333333333,0.143041238350967,6.44333069027659,94.8063635696389,3319.15012112885,12345.0082295425
3859.6,64.3266666666667,0.143059281094799,6.44382786138835,94.8125085357562,3319.34342477695,12345.9458062681
3859.8,64.33,0.14307738062769,6.44432577243313,94.8186535039856,3319.53674334574,12346.8833108939
3860,64.3333333333333,0.143095536724118,6.44482442749641,94.8247984752595,3319.73007685742,12347.8207434957
3860.2,64.3366666666667,0.143113749159156,6.44532383063242,94.8309434505023,3319.92342533437,12348.7581041492
3860.4,64.34,0.143132017708479,6.44582398586425,94.8370884306308,3320.11678879904,12349.6953929299
3860.6,64.3433333333333,0.143150342148361,6.44632489718395,94.8432334165544,3320.31016727403,12350.6326099134
3860.8,64.3466666666667,0.143168722255685,6.44682656855267,94.8493784091748,3320.50356078205,12351.569755175
3861,64.35,0.143187157807943,6.44732900390081,94.8555234093865,3320.69696934593,12352.5068287899
3861.2,64.3533333333333,0.143205648583241,6.44783220712812,94.8616684180766,3320.89039298863,12353.4438308333
3861.4,64.3566666666667,0.143224194360301,6.44833618210383,94.8678134361251,3321.08383173321,12354.3807613802
3861.6,64.36,0.143242794918466,6.4488409326668,94.8739584644047,3321.27728560284,12355.3176205056
3861.8,64.3633333333333,0.143261450037698,6.44934646262561,94.8801035037812,3321.47075462083,12356.2544082841
3862,64.3666666666667,0.143280159498587,6.44985277575872,94.8862485551132,3321.66423881059,12357.1911247906
3862.2,64.37,0.143298923082352,6.45035987581457,94.8923936192528,3321.85773819563,12358.1277700994
3862.4,64.3733333333333,0.143317740570842,6.45086776651174,94.898538697045,3322.0512527996,12359.064344285
3862.6,64.3766666666667,0.14333661174654,6.45137645153905,94.9046837893282,3322.24478264624,12360.0008474217
3862.8,64.38,0.143355536392564,6.45188593455568,94.9108288969341,3322.43832775941,12360.9372795837
3863,64.3833333333333,0.143374514292672,6.45239621919135,94.9169740206878,3322.63188816307,12361.8736408449
3863.2,64.3866666666667,0.143393545231264,6.45290730904637,94.923119161408,3322.82546388131,12362.8099312793
3863.4,64.39,0.143412628993382,6.45341920769183,94.9292643199069,3323.0190549383,12363.7461509606
3863.6,64.3933333333333,0.143431765364715,6.45393191866969,94.9354094969905,3323.21266135834,12364.6822999624
3863.8,64.3966666666667,0.143450954131599,6.45444544549294,94.9415546934584,3323.40628316582,12365.6183783581
3864,64.4,0.143470195081019,6.45495979164568,94.9476999101039,3323.59992038524,12366.5543862211
3864.2,64.4033333333333,0.143489488000614,6.4554749605833,94.9538451477145,3323.79357304121,12367.4903236246
3864.4,64.4066666666667,0.143508832678676,6.45599095573257,94.9599904070714,3323.98724115844,12368.4261906417
3864.6,64.41,0.143528228904152,6.45650778049178,94.9661356889499,3324.18092476174,12369.3619873451
3864.8,64.4133333333333,0.143547676466648,6.45702543823086,94.9722809941192,3324.37462387602,12370.2977138077
3865,64.4166666666667,0.143567175156428,6.45754393229151,94.978426323343,3324.5683385263,12371.2333701021
3865.2,64.42,0.143586724764417,6.45806326598733,94.984571677379,3324.76206873769,12372.1689563007
3865.4,64.4233333333333,0.143606325082202,6.45858344260395,94.9907170569792,3324.95581453541,12373.1044724757
3865.6,64.4266666666667,0.143625975902035,6.45910446539914,94.99686246289,3325.14957594477,12374.0399186994
3865.8,64.43,0.143645677016832,6.45962633760296,95.0030078958522,3325.34335299118,12374.9752950437
3866,64.4333333333333,0.143665428220176,6.46014906241785,95.0091533566011,3325.53714570014,12375.9106015805
3866.2,64.4366666666667,0.143685229306317,6.46067264301879,95.0152988458665,3325.73095409726,12376.8458383813
3866.4,64.44,0.143705080070176,6.46119708255341,95.0214443643728,3325.92477820824,12377.7810055178
3866.6,64.4433333333333,0.143724980307342,6.46172238414213,95.0275899128393,3326.11861805886,12378.7161030612
3866.8,64.4466666666667,0.143744929814077,6.46224855087825,95.0337354919796,3326.31247367501,12379.6511310827
3867,64.45,0.143764928387315,6.46277558582812,95.0398811025026,3326.50634508266,12380.5860896535
3867.2,64.4533333333333,0.143784975824661,6.46330349203123,95.0460267451116,3326.7002323079,12381.5209788442
3867.4,64.4566666666667,0.143805071924396,6.46383227250037,95.0521724205051,3326.89413537687,12382.4557987257
3867.6,64.46,0.143825216485477,6.4643619302217,95.0583181293765,3327.08805431583,12383.3905493684
3867.8,64.4633333333333,0.143845409307535,6.46489246815494,95.0644638724142,3327.28198915112,12384.3252308428
3868,64.4666666666667,0.143865650190878,6.46542388923343,95.0706096503016,3327.47593990916,12385.2598432188
3868.2,64.47,0.14388593893649,6.46595619636433,95.0767554637174,3327.66990661648,12386.1943865667
3868.4,64.4733333333333,0.143906275346035,6.46648939242865,95.0829013133355,3327.86388929967,12387.1288609563
3868.6,64.4766666666667,0.143926659221853,6.46702348028146,95.0890471998249,3328.05788798543,12388.0632664572
3868.8,64.48,0.143947090366964,6.46755846275196,95.0951931238501,3328.25190270053,12388.9976031388
3869,64.4833333333333,0.143967568585066,6.46809434264362,95.1013390860707,3328.44593347182,12389.9318710707
3869.2,64.4866666666667,0.143988093680538,6.46863112273432,95.1074850871419,3328.63998032626,12390.8660703218
3869.4,64.49,0.144008665458438,6.46916880577643,95.1136311277144,3328.83404329087,12391.8002009612
3869.6,64.4933333333333,0.144029283724505,6.46970739449698,95.1197772084343,3329.02812239276,12392.7342630576
3869.8,64.4966666666667,0.144049948285157,6.47024689159775,95.1259233299433,3329.22221765912,12393.6682566797
3870,64.5,0.144070658947494,6.4707872997554,95.1320694928788,3329.41632911722,12394.6021818959
3870.2,64.5033333333333,0.144091415519296,6.47132862162161,95.1382156978737,3329.61045679441,12395.5360387746
3870.4,64.5066666666667,0.144112217809024,6.47187085982318,95.1443619455568,3329.80460071812,12396.4698273836
3870.6,64.51,0.14413306562582,6.47241401696214,95.1505082365525,3329.99876091587,12397.403547791
3870.8,64.5133333333333,0.144153958779507,6.4729580956159,95.1566545714811,3330.19293741524,12398.3372000645
3871,64.5166666666667,0.144174897080587,6.47350309833738,95.1628009509587,3330.38713024389,12399.2707842716
3871.2,64.52,0.144195880340247,6.47404902765508,95.1689473755975,3330.58133942957,12400.2043004796
3871.4,64.5233333333333,0.14421690837035,6.47459588607324,95.1750938460054,3330.7755650001,12401.1377487557
3871.6,64.5266666666667,0.144237980983441,6.47514367607196,95.1812403627864,3330.96980698335,12402.0711291669
3871.8,64.53,0.144259097992748,6.4756924001073,95.1873869265406,3331.16406540731,12403.0044417799
3872,64.5333333333333,0.144280259212175,6.47624206061141,95.1935335378642,3331.35834030001,12403.9376866614
3872.2,64.5366666666667,0.144301464456308,6.47679265999265,95.1996801973493,3331.55263168956,12404.8708638778
3872.4,64.54,0.14432271354041,6.47734420063571,95.2058269055844,3331.74693960415,12405.8039734954
3872.6,64.5433333333333,0.144344006280427,6.47789668490172,95.2119736631543,3331.94126407203,12406.7370155801
3872.8,64.5466666666667,0.14436534249298,6.47845011512838,95.2181204706398,3332.13560512153,12407.6699901978
3873,64.55,0.14438672199537,6.47900449363007,95.2242673286181,3332.32996278104,12408.6028974141
3873.2,64.5533333333333,0.144408144605574,6.47955982269797,95.2304142376629,3332.52433707903,12409.5357372946
3873.4,64.5566666666667,0.144429610142247,6.48011610460019,95.2365611983441,3332.71872804404,12410.4685099045
3873.6,64.56,0.144451118424721,6.48067334158184,95.242708211228,3332.91313570466,12411.401215309
3873.8,64.5633333333333,0.144472669273005,6.48123153586522,95.2488552768776,3333.10756008957,12412.3338535728
3874,64.5666666666667,0.144494262507779,6.48179068964987,95.2550023958522,3333.3020012275,12413.2664247607
3874.2,64.57,0.144515897950403,6.48235080511274,95.2611495687076,3333.49645914725,12414.1989289373
3874.4,64.5733333333333,0.144537575422907,6.48291188440825,95.2672967959965,3333.69093387769,12415.1313661668
3874.6,64.5766666666667,0.144559294747997,6.48347392966846,95.2734440782678,3333.88542544775,12416.0637365133
3874.8,64.58,0.144581055749049,6.48403694300315,95.2795914160674,3334.07993388642,12416.9960400409
3875,64.5833333333333,0.144602858250113,6.48460092649995,95.2857388099376,3334.27445922276,12417.9282768131
3875.2,64.5866666666667,0.144624702075908,6.48516588222444,95.2918862604178,3334.4690014859,12418.8604468937
3875.4,64.59,0.144646587051825,6.48573181222028,95.2980337680439,3334.66356070502,12419.7925503458
3875.6,64.5933333333333,0.144668513003923,6.48629871850932,95.3041813333485,3334.85813690935,12420.7245872327
3875.8,64.5966666666667,0.144690479758928,6.48686660309172,95.3103289568615,3335.0527301282,12421.6565576173
3876,64.6,0.144712487144237,6.48743546794604,95.3164766391091,3335.24734039094,12422.5884615624
3876.2,64.6033333333333,0.144734534987909,6.48800531502937,95.3226243806148,3335.44196772699,12423.5202991305
3876.4,64.6066666666667,0.144756623118671,6.48857614627744,95.328772181899,3335.63661216583,12424.452070384
3876.6,64.61,0.144778751365915,6.48914796360475,95.3349200434789,3335.83127373699,12425.383775385
3876.8,64.6133333333333,0.144800919559695,6.48972076890465,95.341067965869,3336.02595247009,12426.3154141956
3877,64.6166666666667,0.144823127530726,6.49029456404945,95.3472159495805,3336.22064839476,12427.2469868775
3877.2,64.62,0.144845375110388,6.49086935089058,95.3533639951218,3336.41536154072,12428.1784934922
3877.4,64.6233333333333,0.144867662130716,6.49144513125866,95.3595121029987,3336.61009193774,12429.1099341011
3877.6,64.6266666666667,0.144889988424409,6.49202190696359,95.3656602737137,3336.80483961562,12430.0413087655
3877.8,64.63,0.144912353824821,6.49259967979473,95.3718085077667,3336.99960460426,12430.9726175463
3878,64.6333333333333,0.144934758165963,6.49317845152093,95.3779568056548,3337.19438693357,12431.9038605042
3878.2,64.6366666666667,0.144957201282501,6.49375822389071,95.3841051678722,3337.38918663353,12432.8350376999
3878.4,64.64,0.144979683009756,6.49433899863233,95.3902535949106,3337.58400373417,12433.7661491936
3878.6,64.6433333333333,0.145002203183702,6.49492077745388,95.3964020872589,3337.77883826559,12434.6971950457
3878.8,64.6466666666667,0.145024761640963,6.49550356204344,95.4025506454031,3337.97369025791,12435.6281753161
3879,64.65,0.145047358218816,6.49608735406917,95.4086992698268,3338.16855974132,12436.5590900645
3879.2,64.6533333333333,0.145069992755185,6.49667215517937,95.414847961011,3338.36344674606,12437.4899393506
3879.4,64.6566666666667,0.145092665088642,6.49725796700268,95.420996719434,3338.5583513024,12438.4207232336
3879.6,64.66,0.145115375058407,6.4978447911481,95.4271455455715,3338.7532734407,12439.3514417729
3879.8,64.6633333333333,0.145138122504342,6.49843262920512,95.4332944398968,3338.94821319131,12440.2820950273
3880,64.6666666666667,0.145160907266955,6.49902148274388,95.4394434028805,3339.14317058468,12441.2126830557
3880.2,64.67,0.145051955291399,6.49961135331518,95.4453945256459,3339.33814565129,12442.1432059166
3880.4,64.6733333333333,0.144477389938191,6.50017668177746,95.4506162680584,3339.53313832281,12443.0735134489
3880.6,64.6766666666667,0.143545891364191,6.50067383727914,95.4552206501678,3339.72814751418,12444.0033320812
3880.8,64.68,0.142346379870081,6.50106962688641,95.4593026289637,3339.92317091361,12444.9324273761
3881,64.6833333333333,0.140951276493628,6.50133938569113,95.462942775586,3340.11820528072,12445.8605991565
3881.2,64.6866666666667,0.139419133474643,6.50146537794733,95.4662093293998,3340.31324668994,12446.7876770892
3881.4,64.69,0.137796891501714,6.50143545460611,95.4691599681654,3340.50829072779,12447.7135166789
3881.6,64.6933333333333,0.136121824112115,6.50124193126987,95.4718433548483,3340.70333265174,12448.6379956765
3881.8,64.6966666666667,0.134423202945512,6.5008806557126,95.4743004837828,3340.8983675168,12449.5610108971
3882,64.7,0.132723714361007,6.50035023742976,95.4765658450825,3341.09339027544,12450.4824754266
3882.2,64.7033333333333,0.131040656958525,6.49965141476569,95.4786684262014,3341.28839585543,12451.4023161927
3882.4,64.7066666666667,0.129386948063108,6.49878653813919,95.4806325692801,3341.48337921968,12452.3204718645
3882.6,64.71,0.127771965161004,6.49775915068895,95.482478702064,3341.67833541125,12453.2368910482
3882.8,64.7133333333333,0.126202245861176,6.49657365023937,95.4842239588976,3341.87325958648,12454.1515307438
3883,64.7166666666667,0.124682067411225,6.49523501881448,95.4858827068056,3342.06814703845,12455.0643550313
3883.2,64.72,0.123213924276813,6.49374860799519,95.4874669900843,3342.26299321286,12455.9753339539
3883.4,64.7233333333333,0.12179891989958,6.49211997022952,95.4889869052575,3342.45779371773,12456.8844425743
3883.6,64.7266666666667,0.12043708653843,6.49035472778065,95.4904509167599,3342.65254432838,12457.7916601759
3883.8,64.73,0.119127645102832,6.48845847235371,95.4918661223343,3342.84724098876,12458.6969695903
3884,64.7333333333333,0.117869215112975,6.486436689602,95.4932384758797,3343.04187980986,12459.6003566312
3884.2,64.7366666666667,0.116659983365446,6.48429470369809,95.4945729743812,3343.23645706616,12460.5018096178
3884.4,64.74,0.115497838532301,6.48203763798811,95.4958738145756,3343.43096919038,12461.4013189758
3884.6,64.7433333333333,0.114380477758129,6.47967038844847,95.4971445241565,3343.62541276729,12462.2988769015
3884.8,64.7466666666667,0.113305490325062,6.47719760725113,95.4983880715892,3343.81978452674,12463.1944770806
3885,64.75,0.112270422610126,6.47462369423445,95.4996069579762,3344.01408133626,12464.0881144533
3885.2,64.7533333333333,0.111272827843627,6.47195279448458,95.5008032938717,3344.20830019345,12464.9797850161
3885.4,64.7566666666667,0.110310303574458,6.46918880057149,95.5019788634896,3344.40243821838,12465.8694856576
3885.6,64.76,0.109380519241855,6.46633535826376,95.5031351783546,3344.59649264602,12466.7572140196
3885.8,64.7633333333333,0.108481235829432,6.46339587477773,95.5042735221227,3344.79046081891,12467.6429683816
3886,64.7666666666667,0.107610319223745,6.46037352880678,95.5053949880147,3344.98434018007,12468.5267475642
3886.2,64.77,0.106765748605153,6.45727128173264,95.506500510075,3345.17812826625,12469.4085508479
3886.4,64.7733333333333,0.105945620954409,6.45409188954804,95.50759088927,3345.37182270144,12470.2883779055
3886.6,64.7766666666667,0.105148152555829,6.45083791512434,95.5086668152754,3345.56542119086,12471.1662287452
3886.8,64.78,0.104371678210491,6.4475117405417,95.5097288846621,3345.75892151525,12472.0421036633
3887,64.7833333333333,0.103614648734929,6.44411557926836,95.5107776160753,3345.9523215255,12472.9160032042
3887.2,64.7866666666667,0.102875627207109,6.44065148802969,95.5118134629029,3346.14561913772,12473.7879281272
3887.4,64.79,0.102153284328332,6.43712137825266,95.5128368238483,3346.33881232861,12474.6578793785
3887.6,64.7933333333333,0.101446393193311,6.43352702700578,95.5138480517529,3346.53189913119,12475.5258580678
3887.8,64.7966666666667,0.100753823698363,6.4298700873825,95.5148474609601,3346.72487763082,12476.3918654486
3888,64.8,0.100074536766972,6.42615209829808,95.5158353334599,3346.91774596161,12477.2559029015
3888.2,64.8033333333333,0.099407578530734,6.42237449368636,95.5168119240174,3347.11050230302,12478.1179719203
3888.4,64.8066666666667,0.0987520745705157,6.41853861109621,95.5177774644531,3347.30314487678,12478.9780741004
3888.6,64.81,0.098107224295825,6.41464569969715,95.5187321672158,3347.49567194409,12479.8362111289
3888.8,64.8133333333333,0.0974722955189504,6.41069692771041,95.5196762283648,3347.68808180298,12480.6923847757
3889,64.8166666666667,0.0968466192633943,6.40669338928764,95.5206098300602,3347.88037278597,12481.5465968869
3889.2,64.82,0.0962295848325364,6.40263611086231,95.5215331426421,3348.0725432579,12482.3988493786
3889.4,64.8233333333333,0.0956206351539409,6.3985260570014,95.5224463263677,3348.2645916139,12483.2491442317
3889.6,64.8266666666667,0.0950192624064311,6.39436413578645,95.523349532862,3348.45651627764,12484.0974834872
3889.8,64.83,0.0944250039307368,6.3901512037529,95.5242429063307,3348.64831569959,12484.9438692428
3890,64.8333333333333,0.0938374384197855,6.38588807041743,95.5251265845743,3348.8399883556,12485.7883036495
3890.2,64.8366666666667,0.0932561823811025,6.38157550242141,95.5260006998357,3349.03153274544,12486.6307889084
3890.4,64.84,0.0926808868613139,6.37721422731876,95.5268653795109,3349.22294739162,12487.4713272688
3890.6,64.8433333333333,0.0921112344209452,6.37280493703457,95.5277207467428,3349.41423083816,12488.3099210255
3890.8,64.8466666666667,0.0915469363465818,6.36834829101989,95.5285669209202,3349.60538164962,12489.146572517
3891,64.85,0.090987730086856,6.36384491912701,95.5294040180954,3349.7963984101,12489.981284124
3891.2,64.8533333333333,0.0904333768983906,6.35929542422743,95.5302321513361,3349.98727972239,12490.8140582676
3891.4,64.8566666666667,0.0898836596879233,6.35470038459408,95.53105143102,3350.17802420719,12491.6448974081
3891.6,64.86,0.0893383810370312,6.3500603560674,95.5318619650842,3350.36863050235,12492.4738040436
3891.8,64.8633333333333,0.0887973613962764,6.34537587402359,95.5326638592352,3350.55909726228,12493.3007807088
3892,64.8666666666667,0.0882604374361507,6.34064745516229,95.5334572171261,3350.74942315727,12494.1258299744
3892.2,64.87,0.0877274605427206,6.33587559912912,95.5342421405072,3350.93960687299,12494.9489544453
3892.4,64.8733333333333,0.0871982954465836,6.331060789988,95.535018729354,3351.12964710999,12495.7701567606
3892.6,64.8766666666667,0.0866728189743673,6.32620349755627,95.5357870819762,3351.31954258322,12496.5894395921
3892.8,64.88,0.0861509189126836,6.32130417861506,95.5365472951111,3351.50929202163,12497.4068056438
3893,64.8833333333333,0.0856324929751594,6.31636327800626,95.5372994640034,3351.69889416779,12498.2222576509
3893.2,64.8866666666667,0.0851174478637611,6.31138122962612,95.5380436824746,3351.88834777752,12499.0357983792
3893.4,64.89,0.0846056984163285,6.30635845732529,95.5387800429827,3352.07765161958,12499.8474306247
3893.6,64.8933333333333,0.0840971668328083,6.3012953757237,95.5395086366746,3352.26680447538,12500.6571572123
3893.8,64.8966666666667,0.0835917819732515,6.29619239094807,95.540229553432,3352.45580513871,12501.4649809956
3894,64.9,0.0830894787212362,6.29104990129953,95.5409428819113,3352.64465241547,12502.2709048562
3894.2,64.9033333333333,0.082590197406824,6.28586829785762,95.54164870958,3352.83334512346,12503.0749317031
3894.4,64.9066666666667,0.0820938832837104,6.28064796502666,95.5423471227481,3353.02188209216,12503.8770644719
3894.6,64.91,0.0816004860556361,6.2753892810301,95.5430382065977,3353.21026216254,12504.6773061246
3894.8,64.9133333333333,0.0811099594475474,6.27009261835746,95.5437220452083,3353.39848418686,12505.4756596486
3895,64.9166666666667,0.0806222608174229,6.26475834416864,95.5443987215814,3353.58654702854,12506.2721280565
3895.2,64.92,0.0801373508049774,6.25938682065936,95.5450683176621,3353.77444956194,12507.0667143855
3895.4,64.9233333333333,0.0796551930138483,6.25397840539171,95.5457309143593,3353.96219067229,12507.8594216967
3895.6,64.9266666666667,0.0791757537241369,6.24853345159293,95.5463865915649,3354.14976925547,12508.6502530747
3895.8,64.93,0.078699001632452,6.24305230842548,95.5470354281712,3354.33718421798,12509.4392116271
3896,64.9333333333333,0.0782249076169034,6.23753532123136,95.547677502088,3354.52443447671,12510.2263004842
3896.2,64.9366666666667,0.0777534445246631,6.23198283175273,95.5483128902584,3354.71151895893,12511.0115227979
3896.4,64.94,0.077284586979991,6.22639517833162,95.5489416686737,3354.8984366021,12511.794881742
3896.6,64.9433333333333,0.0768183112107746,6.22077269609032,95.5495639123879,3355.08518635382,12512.5763805111
3896.8,64.9466666666667,0.076354594891817,6.21511571709456,95.5501796955318,3355.27176717173,12513.3560223204
3897,64.95,0.0758934170033046,6.20942457050104,95.5507890913264,3355.4581780234,12514.1338104055
3897.2,64.9533333333333,0.0754347577029763,6.20369958269082,95.5513921720955,3355.64441788626,12514.9097480213
3897.4,64.9566666666667,0.0749785982107111,6.19794107739003,95.5519890092789,3355.83048574749,12515.6838384421
3897.6,64.96,0.0745249207043356,6.19214937577906,95.552579673444,3356.016380604,12516.456084961
3897.8,64.9633333333333,0.0740737082255654,6.18632479659127,95.553164234298,3356.20210146227,12517.2264908895
3898,64.9666666666667,0.0736249445951328,6.1804676562025,95.5537427606996,3356.38764733838,12517.9950595568
3898.2,64.97,0.0731786143361871,6.17457826871192,95.5543153206705,3356.57301725783,12518.76179431
3898.4,64.9733333333333,0.0727347026051966,6.16865694601537,95.5548819814061,3356.75821025555,12519.5266985129
3898.6,64.9766666666667,0.0722931951296182,6.16270399787183,95.5554428092867,3356.94322537583,12520.2897755463
3898.8,64.98,0.0718540781516726,6.15671973196354,95.5559978698882,3357.12806167221,12521.051028807
3899,64.9833333333333,0.0714173383776587,6.15070445395068,95.5565472279926,3357.31271820744,12521.8104617081
3899.2,64.9866666666667,0.0709829629322427,6.14465846752081,95.5570909475984,3357.49719405346,12522.5680776777
3899.4,64.99,0.0705509393172639,6.13858207443393,95.5576290919307,3357.68148829127,12523.3238801595
3899.6,64.9933333333333,0.0701212553746107,6.13247557456336,95.558161723451,3357.86560001092,12524.0778726117
3899.8,64.9966666666667,0.0696938992527606,6.12633926593285,95.5586889038675,3358.04952831146,12524.8300585069
3900,65,0.0692688593766546,6.12017344475047,95.5592106941445,3358.23327230083,12525.5804413316
3900.2,65.0033333333333,0.0688461244205514,6.11397840543938,95.5597271545118,3358.41683109589,12526.3290245862
3900.4,65.0066666666667,0.0684256832835954,6.10775444066596,95.5602383444744,3358.60020382228,12527.0758117842
3900.6,65.01,0.068007525067827,6.10150184136556,95.5607443228218,3358.78338961442,12527.8208064521
3900.8,65.0133333333333,0.0675916390583841,6.09522089676584,95.5612451476368,3358.96638761546,12528.564012129
3901,65.0166666666667,0.0671780147057084,6.08891189440839,95.5617408763049,3359.14919697718,12529.3054323661
3901.2,65.02,0.0667666416095295,6.08257512016839,95.5622315655228,3359.33181686001,12530.0450707267
3901.4,65.0233333333333,0.0663575095044788,6.07621085827273,95.5627172713075,3359.51424643293,12530.7829307855
3901.6,65.0266666666667,0.0659506082471628,6.06981939131675,95.5631980490048,3359.69648487342,12531.5190161287
3901.8,65.03,0.0655459278045449,6.06340100027953,95.5636739532976,3359.87853136745,12532.2533303531
3902,65.0333333333333,0.0651434582435301,6.05695596453823,95.5641450382149,3360.06038510938,12532.9858770664
3902.2,65.0366666666667,0.0647431897216064,6.05048456188116,95.5646113571394,3360.24204530198,12533.7166598864
3902.4,65.04,0.0643451124784635,6.04398706852007,95.5650729628161,3360.4235111563,12534.445682441
3902.6,65.0433333333333,0.0639492168284817,6.0374637591016,95.5655299073603,3360.60478189168,12535.1729483677
3902.8,65.0466666666667,0.0635554931539986,6.0309149067178,95.5659822422654,3360.7858567357,12535.8984613134
3903,65.05,0.0631639318992971,6.02434078291623,95.5664300184111,3360.9667349241,12536.6222249341
3903.2,65.0533333333333,0.0627745235652186,6.01774165770922,95.5668732860707,3361.14741570078,12537.3442428947
3903.4,65.0566666666667,0.0623872587043602,6.01111779958274,95.5673120949191,3361.3278983177,12538.0645188683
3903.6,65.06,0.0620021279167909,6.00446947550474,95.5677464940402,3361.50818203488,12538.7830565365
3903.8,65.0633333333333,0.0616191218462254,5.99779695093298,95.5681765319344,3361.68826612033,12539.4998595889
3904,65.0666666666667,0.061238231176632,5.99110048982264,95.5686022565259,3361.86814985004,12540.2149317224
3904.2,65.07,0.0608594466292059,5.9843803546334,95.56902371517,3362.04783250786,12540.9282766417
3904.4,65.0733333333333,0.0604827589596926,5.9776368063363,95.5694409546602,3362.22731338555,12541.6398980584
3904.6,65.0766666666667,0.0601081589560176,5.9708701044204,95.5698540212353,3362.40659178264,12542.3497996911
3904.8,65.08,0.0597356374361841,5.96408050689901,95.5702629605863,3362.58566700648,12543.0579852649
3905,65.0833333333333,0.0593651852464316,5.9572682703159,95.5706678178634,3362.76453837212,12543.7644585113
3905.2,65.0866666666667,0.058996793259605,5.95043364975116,95.5710686376828,3362.94320520231,12544.4692231679
3905.4,65.09,0.0586304523737334,5.94357689882697,95.5714654641332,3363.12166682743,12545.1722829781
3905.6,65.0933333333333,0.0582661535107887,5.93669826971328,95.5718583407825,3363.29992258546,12545.8736416911
3905.8,65.0966666666667,0.0579038876155974,5.92979801313315,95.5722473106844,3363.47797182194,12546.5733030613
3906,65.1,0.0575436456549119,5.92287637836826,95.572632416385,3363.65581388993,12547.2712708483
3906.2,65.1033333333333,0.0571854186165974,5.91593361326404,95.5730136999286,3363.83344814993,12547.9675488165
3906.4,65.1066666666667,0.0568291975089464,5.9089699642349,95.5733912028645,3364.01087396989,12548.6621407352
3906.6,65.11,0.0564749733600959,5.90198567626934,95.573764966253,3364.18809072512,12549.3550503778
3906.8,65.1133333333333,0.0561227372175318,5.89498099293489,95.5741350306715,3364.3650977983,12550.0462815224
3907,65.1166666666667,0.0557724801476882,5.88795615638323,95.5745014362205,3364.54189457938,12550.7358379506
3907.2,65.12,0.0554241932356103,5.88091140735491,95.5748642225296,3364.71848046556,12551.4237234481
3907.4,65.1233333333333,0.055077867584692,5.87384698518436,95.5752234287635,3364.89485486128,12552.1099418041
3907.6,65.1266666666667,0.0547334943164735,5.86676312780474,95.5755790936274,3365.07101717812,12552.7944968112
3907.8,65.13,0.0543910645704835,5.85966007175263,95.5759312553732,3365.24696683481,12553.4773922651
3908,65.1333333333333,0.0540505695041412,5.85253805217297,95.5762799518048,3365.42270325715,12554.1586319644
3908.2,65.1366666666667,0.0537120002926882,5.84539730282369,95.5766252202839,3365.598225878,12554.8382197106
3908.4,65.14,0.0533753481291653,5.83823805608053,95.5769670977352,3365.7735341372,12555.5161593077
3908.6,65.1433333333333,0.0530406042244231,5.83106054294182,95.5773056206523,3365.94862748157,12556.1924545621
3908.8,65.1466666666667,0.0527077598071524,5.82386499303309,95.5776408251025,3366.12350536484,12556.8671092822
3909,65.15,0.0523768061239532,5.81665163461192,95.5779727467327,3366.29816724762,12557.5401272786
3909.2,65.1533333333333,0.0520477344394139,5.80942069457257,95.5783014207739,3366.47261259736,12558.2115123636
3909.4,65.1566666666667,0.0517205360362177,5.80217239845074,95.578626882047,3366.64684088831,12558.881268351
3909.6,65.16,0.0513952022152669,5.79490697042834,95.5789491649675,3366.82085160146,12559.5493990564
3909.8,65.1633333333333,0.0510717242958132,5.78762463333807,95.5792683035508,3366.99464422454,12560.2159082962
3910,65.1666666666667,0.050750093615613,5.78032560866834,95.5795843314169,3367.16821825194,12560.8807998882
3910.2,65.17,0.0504303015310824,5.77301011656782,95.5798972817953,3367.34157318468,12561.5440776511
3910.4,65.1733333333333,0.0501123394174682,5.76567837585028,95.58020718753,3367.51470853039,12562.2057454041
3910.6,65.1766666666667,0.0497961986690277,5.75833060399937,95.5805140810843,3367.68762380323,12562.8658069672
3910.8,65.18,0.0494818706992065,5.75096701717323,95.5808179945451,3367.8603185239,12563.5242661608
3911,65.1833333333333,0.0491693469408336,5.74358783020943,95.5811189596281,3368.03279221956,12564.1811268056
3911.2,65.1866666666667,0.0488586188463089,5.73619325662958,95.5814170076821,3368.20504442381,12564.8363927221
3911.4,65.19,0.0485496778878022,5.72878350864419,95.5817121696932,3368.37707467666,12565.4900677311
3911.6,65.1933333333333,0.0482425155574534,5.7213587971575,95.58200447629,3368.54888252444,12566.1421556529
3911.8,65.1966666666667,0.0479371233675682,5.71391933177215,95.5822939577473,3368.72046751983,12566.7926603078
3912,65.2,0.047633492850825,5.70646532079415,95.5825806439909,3368.89182922178,12567.4415855152
3912.2,65.2033333333333,0.0473316155604714,5.69899697123756,95.5828645646018,3369.06296719548,12568.0889350939
3912.4,65.2066666666667,0.0470314830705281,5.69151448882934,95.5831457488203,3369.2338810123,12568.7347128622
3912.6,65.21,0.0467330869759914,5.68401807801432,95.5834242255502,3369.40457024981,12569.3789226372
3912.8,65.2133333333333,0.0464364188930282,5.67650794195984,95.5837000233632,3369.57503449168,12570.0215682349
3913,65.2166666666667,0.0461414704591798,5.6689842825608,95.5839731705026,3369.74527332766,12570.6626534702
3913.2,65.22,0.0458482333335533,5.66144730044438,95.5842436948875,3369.91528635356,12571.3021821566
3913.4,65.2233333333333,0.0455566991970182,5.65389719497498,95.5845116241169,3370.0850731712,12571.940158106
3913.6,65.2266666666667,0.0452668597524005,5.64633416425916,95.5847769854735,3370.25463338837,12572.5765851289
3913.8,65.23,0.0449787067246671,5.63875840515038,95.5850398059275,3370.42396661879,12573.2114670338
3914,65.2333333333333,0.0446922318611178,5.63117011325408,95.5853001121404,3370.59307248207,12573.8448076276
3914.2,65.2366666666667,0.0444074269315646,5.62356948293246,95.5855579304691,3370.76195060369,12574.476610715
3914.4,65.24,0.0441242837285142,5.61595670730942,95.5858132869692,3370.93060061496,12575.1068800986
3914.6,65.2433333333333,0.0438427940673472,5.60833197827557,95.586066207399,3371.09902215294,12575.7356195789
3914.8,65.2466666666667,0.0435629497864876,5.60069548649303,95.586316717223,3371.26721486048,12576.3628329539
3915,65.25,0.043284742747579,5.59304742140051,95.5865648416152,3371.43517838611,12576.9885240191
3915.2,65.2533333333333,0.0430081648356468,5.5853879712181,95.5868106054634,3371.60291238404,12577.6126965675
3915.4,65.2566666666667,0.0427332079592638,5.57771732295235,95.5870540333719,3371.77041651414,12578.2353543894
3915.6,65.26,0.0424598640507123,5.57003566240119,95.5872951496652,3371.93769044185,12578.8565012723
3915.8,65.2633333333333,0.042188125066136,5.56234317415882,95.5875339783918,3372.10473383819,12579.4761410007
3916,65.2666666666667,0.0419179829856975,5.55464004162083,95.587770543327,3372.27154637971,12580.0942773561
3916.2,65.27,0.0416494298137233,5.54692644698899,95.5880048679764,3372.43812774844,12580.7109141169
3916.4,65.2733333333333,0.0413824575788504,5.53920257127636,95.5882369755793,3372.60447763189,12581.3260550582
3916.6,65.2766666666667,0.0411170583341703,5.53146859431223,95.588466889112,3372.77059572298,12581.939703952
3916.8,65.28,0.0408532241573622,5.52372469474706,95.5886946312906,3372.93648172,12582.5518645664
3917,65.2833333333333,0.0405909471508323,5.51597105005755,95.5889202245746,3373.10213532661,12583.1625406665
3917.2,65.2866666666667,0.0403302194418399,5.50820783655155,95.5891436911696,3373.26755625179,12583.7717360133
3917.4,65.29,0.0400710331826261,5.50043522937306,95.5893650530308,3373.43274420978,12584.3794543645
3917.6,65.2933333333333,0.0398133805505384,5.49265340250731,95.5895843318657,3373.59769892008,12584.9856994735
3917.8,65.2966666666667,0.0395572537481466,5.48486252878562,95.5898015491374,3373.76242010741,12585.5904750903
3918,65.3,0.0393026450033631,5.47706277989052,95.590016726067,3373.92690750164,12586.1937849606
3918.2,65.3033333333333,0.0390495465695513,5.46925432636065,95.5902298836372,3374.09116083779,12586.795632826
3918.4,65.3066666666667,0.0387979507256358,5.46143733759578,95.5904410425949,3374.25517985601,12587.3960224241
3918.6,65.31,0.0385478497762098,5.45361198186189,95.5906502234537,3374.4189643015,12587.9949574881
3918.8,65.3133333333333,0.0382992360516325,5.44577842629602,95.5908574464974,3374.58251392451,12588.5924417468
3919,65.3166666666667,0.0380521019081325,5.43793683691142,95.5910627317821,3374.74582848029,12589.1884789249
3919.2,65.32,0.037806439727898,5.43008737860241,95.5912660991395,3374.90890772906,12589.7830727422
3919.4,65.3233333333333,0.037562241919171,5.42223021514944,95.5914675681791,3375.07175143599,12590.3762269142
3919.6,65.3266666666667,0.0373195009163363,5.41436550922411,95.5916671582912,3375.23435937114,12590.9679451515
3919.8,65.33,0.0370782091800032,5.40649342239407,95.5918648886495,3375.39673130945,12591.5582311602
3920,65.3333333333333,0.0368383591970915,5.39861411512812,95.5920607782137,3375.55886703071,12592.1470886415
3920.2,65.3366666666667,0.0365999434809056,5.39072774680111,95.5922548457319,3375.72076631949,12592.7345212916
3920.4,65.34,0.0363629545712125,5.3828344756989,95.5924471097432,3375.88242896515,12593.3205328019
3920.6,65.3433333333333,0.0361273850343145,5.37493445902348,95.5926375885805,3376.0438547618,12593.9051268588
3920.8,65.3466666666667,0.0358932274631156,5.36702785289777,95.5928263003725,3376.20504350824,12594.4883071434
3921,65.35,0.035660474477191,5.35911481237074,95.5930132630465,3376.36599500794,12595.0700773317
3921.2,65.3533333333333,0.035429118722847,5.35119549142226,95.5931984943307,3376.52670906903,12595.6504410947
3921.4,65.3566666666667,0.0351991528731826,5.34327004296812,95.5933820117566,3376.68718550426,12596.2294020978
3921.6,65.36,0.0349705696281484,5.33533861886502,95.5935638326612,3376.84742413093,12596.8069640012
3921.8,65.3633333333333,0.034743361714597,5.32740136991544,95.5937439741894,3377.00742477091,12597.3831304596
3922,65.3666666666667,0.0345175218863392,5.31945844587268,95.5939224532966,3377.16718725058,12597.9579051223
3922.2,65.37,0.0342930429241888,5.3115099954457,95.5940992867505,3377.3267114008,12598.531291633
3922.4,65.3733333333333,0.0340699176360101,5.30355616630415,95.5942744911336,3377.48599705689,12599.1032936298
3922.6,65.3766666666667,0.0338481388567633,5.29559710508327,95.5944480828453,3377.64504405859,12599.6739147451
3922.8,65.38,0.033627699448541,5.28763295738877,95.5946200781041,3377.80385225004,12600.2431586056
3923,65.3833333333333,0.0334085923006106,5.27966386780184,95.5947904929498,3377.96242147972,12600.8110288324
3923.2,65.3866666666667,0.0331908103294465,5.27168997988396,95.5949593432458,3378.12075160046,12601.3775290404
3923.4,65.39,0.032974346478764,5.26371143618185,95.5951266446806,3378.27884246937,12601.9426628388
3923.6,65.3933333333333,0.0327591937195518,5.25572837823242,95.5952924127706,3378.43669394786,12602.5064338311
3923.8,65.3966666666667,0.0325453450500965,5.24774094656753,95.5954566628616,3378.59430590154,12603.0688456144
3924,65.4,0.0323327934960116,5.23974928071904,95.5956194101312,3378.75167820025,12603.6299017801
3924.2,65.4033333333333,0.032121532110258,5.23175351922351,95.5957806695906,3378.90881071801,12604.1896059132
3924.4,65.4066666666667,0.0319115539731662,5.22375379962716,95.5959404560865,3379.06570333298,12604.7479615928
3924.6,65.41,0.0317028521924559,5.21575025849078,95.5960987843031,3379.22235592745,12605.3049723918
3924.8,65.4133333333333,0.0314954199032495,5.20774303139442,95.5962556687643,3379.37876838779,12605.8606418767
3925,65.4166666666667,0.03128925026809,5.19973225294242,95.5964111238353,3379.53494060442,12606.4149736078
3925.2,65.42,0.0310843364769493,5.19171805676805,95.5965651637243,3379.69087247182,12606.9679711392
3925.4,65.4233333333333,0.0308806717472396,5.18370057553847,95.5967178024848,3379.84656388845,12607.5196380186
3925.6,65.4266666666667,0.0306782493238227,5.17567994095951,95.5968690540171,3380.00201475675,12608.069977787
3925.8,65.43,0.0304770624790121,5.16765628378041,95.5970189320704,3380.15722498309,12608.6189939794
3926,65.4333333333333,0.0302771045125801,5.15962973379874,95.5971674502443,3380.31219447778,12609.1666901241
3926.2,65.4366666666667,0.0300783687517568,5.15160041986503,95.5973146219905,3380.46692315501,12609.7130697427
3926.4,65.44,0.0298808485512302,5.14356846988762,95.597460460615,3380.6214109328,12610.2581363504
3926.6,65.4433333333333,0.0296845372931461,5.13553401083747,95.5976049792791,3380.77565773304,12610.801893456
3926.8,65.4466666666667,0.0294894283871,5.12749716875282,95.597748191002,3380.9296634814,12611.3443445612
3927,65.45,0.029295515270135,5.119458068744,95.5978901086616,3381.08342810733,12611.8854931614
3927.2,65.4533333333333,0.0291027914067306,5.11141683499811,95.5980307449966,3381.23695154402,12612.4253427452
3927.4,65.4566666666667,0.0289112502887942,5.10337359078374,95.5981701126082,3381.3902337284,12612.9638967942
3927.6,65.46,0.0287208854356511,5.09532845845577,95.5983082239616,3381.54327460105,12613.5011587836
3927.8,65.4633333333333,0.0285316903940281,5.0872815594599,95.5984450913873,3381.69607410626,12614.0371321816
3928,65.4666666666667,0.0283436587380418,5.07923301433754,95.5985807270831,3381.84863219193,12614.5718204494
3928.2,65.47,0.0281567840691792,5.07118294273028,95.5987151431156,3382.00094880958,12615.1052270416
3928.4,65.4733333333333,0.0279710600162806,5.06313146338469,95.5988483514215,3382.15302391429,12615.6373554058
3928.6,65.4766666666667,0.0277864802355211,5.05507869415696,95.5989803638092,3382.30485746473,12616.1682089825
3928.8,65.48,0.0276030384103858,5.04702475201743,95.5991111919605,3382.45644942308,12616.6977912054
3929,65.4833333333333,0.0274207282516503,5.03896975305537,95.5992408474317,3382.60779975502,12617.2261055012
3929.2,65.4866666666667,0.0272395434973535,5.03091381248346,95.5993693416553,3382.75890842972,12617.7531552894
3929.4,65.49,0.0270594779127721,5.02285704464247,95.5994966859417,3382.90977541978,12618.2789439828
3929.6,65.4933333333333,0.0268805252903948,5.01479956300585,95.59962289148,3383.06040070124,12618.8034749867
3929.8,65.4966666666667,0.0267026794498902,5.00674148018422,95.5997479693399,3383.21078425353,12619.3267516996
3930,65.5,0.0265259342380796,4.9986829079301,95.5998719304728,3383.36092605946,12619.8487775127
3930.2,65.5033333333333,0.0263502835289025,4.99062395714226,95.5999947857135,3383.51082610517,12620.3695558102
3930.4,65.5066666666667,0.0261757212233844,4.98256473787038,95.6001165457812,3383.66048438014,12620.889089969
3930.6,65.51,0.0260022412496038,4.9745053593196,95.6002372212811,3383.80990087713,12621.4073833589
3930.8,65.5133333333333,0.025829837562653,4.96644592985492,95.6003568227054,3383.95907559219,12621.9244393424
3931,65.5166666666667,0.0256585041446049,4.95838655700583,95.600475360435,3384.10800852458,12622.4402612747
3931.2,65.52,0.0254882350044711,4.95032734747067,95.6005928447406,3384.25669967681,12622.9548525039
3931.4,65.5233333333333,0.025319024178164,4.94226840712114,95.600709285784,3384.40514905458,12623.4682163707
3931.6,65.5266666666667,0.0251508657284568,4.93420984100686,95.6008246936192,3384.55335666675,12623.9803562087
3931.8,65.53,0.0249837537449387,4.92615175335965,95.6009390781938,3384.70132252533,12624.4912753438
3932,65.5333333333333,0.0248176823439751,4.9180942475981,95.6010524493503,3384.84904664545,12625.0009770948
3932.2,65.5366666666667,0.0246526456686603,4.91003742633189,95.6011648168272,3384.99652904534,12625.5094647733
3932.4,65.54,0.0244886378887733,4.90198139136622,95.6012761902601,3385.1437697463,12626.0167416832
3932.6,65.5433333333333,0.0243256532007323,4.89392624370626,95.6013865791831,3385.29076877267,12626.5228111212
3932.8,65.5466666666667,0.0241636858275443,4.88587208356141,95.6014959930298,3385.43752615184,12627.0276763765
3933,65.55,0.0240027300187597,4.87781901034981,95.6016044411346,3385.58404191416,12627.5313407311
3933.2,65.5533333333333,0.0238427800504196,4.86976712270252,95.6017119327336,3385.730316093,12628.0338074592
3933.4,65.5566666666667,0.0236838302250066,4.86171651846794,95.601818476966,3385.87634872465,12628.5350798278
3933.6,65.56,0.0235258748713938,4.85366729471619,95.6019240828751,3386.02213984835,12629.0351610964
3933.8,65.5633333333333,0.0233689083447896,4.84561954774326,95.6020287594092,3386.16768950623,12629.534054517
3934,65.5666666666667,0.0232129250266871,4.83757337307546,95.602132515423,3386.31299774332,12630.0317633341
3934.2,65.57,0.0230579193248071,4.82952886547354,95.6022353596787,3386.45806460749,12630.5282907847
3934.4,65.5733333333333,0.0229038856730433,4.82148611893707,95.6023373008465,3386.60289014946,12631.0236400983
3934.6,65.5766666666667,0.0227508185314075,4.81344522670866,95.6024383475065,3386.74747442278,12631.5178144969
3934.8,65.58,0.0225987123859694,4.8054062812781,95.602538508149,3386.89181748375,12632.0108171949
3935,65.5833333333333,0.0224475617488016,4.79736937438675,95.6026377911757,3387.03591939148,12632.5026513991
3935.2,65.5866666666667,0.0222973611579184,4.78933459703155,95.6027362049011,3387.1797802078,12632.9933203089
3935.4,65.59,0.0221481051772168,4.78130203946929,95.6028337575529,3387.32339999728,12633.4828271161
3935.6,65.5933333333333,0.021999788396417,4.77327179122088,95.6029304572736,3387.46677882719,12633.9711750048
3935.8,65.5966666666667,0.0218524054309991,4.76524394107528,95.6030263121209,3387.60991676747,12634.4583671517
3936,65.6,0.0217059509221435,4.75721857709389,95.6031213300689,3387.75281389073,12634.9444067257
3936.2,65.6033333333333,0.0215604195366656,4.74919578661447,95.6032155190092,3387.89547027221,12635.4292968882
3936.4,65.6066666666667,0.0214158059669537,4.74117565625534,95.6033088867516,3388.03788598976,12635.9130407931
3936.6,65.61,0.0212721049309054,4.73315827191953,95.6034014410252,3388.18006112384,12636.3956415865
3936.8,65.6133333333333,0.0211293111718606,4.72514371879873,95.6034931894792,3388.32199575746,12636.877102407
3937,65.6166666666667,0.0209874194585385,4.71713208137749,95.6035841396837,3388.4636899762,12637.3574263855
3937.2,65.62,0.0208464245849691,4.70912344343715,95.603674299131,3388.60514386815,12637.8366166454
3937.4,65.6233333333333,0.0207063213704272,4.70111788805994,95.6037636752359,3388.74635752393,12638.3146763023
3937.6,65.6266666666667,0.0205671046593662,4.69311549763302,95.603852275337,3388.88733103663,12638.7916084643
3937.8,65.63,0.0204287693213471,4.6851163538524,95.6039401066976,3389.02806450182,12639.2674162317
3938,65.6333333333333,0.0202913102509733,4.67712053772703,95.6040271765062,3389.1685580175,12639.7421026973
3938.2,65.6366666666667,0.020154722367818,4.66912812958269,95.6041134918775,3389.30881168411,12640.2156709462
3938.4,65.64,0.0200190006163564,4.66113920906596,95.6041990598534,3389.44882560448,12640.6881240558
3938.6,65.6433333333333,0.0198841399658955,4.65315385514823,95.6042838874035,3389.58859988383,12641.1594650958
3938.8,65.6466666666667,0.0197501354105013,4.64517214612953,95.6043679814262,3389.72813462976,12641.6296971285
3939,65.65,0.0196169819689299,4.63719415964252,95.6044513487494,3389.8674299522,12642.0988232082
3939.2,65.6533333333333,0.019484674684553,4.62921997265634,95.6045339961312,3390.00648596339,12642.5668463817
3939.4,65.6566666666667,0.0193532086252871,4.62124966148047,95.6046159302607,3390.14530277789,12643.0337696882
3939.6,65.66,0.0192225788835209,4.61328330176869,95.6046971577589,3390.28388051256,12643.4995961591
3939.8,65.6633333333333,0.0190927805760399,4.6053209685228,95.6047776851795,3390.4222192865,12643.9643288181
3940,65.6666666666667,0.0189638088439554,4.59736273609657,95.6048575190092,3390.56031922105,12644.4279706815
3940.2,65.67,0.0188356588526276,4.58940867819946,95.6049366656691,3390.6981804398,12644.8905247576
3940.4,65.6733333333333,0.0187083257915921,4.58145886790047,95.605015131515,3390.83580306854,12645.3519940472
3940.6,65.6766666666667,0.0185818048744857,4.57351337763198,95.6050929228381,3390.97318723523,12645.8123815435
3940.8,65.68,0.0184560913389688,4.56557227919337,95.6051700458662,3391.11033307002,12646.2716902318
3941,65.6833333333333,0.0183311804466517,4.55763564375496,95.6052465067636,3391.2472407052,12646.72992309
3941.2,65.6866666666667,0.0182070674830166,4.54970354186158,95.6053223116327,3391.38391027518,12647.1870830882
3941.4,65.69,0.0180837477573415,4.54177604343639,95.6053974665139,3391.5203419165,12647.6431731888
3941.6,65.6933333333333,0.0179612166026246,4.53385321778462,95.6054719773869,3391.65653576778,12648.0981963466
3941.8,65.6966666666667,0.0178394693755043,4.52593513359712,95.605545850171,3391.79249196973,12648.5521555088
3942,65.7,0.0177185014561844,4.51802185895422,95.6056190907258,3391.9282106651,12649.0050536148
3942.2,65.7033333333333,0.0175983082483539,4.51011346132922,95.6056917048521,3392.06369199868,12649.4568935964
3942.4,65.7066666666667,0.0174788851791095,4.50221000759214,95.6057636982923,3392.19893611728,12649.9076783779
3942.6,65.71,0.0173602276988783,4.49431156401336,95.6058350767311,3392.33394316973,12650.3574108758
3942.8,65.7133333333333,0.0172423312813362,4.48641819626712,95.6059058457963,3392.46871330681,12650.8060939989
3943,65.7166666666667,0.017125191423332,4.47852996943528,95.6059760110591,3392.6032466813,12651.2537306485
3943.2,65.72,0.0170088036448051,4.47064694801075,95.606045578035,3392.7375434479,12651.7003237183
3943.4,65.7233333333333,0.0168931634887076,4.46276919590113,95.6061145521845,3392.87160376326,12652.1458760941
3943.6,65.7266666666667,0.0167782665209243,4.45489677643232,95.6061829389133,3393.00542778593,12652.5903906544
3943.8,65.73,0.0166641083301914,4.44702975235191,95.6062507435733,3393.13901567637,12653.0338702699
3944,65.7333333333333,0.016550684528018,4.43916818583285,95.6063179714628,3393.2723675969,12653.4763178037
3944.2,65.7366666666667,0.0164379907486038,4.43131213847685,95.6063846278276,3393.40548371172,12653.9177361113
3944.4,65.74,0.0163260226487588,4.42346167131789,95.6064507178611,3393.53836418685,12654.3581280407
3944.6,65.7433333333333,0.0162147759078236,4.41561684482577,95.6065162467051,3393.67100919016,12654.7974964322
3944.8,65.7466666666667,0.0161042462275861,4.40777771890944,95.6065812194504,3393.80341889131,12655.2358441184
3945,65.75,0.0159944293322022,4.39994435292057,95.6066456411371,3393.93559346178,12655.6731739245
3945.2,65.7533333333333,0.0158853209681127,4.3921168056569,95.6067095167556,3394.0675330748,12656.1094886681
3945.4,65.7566666666667,0.0157769169039624,4.38429513536562,95.6067728512467,3394.19923790537,12656.5447911591
3945.6,65.76,0.0156692129305188,4.3764793997469,95.6068356495023,3394.33070813023,12656.9790841999
3945.8,65.7633333333333,0.0155622048605887,4.36866965595713,95.6068979163661,3394.46194392785,12657.4123705855
3946,65.7666666666667,0.0154558885289377,4.36086596061237,95.6069596566337,3394.59294547842,12657.8446531031
3946.2,65.77,0.0153502597922067,4.35306836979164,95.6070208750537,3394.72371296381,12658.2759345324
3946.4,65.7733333333333,0.0152453145288299,4.34527693904031,95.6070815763278,3394.85424656757,12658.7062176457
3946.6,65.7766666666667,0.0151410486389535,4.33749172337341,95.6071417651113,3394.98454647492,12659.1355052077
3946.8,65.78,0.0150374580443508,4.32971277727888,95.6072014460138,3395.11461287272,12659.5637999755
3947,65.7833333333333,0.0149345386883423,4.32194015472094,95.6072606235996,3395.24444594946,12659.9911046988
3947.2,65.7866666666667,0.0148322865357104,4.31417390914329,95.6073193023883,3395.37404589526,12660.4174221198
3947.4,65.79,0.014730697572618,4.30641409347238,95.607377486855,3395.50341290181,12660.8427549731
3947.6,65.7933333333333,0.014629767806526,4.29866076012075,95.607435181431,3395.63254716241,12661.2671059859
3947.8,65.7966666666667,0.0145294932661086,4.29091396099008,95.6074923905045,3395.76144887192,12661.6904778779
3948,65.8,0.0144298700011723,4.28317374747459,95.6075491184204,3395.89011822675,12662.1128733613
3948.2,65.8033333333333,0.0143308940825712,4.27544017046409,95.6076053694815,3396.01855542486,12662.5342951408
3948.4,65.8066666666667,0.0142325616021243,4.26771328034721,95.6076611479483,3396.14676066571,12662.9547459138
3948.6,65.81,0.0141348686725334,4.25999312701464,95.60771645804,3396.27473415029,12663.3742283702
3948.8,65.8133333333333,0.0140378114272982,4.25227975986215,95.6077713039347,3396.40247608108,12663.7927451924
3949,65.8166666666667,0.0139413860206344,4.24457322779385,95.6078256897697,3396.52998666203,12664.2102990554
3949.2,65.82,0.0138455886273897,4.23687357922521,95.6078796196424,3396.65726609854,12664.6268926269
3949.4,65.8233333333333,0.0137504154429604,4.22918086208622,95.60793309761,3396.7843145975,12665.042528567
3949.6,65.8266666666667,0.0136558626832094,4.22149512382451,95.6079861276907,3396.9111323672,12665.4572095286
3949.8,65.83,0.0135619265843811,4.21381641140834,95.6080387138635,3397.03771961735,12665.870938157
3950,65.8333333333333,0.0134686034030197,4.20614477132977,95.6080908600692,3397.16407655909,12666.2837170905
3950.2,65.8366666666667,0.0133758894158848,4.19848024960759,95.6081425702101,3397.29020340493,12666.6955489597
3950.4,65.84,0.0132837809198686,4.19082289179042,95.6081938481512,3397.41610036876,12667.1064363879
3950.6,65.8433333333333,0.0131922742319132,4.18317274295977,95.6082446977198,3397.54176766583,12667.5163819912
3950.8,65.8466666666667,0.0131013656889261,4.17552984773291,95.6082951227066,3397.66720551277,12667.9253883783
3951,65.85,0.0130110516476985,4.16789425026602,95.6083451268657,3397.79241412749,12668.3334581506
3951.2,65.8533333333333,0.012921328484821,4.16026599425702,95.6083947139151,3397.91739372927,12668.7405939021
3951.4,65.8566666666667,0.0128321925966009,4.1526451229486,95.6084438875368,3398.04214453868,12669.1467982197
3951.6,65.86,0.0127436403989796,4.14503167913117,95.6084926513779,3398.16666677757,12669.5520736829
3951.8,65.8633333333333,0.0126556683274486,4.13742570514575,95.6085410090501,3398.2909606691,12669.9564228639
3952,65.8666666666667,0.0125682728369679,4.12982724288694,95.6085889641306,3398.41502643766,12670.3598483277
3952.2,65.87,0.0124814504018817,4.12223633380575,95.6086365201625,3398.53886430893,12670.762352632
3952.4,65.8733333333333,0.0123951975158363,4.1146530189125,95.6086836806549,3398.66247450981,12671.1639383274
3952.6,65.8766666666667,0.0123095106916978,4.10707733877978,95.6087304490833,3398.78585726842,12671.5646079572
3952.8,65.88,0.0122243864614683,4.09950933354518,95.60877682889,3398.90901281412,12671.9643640574
3953,65.8833333333333,0.0121398213762045,4.09194904291423,95.6088228234846,3399.03194137744,12672.3632091569
3953.2,65.8866666666667,0.0120558120059342,4.08439650616316,95.6088684362442,3399.15464319013,12672.7611457774
3953.4,65.89,0.0119723549395742,4.07685176214172,95.6089136705135,3399.27711848508,12673.1581764336
3953.6,65.8933333333333,0.0118894467848488,4.06931484927607,95.6089585296058,3399.39936749638,12673.5543036327
3953.8,65.8966666666667,0.0118070841682059,4.06178580557142,95.6090030168026,3399.52139045924,12673.9495298749
3954,65.9,0.0117252637347366,4.05426466861494,95.6090471353543,3399.64318761002,12674.3438576535
3954.2,65.9033333333333,0.0116439821480919,4.04675147557841,95.6090908884806,3399.7647591862,12674.7372894543
3954.4,65.9066666666667,0.0115632360904013,4.03924626322099,95.6091342793706,3399.88610542638,12675.1298277563
3954.6,65.91,0.0114830222621915,4.03174906789204,95.6091773111832,3400.00722657025,12675.5214750312
3954.8,65.9133333333333,0.0114033373823034,4.02425992553367,95.6092199870476,3400.12812285858,12675.9122337438
3955,65.9166666666667,0.0113241781878119,4.01677887168359,95.6092623100632,3400.24879453325,12676.3021063516
3955.2,65.92,0.0112455414339438,4.00930594147771,95.6093042833004,3400.36924183716,12676.6910953052
3955.4,65.9233333333333,0.011167423893996,4.00184116965282,95.6093459098003,3400.48946501428,12677.0792030483
3955.6,65.9266666666667,0.0110898223592559,3.99438459054931,95.6093871925757,3400.60946430964,12677.4664320173
3955.8,65.93,0.0110127336389182,3.98693623811374,95.6094281346109,3400.72923996925,12677.8527846417
3956,65.9333333333333,0.010936154560006,3.97949614590152,95.6094687388622,3400.84879224018,12678.2382633441
3956.2,65.9366666666667,0.0108600819672888,3.97206434707951,95.6095090082582,3400.96812137049,12678.6228705399
3956.4,65.94,0.0107845127232018,3.96464087442858,95.6095489456997,3401.08722760922,12679.0066086378
3956.6,65.9433333333333,0.0107094437077668,3.95722576034632,95.6095885540606,3401.20611120639,12679.3894800392
3956.8,65.9466666666667,0.0106348718185098,3.94981903684948,95.6096278361879,3401.32477241301,12679.771487139
3957,65.95,0.0105607939703828,3.94242073557664,95.6096667949019,3401.44321148104,12680.1526323247
3957.2,65.9533333333333,0.0104872070956824,3.93503088779067,95.6097054329964,3401.56142866337,12680.5329179772
3957.4,65.9566666666667,0.0104141081439704,3.92764952438133,95.6097437532393,3401.67942421384,12680.9123464704
3957.6,65.96,0.0103414940819946,3.9202766758678,95.6097817583727,3401.79719838721,12681.2909201714
3957.8,65.9633333333333,0.0102693618936082,3.91291237240111,95.6098194511129,3401.91475143916,12681.6686414402
3958,65.9666666666667,0.0101977085796916,3.90555664376673,95.6098568341511,3402.03208362626,12682.0455126302
3958.2,65.97,0.0101265311580722,3.898209519387,95.6098939101535,3402.14919520598,12682.4215360878
3958.4,65.9733333333333,0.0100558266634458,3.89087102832358,95.6099306817614,3402.26608643667,12682.7967141527
3958.6,65.9766666666667,0.00998559214729808,3.88354119927999,95.6099671515916,3402.38275757753,12683.1710491576
3958.8,65.98,0.00991582467782519,3.87622006060395,95.6100033222367,3402.49920888865,12683.5445434285
3959,65.9833333333333,0.00984652133985615,3.86890764028992,95.6100391962651,3402.61544063094,12683.9171992847
3959.2,65.9866666666667,0.00977767923477359,3.8616039659814,95.6100747762217,3402.73145306617,12684.2890190386
3959.4,65.99,0.00970929548043609,3.85430906497339,95.6101100646276,3402.84724645691,12684.6600049959
3959.6,65.9933333333333,0.00964136721110068,3.84702296421485,95.6101450639808,3402.96282106658,12685.0301594556
3959.8,65.9966666666667,0.00957389157734404,3.83974569031093,95.6101797767559,3403.07817715938,12685.3994847099
3960,66,0.00950686574598612,3.83247726952549,95.6102142054052,3403.19331500031,12685.7679830442
3960.2,66.0033333333333,0.00944028690001176,3.82521772778331,95.6102483523579,3403.30823485516,12686.1356567375
3960.4,66.0066666666667,0.00937415223849392,3.81796709067254,95.6102822200211,3403.4229369905,12686.5025080618
3960.6,66.01,0.00930845897651719,3.81072538344698,95.6103158107797,3403.53742167364,12686.8685392826
3960.8,66.0133333333333,0.00924320434509997,3.80349263102839,95.6103491269967,3403.65168917269,12687.2337526587
3961,66.0166666666667,0.00917838559111907,3.79626885800883,95.6103821710134,3403.76573975646,12687.5981504424
3961.2,66.02,0.00911399997723231,3.78905408865288,95.6104149451496,3403.87957369453,12687.9617348791
3961.4,66.0233333333333,0.0090500447818028,3.78184834689996,95.6104474517038,3403.99319125718,12688.3245082078
3961.6,66.0266666666667,0.0089865172988234,3.77465165636665,95.6104796929535,3404.10659271541,12688.686472661
3961.8,66.03,0.00892341483784,3.76746404034881,95.6105116711554,3404.21977834095,12689.0476304642
3962,66.0333333333333,0.00886073472387707,3.76028552182396,95.6105433885455,3404.33274840619,12689.4079838369
3962.2,66.0366666666667,0.00879847429736139,3.75311612345338,95.6105748473395,3404.44550318424,12689.7675349916
3962.4,66.04,0.00873663091404729,3.74595586758441,95.6106060497328,3404.55804294886,12690.1262861346
3962.6,66.0433333333333,0.00867520194494228,3.73880477625265,95.6106369979007,3404.6703679745,12690.4842394654
3962.8,66.0466666666667,0.00861418477623126,3.73166287118408,95.6106676939988,3404.78247853625,12690.8413971771
3963,66.05,0.00855357680920326,3.72453017379734,95.6106981401632,3404.89437490987,12691.1977614565
3963.2,66.0533333333333,0.00849337546017619,3.71740670520581,95.6107283385104,3405.00605737175,12691.5533344837
3963.4,66.0566666666667,0.00843357816042321,3.71029248621976,95.6107582911377,3405.1175261989,12691.9081184324
3963.6,66.06,0.00837418235609939,3.70318753734863,95.6107880001235,3405.22878166897,12692.2621154699
3963.8,66.0633333333333,0.0083151855081671,3.69609187880294,95.6108174675271,3405.33982406021,12692.6153277571
3964,66.0666666666667,0.00825658509232382,3.68900553049663,95.6108466953895,3405.45065365149,12692.9677574484
3964.2,66.07,0.008198378598928,3.68192851204899,95.6108756857329,3405.56127072225,12693.3194066919
3964.4,66.0733333333333,0.00814056353292658,3.67486084278683,95.6109044405615,3405.67167555255,12693.6702776294
3964.6,66.0766666666667,0.00808313741378274,3.66780254174662,95.6109329618611,3405.78186842299,12694.020372396
3964.8,66.08,0.00802609777540249,3.66075362767642,95.6109612515999,3405.89184961477,12694.3696931208
3965,66.0833333333333,0.00796944216606353,3.65371411903811,95.610989311728,3406.00161940963,12694.7182419265
3965.2,66.0866666666667,0.00791316814834232,3.64668403400925,95.6110171441783,3406.11117808988,12695.0660209294
3965.4,66.09,0.00785727329904278,3.63966339048527,95.6110447508661,3406.22052593835,12695.4130322396
3965.6,66.0933333333333,0.00780175520912509,3.63265220608145,95.6110721336894,3406.32966323843,12695.7592779607
3965.8,66.0966666666667,0.00774661148363354,3.62565049813487,95.6110992945292,3406.43859027402,12696.1047601903
3966,66.1,0.00769183974162652,3.61865828370652,95.6111262352498,3406.54730732954,12696.4494810197
3966.2,66.1033333333333,0.00763743761610478,3.61167557958318,95.6111529576986,3406.65581468992,12696.7934425338
3966.4,66.1066666666667,0.00758340275394125,3.60470240227947,95.6111794637064,3406.7641126406,12697.1366468114
3966.6,66.11,0.00752973281581109,3.59773876803984,95.6112057550878,3406.87220146751,12697.4790959251
3966.8,66.1133333333333,0.00747642547612072,3.5907846928404,95.6112318336409,3406.98008145704,12697.8207919413
3967,66.1166666666667,0.00742347842293892,3.58384019239106,95.611257701148,3407.08775289611,12698.1617369203
3967.2,66.12,0.00737088935792637,3.57690528213725,95.6112833593752,3407.19521607206,12698.501932916
3967.4,66.1233333333333,0.00731865599626666,3.56997997726201,95.6113088100732,3407.30247127271,12698.8413819764
3967.6,66.1266666666667,0.00726677606659748,3.56306429268783,95.6113340549768,3407.40951878634,12699.1800861433
3967.8,66.13,0.0072152473109409,3.55615824307854,95.6113590958054,3407.51635890167,12699.5180474523
3968,66.1333333333333,0.00716406748463567,3.54926184284126,95.6113839342632,3407.62299190786,12699.8552679332
3968.2,66.1366666666667,0.00711323435626799,3.5423751061282,95.6114085720391,3407.72941809449,12700.1917496093
3968.4,66.14,0.00706274570760367,3.53549804683857,95.6114330108071,3407.83563775157,12700.5274944982
3968.6,66.1433333333333,0.00701259933352063,3.52863067862048,95.6114572522263,3407.94165116953,12700.8625046111
3968.8,66.1466666666667,0.0069627930419403,3.52177301487269,95.6114812979411,3408.0474586392,12701.1967819536
3969,66.15,0.00691332465376123,3.51492506874654,95.6115051495813,3408.15306045182,12701.5303285249
3969.2,66.1533333333333,0.00686419200279103,3.50808685314769,95.6115288087623,3408.258456899,12701.8631463185
3969.4,66.1566666666667,0.0068153929356798,3.50125838073801,95.6115522770852,3408.36364827278,12702.1952373216
3969.6,66.16,0.00676692531185376,3.49443966393736,95.6115755561369,3408.46863486552,12702.5266035157
3969.8,66.1633333333333,0.00671878700344805,3.48763071492532,95.6115986474903,3408.57341696999,12702.8572468762
3970,66.1666666666667,0.00667097589524141,3.48083154564312,95.6116215527045,3408.67799487932,12703.1871693726
3970.2,66.17,0.00662348988458946,3.47404216779523,95.6116442733248,3408.78236888699,12703.5163729686
3970.4,66.1733333333333,0.00657632688135931,3.46726259285126,95.6116668108827,3408.88653928682,12703.8448596218
3970.6,66.1766666666667,0.00652948480786447,3.46049283204768,95.6116891668966,3408.99050637299,12704.172631284
3970.8,66.18,0.00648296159879887,3.4537328963895,95.6117113428711,3409.09427044,12704.4996899012
3971,66.1833333333333,0.00643675520117277,3.4469827966521,95.611733340298,3409.19783178269,12704.8260374133
3971.2,66.1866666666667,0.00639086357424729,3.44024254338286,95.6117551606557,3409.30119069622,12705.1516757546
3971.4,66.19,0.00634528468947033,3.43351214690291,95.6117768054096,3409.40434747606,12705.4766068536
3971.6,66.1933333333333,0.00630001653041259,3.42679161730889,95.6117982760126,3409.50730241798,12705.8008326327
3971.8,66.1966666666667,0.00625505709270297,3.4200809644745,95.6118195739045,3409.61005581808,12706.1243550088
3972,66.2,0.00621040438396565,3.41338019805234,95.6118407005127,3409.71260797272,12706.4471758929
3972.2,66.2033333333333,0.00616605642375591,3.40668932747545,95.611861657252,3409.81495917857,12706.7692971902
3972.4,66.2066666666667,0.00612201124349725,3.40000836195904,95.6118824455249,3409.91710973257,12707.0907208002
3972.6,66.21,0.00607826688641873,3.39333731050215,95.6119030667216,3410.01905993194,12707.4114486167
3972.8,66.2133333333333,0.00603482140749156,3.38667618188923,95.6119235222202,3410.12081007418,12707.7314825277
3973,66.2166666666667,0.00599167287336745,3.38002498469186,95.6119438133868,3410.22236045703,12708.0508244156
3973.2,66.22,0.00594881936231571,3.37338372727028,95.6119639415756,3410.32371137849,12708.369476157
3973.4,66.2233333333333,0.00590625896416158,3.36675241777504,95.611983908129,3410.42486313683,12708.6874396229
3973.6,66.2266666666667,0.00586398978022482,3.36013106414865,95.6120037143777,3410.52581603054,12709.0047166786
3973.8,66.23,0.00582200992325761,3.35351967412708,95.6120233616407,3410.62657035835,12709.3213091839
3974,66.2333333333333,0.00578031751738407,3.34691825524144,95.6120428512259,3410.72712641923,12709.6372189927
3974.2,66.2366666666667,0.00573891069803869,3.34032681481947,95.6120621844295,3410.82748451236,12709.9524479536
3974.4,66.24,0.00569778761190584,3.33374535998713,95.6120813625366,3410.92764493717,12710.2669979094
3974.6,66.2433333333333,0.0056569464168597,3.32717389767023,95.6121003868212,3411.02760799326,12710.5808706975
3974.8,66.2466666666667,0.00561638528190329,3.32061243459584,95.6121192585462,3411.12737398046,12710.8940681495
3975,66.25,0.00557610238710937,3.31406097729395,95.6121379789636,3411.2269431988,12711.2065920916
3975.2,66.2533333333333,0.00553609592356,3.30751953209892,95.6121565493145,3411.3263159485,12711.5184443445
3975.4,66.2566666666667,0.00549636409328743,3.30098810515101,95.6121749708294,3411.42549252997,12711.8296267233
3975.6,66.26,0.00545690510921511,3.29446670239794,95.6121932447281,3411.52447324381,12712.1401410377
3975.8,66.2633333333333,0.00541771719509817,3.28795532959631,95.61221137222,3411.62325839077,12712.4499890918
3976,66.2666666666667,0.00537879858546536,3.28145399231317,95.6122293545038,3411.72184827181,12712.7591726843
3976.2,66.27,0.00534014752556003,3.27496269592744,95.6122471927681,3411.82024318802,12713.0676936085
3976.4,66.2733333333333,0.00530176227128217,3.26848144563139,95.6122648881912,3411.91844344068,12713.3755536521
3976.6,66.2766666666667,0.00526364108913068,3.26201024643216,95.6122824419414,3412.01644933121,12713.6827545974
3976.8,66.28,0.00522578225614511,3.25554910315313,95.6122998551767,3412.11426116117,12713.9892982216
3977,66.2833333333333,0.00518818405984882,3.24909802043545,95.6123171290453,3412.21187923227,12714.2951862961
3977.2,66.2866666666667,0.00515084479819123,3.2426570027394,95.6123342646856,3412.30930384638,12714.6004205872
3977.4,66.29,0.00511376277949105,3.23622605434586,95.6123512632261,3412.40653530546,12714.9050028557
3977.6,66.2933333333333,0.00507693632237986,3.22980517935775,95.6123681257858,3412.50357391164,12715.208934857
3977.8,66.2966666666667,0.00504036375574503,3.22339438170136,95.6123848534739,3412.60041996714,12715.5122183414
3978,66.3,0.00500404341867412,3.21699366512787,95.6124014473902,3412.69707377431,12715.8148550537
3978.2,66.3033333333333,0.0049679736603984,3.21060303321463,95.6124179086253,3412.79353563561,12716.1168467334
3978.4,66.3066666666667,0.00493215284023727,3.20422248936659,95.6124342382601,3412.88980585361,12716.4181951148
3978.6,66.31,0.0048965793275431,3.19785203681772,95.6124504373666,3412.98588473097,12716.7189019269
3978.8,66.3133333333333,0.00486125150164535,3.19149167863229,95.6124665070074,3413.08177257046,12717.0189688935
3979,66.3166666666667,0.00482616775179623,3.18514141770632,95.6124824482363,3413.17746967493,12717.318397733
3979.2,66.32,0.00479132647711543,3.17880125676886,95.6124982620979,3413.27297634731,12717.6171901587
3979.4,66.3233333333333,0.00475672608653576,3.17247119838332,95.6125139496279,3413.36829289064,12717.9153478787
3979.6,66.3266666666667,0.0047223649987492,3.16615124494894,95.6125295118534,3413.46341960799,12718.2128725959
3979.8,66.33,0.00468824164215227,3.15984139870192,95.6125449497925,3413.55835680254,12718.5097660078
3980,66.3333333333333,0.0046543544547929,3.1535416617169,95.6125602644549,3413.65310477751,12718.8060298072
3980.2,66.3366666666667,0.00462070188431632,3.14725203590819,95.6125754568416,3413.74766383621,12719.1016656814
3980.4,66.34,0.00458728238791202,3.14097252303105,95.612590527945,3413.84203428198,12719.3966753125
3980.6,66.3433333333333,0.0045540944322609,3.13470312468309,95.6126054787493,3413.93621641821,12719.6910603778
3980.8,66.3466666666667,0.00452113649348194,3.12844384230541,95.6126203102302,3414.03021054837,12719.9848225492
3981,66.35,0.00448840705708019,3.12219467718401,95.6126350233552,3414.12401697593,12720.2779634938
3981.2,66.3533333333333,0.00445590461789396,3.11595563045098,95.6126496190836,3414.21763600442,12720.5704848733
3981.4,66.3566666666667,0.0044236276800429,3.10972670308576,95.6126640983666,3414.3110679374,12720.8623883446
3981.6,66.36,0.00439157475687638,3.10350789591646,95.6126784621472,3414.40431307847,12721.1536755594
3981.8,66.3633333333333,0.00435974437092136,3.09729920962101,95.6126927113608,3414.49737173122,12721.4443481645
3982,66.3666666666667,0.00432813505383159,3.0911006447285,95.6127068469346,3414.59024419929,12721.7344078015
3982.2,66.37,0.00429674534633595,3.08491220162034,95.612720869788,3414.68293078633,12722.0238561072
3982.4,66.3733333333333,0.00426557379818776,3.07873388053145,95.6127347808327,3414.775431796,12722.3126947133
3982.6,66.3766666666667,0.00423461896811433,3.07256568155162,95.6127485809729,3414.86774753194,12722.6009252467
3982.8,66.38,0.00420387942376601,3.06640760462653,95.6127622711048,3414.95987829783,12722.8885493289
3983,66.3833333333333,0.00417335374166659,3.06025964955911,95.6127758521174,3415.05182439733,12723.1755685771
3983.2,66.3866666666667,0.00414304050716278,3.05412181601062,95.612789324892,3415.14358613409,12723.461984603
3983.4,66.39,0.00411293831437475,3.04799410350187,95.6128026903027,3415.23516381175,12723.7477990137
3983.6,66.3933333333333,0.0040830457661468,3.04187651141444,95.6128159492161,3415.32655773394,12724.0330134113
3983.8,66.3966666666667,0.00405336147399765,3.03576903899177,95.6128291024916,3415.41776820426,12724.3176293931
3984,66.4,0.00402388405807189,3.02967168534042,95.6128421509813,3415.50879552631,12724.6016485515
3984.2,66.4033333333333,0.00399461214709076,3.02358444943109,95.6128550955303,3415.59964000363,12724.8850724739
3984.4,66.4066666666667,0.0039655443783038,3.01750733009989,95.6128679369766,3415.69030193975,12725.1679027431
3984.6,66.41,0.00393667939744061,3.01144032604944,95.612880676151,3415.78078163816,12725.4501409369
3984.8,66.4133333333333,0.00390801585866241,3.00538343584996,95.6128933138775,3415.8710794023,12725.7317886284
3985,66.4166666666667,0.00387955242451456,2.99933665794047,95.6129058509732,3415.96119553558,12726.0128473857
3985.2,66.42,0.00385128776587855,2.99329999062985,95.6129182882484,3416.05113034136,12726.2933187725
3985.4,66.4233333333333,0.00382322056192472,2.98727343209794,95.6129306265066,3416.14088412294,12726.5732043473
3985.6,66.4266666666667,0.00379534950006527,2.98125698039673,95.6129428665445,3416.23045718356,12726.8525056641
3985.8,66.43,0.00376767327590685,2.97525063345135,95.6129550091523,3416.31984982643,12727.1312242722
3986,66.4333333333333,0.0037401905932043,2.96925438906125,95.6129670551136,3416.40906235466,12727.4093617161
3986.2,66.4366666666667,0.00371290016381375,2.9632682449012,95.6129790052053,3416.49809507131,12727.6869195354
3986.4,66.44,0.00368580070764643,2.95729219852241,95.6129908601981,3416.58694827938,12727.9638992653
3986.6,66.4433333333333,0.00365889095262289,2.95132624735364,95.613002620856,3416.67562228178,12728.2403024363
3986.8,66.4466666666667,0.00363216963462665,2.94537038870216,95.6130142879369,3416.76411738134,12728.5161305739
3987,66.45,0.00360563549745908,2.93942461975491,95.6130258621922,3416.85243388082,12728.7913851993
3987.2,66.4533333333333,0.0035792872927936,2.93348893757946,95.6130373443671,3416.94057208288,12729.066067829
3987.4,66.4566666666667,0.00355312378013071,2.9275633391251,95.6130487352008,3417.02853229012,12729.3401799747
3987.6,66.46,0.00352714372675312,2.92164782122389,95.6130600354262,3417.11631480501,12729.6137231437
3987.8,66.4633333333333,0.00350134590768072,2.91574238059163,95.61307124577,3417.20391992995,12729.8866988385
3988,66.4666666666667,0.00347572910562644,2.90984701382894,95.6130823669532,3417.29134796723,12730.1591085572
3988.2,66.47,0.0034502921109516,2.90396171742224,95.6130933996905,3417.37859921905,12730.4309537932
3988.4,66.4733333333333,0.00342503372162198,2.89808648774473,95.6131043446909,3417.46567398747,12730.7022360354
3988.6,66.4766666666667,0.00339995274316416,2.89222132105751,95.6131152026575,3417.55257257449,12730.9729567682
3988.8,66.48,0.00337504798862145,2.88636621351039,95.6131259742874,3417.63929528196,12731.2431174714
3989,66.4833333333333,0.00335031827851094,2.88052116114309,95.6131366602722,3417.72584241162,12731.5127196203
3989.2,66.4866666666667,0.00332576244077987,2.87468615988603,95.6131472612977,3417.81221426511,12731.7817646857
3989.4,66.49,0.00330137931076284,2.8688612055614,95.6131577780439,3417.89841114391,12732.0502541339
3989.6,66.4933333333333,0.00327716773113917,2.86304629388416,95.6131682111854,3417.98443334941,12732.3181894268
3989.8,66.4966666666667,0.00325312655188993,2.85724142046291,95.6131785613911,3418.07028118286,12732.5855720219
3990,66.5,0.00322925463025608,2.85144658080095,95.6131888293244,3418.15595494537,12732.8524033719
3990.2,66.5033333333333,0.00320555083069588,2.84566177029712,95.6131990156432,3418.24145493791,12733.1186849255
3990.4,66.5066666666667,0.00318201402484318,2.83988698424683,95.6132091210001,3418.32678146134,12733.3844181267
3990.6,66.51,0.00315864309146582,2.83412221784297,95.6132191460423,3418.41193481633,12733.6496044152
3990.8,66.5133333333333,0.00313543691642377,2.82836746617683,95.6132290914115,3418.49691530346,12733.9142452264
3991,66.5166666666667,0.00311239439262823,2.82262272423906,95.6132389577444,3418.58172322312,12734.1783419911
3991.2,66.52,0.0030895144200002,2.81688798692053,95.6132487456723,3418.66635887556,12734.4418961359
3991.4,66.5233333333333,0.00306679590542973,2.81116324901328,95.6132584558213,3418.75082256089,12734.704909083
3991.6,66.5266666666667,0.00304423776273542,2.80544850521146,95.6132680888124,3418.83511457905,12734.9673822503
3991.8,66.53,0.00302183891262354,2.79974375011216,95.6132776452615,3418.91923522982,12735.2293170513
3992,66.5333333333333,0.00299959828264825,2.79404897821636,95.6132871257796,3419.00318481282,12735.4907148952
3992.2,66.5366666666667,0.00297751480717112,2.7883641839298,95.6132965309723,3419.0869636275,12735.7515771871
3992.4,66.54,0.00295558742732145,2.78268936156384,95.6133058614407,3419.17057197316,12736.0119053275
3992.6,66.5433333333333,0.00293381509095678,2.77702450533641,95.6133151177807,3419.25401014891,12736.2717007128
3992.8,66.5466666666667,0.00291219675262307,2.77136960937278,95.6133243005834,3419.33727845368,12736.5309647351
3993,66.55,0.00289073137351585,2.76572466770652,95.613333410435,3419.42037718624,12736.7896987824
3993.2,66.5533333333333,0.00286941792144087,2.76008967428029,95.6133424479169,3419.50330664517,12737.0479042383
3993.4,66.5566666666667,0.00284825537077532,2.75446462294674,95.613351413606,3419.58606712888,12737.3055824821
3993.6,66.56,0.00282724270242944,2.74884950746934,95.6133603080742,3419.66865893558,12737.5627348892
3993.8,66.5633333333333,0.00280637890380762,2.74324432152321,95.6133691318887,3419.75108236329,12737.8193628305
3994,66.5666666666667,0.00278566296877063,2.73764905869601,95.6133778856124,3419.83333770987,12738.0754676729
3994.2,66.57,0.00276509389759718,2.7320637124887,95.6133865698032,3419.91542527294,12738.3310507791
3994.4,66.5733333333333,0.00274467069694623,2.72648827631639,95.6133951850148,3419.99734534997,12738.5861135077
3994.6,66.5766666666667,0.00272439237981947,2.72092274350921,95.6134037317962,3420.0790982382,12738.8406572129
3994.8,66.58,0.00270425796552353,2.71536710731306,95.6134122106919,3420.16068423469,12739.0946832451
3995,66.5833333333333,0.00268426647963311,2.70982136089046,95.6134206222421,3420.24210363627,12739.3481929505
3995.2,66.5866666666667,0.00266441695395351,2.70428549732132,95.6134289669825,3420.3233567396,12739.601187671
3995.4,66.59,0.00264470842648398,2.69875950960377,95.6134372454445,3420.4044438411,12739.8536687447
3995.6,66.5933333333333,0.00262513994138112,2.69324339065495,95.6134454581552,3420.485365237,12740.1056375054
3995.8,66.5966666666667,0.00260571054892206,2.68773713331177,95.6134536056373,3420.5661212233,12740.3570952829
3996,66.6,0.00258641930546854,2.68224073033173,95.6134616884093,3420.64671209581,12740.608043403
3996.2,66.6033333333333,0.00256726527343047,2.67675417439368,95.6134697069856,3420.7271381501,12740.8584831875
3996.4,66.6066666666667,0.00254824752123014,2.67127745809856,95.6134776618763,3420.80739968151,12741.108415954
3996.6,66.61,0.00252936512326662,2.66581057397024,95.6134855535874,3420.8874969852,12741.3578430162
3996.8,66.6133333333333,0.00251061715987988,2.66035351445622,95.6134933826207,3420.96743035606,12741.6067656839
3997,66.6166666666667,0.00249200271731584,2.65490627192841,95.6135011494742,3421.04720008877,12741.8551852627
3997.2,66.62,0.00247352088769081,2.64946883868387,95.6135088546416,3421.12680647779,12742.1031030544
3997.4,66.6233333333333,0.00245517076895669,2.64404120694556,95.6135164986127,3421.20624981735,12742.3505203567
3997.6,66.6266666666667,0.00243695146486627,2.63862336886313,95.6135240818733,3421.28553040141,12742.5974384635
3997.8,66.63,0.00241886208493834,2.63321531651353,95.6135316049053,3421.36464852375,12742.8438586646
3998,66.6333333333333,0.00240090174442353,2.62781704190191,95.6135390681867,3421.44360447785,12743.089782246
3998.2,66.6366666666667,0.00238306956426984,2.6224285369622,95.6135464721917,3421.52239855701,12743.3352104897
3998.4,66.64,0.00236536467108864,2.61704979355788,95.6135538173905,3421.60103105425,12743.5801446738
3998.6,66.6433333333333,0.00234778619712092,2.61168080348277,95.6135611042496,3421.67950226235,12743.8245860727
3998.8,66.6466666666667,0.00233033328020331,2.6063215584616,95.6135683332318,3421.75781247386,12744.0685359566
3999,66.65,0.00231300506373485,2.60097205015086,95.613575504796,3421.83596198105,12744.3119955921
3999.2,66.6533333333333,0.00229580069664336,2.59563227013938,95.6135826193976,3421.91395107597,12744.5549662419
3999.4,66.6566666666667,0.00227871933335241,2.59030220994909,95.6135896774881,3421.99178005041,12744.7974491648
3999.6,66.66,0.00226176013374842,2.58498186103574,95.6135966795155,3422.06944919589,12745.0394456157
3999.8,66.6633333333333,0.0022449222631476,2.57967121478951,95.6136036259243,3422.14695880369,12745.2809568458
4000,66.6666666666667,0.00222820489226356,2.57437026253575,95.613610517155,3422.22430916482,12745.5219841026
4000.2,66.67,0.00221160719717464,2.56907899553562,95.6136173536451,3422.30150057004,12745.7625286295
4000.4,66.6733333333333,0.00219512835929169,2.5637974049868,95.6136241358281,3422.37853330985,12746.0025916664
4000.6,66.6766666666667,0.0021787675653261,2.55852548202414,95.6136308641344,3422.45540767446,12746.2421744494
4000.8,66.68,0.00216252400725753,2.5532632177203,95.6136375389906,3422.53212395383,12746.4812782106
4001,66.6833333333333,0.00214639688230253,2.54801060308647,95.6136441608201,3422.60868243767,12746.7199041786
4001.2,66.6866666666667,0.00213038539288258,2.54276762907296,95.6136507300428,3422.68508341539,12746.9580535783
4001.4,66.69,0.00211448874659286,2.53753428656985,95.6136572470753,3422.76132717614,12747.1957276307
4001.6,66.6933333333333,0.00209870615617103,2.53231056640774,95.6136637123307,3422.8374140088,12747.4329275532
4001.8,66.6966666666667,0.00208303683946593,2.52709645935823,95.6136701262189,3422.91334420198,12747.6696545594
4002,66.7,0.00206748001940693,2.5218919561347,95.6136764891465,3422.98911804399,12747.9059098594
4002.2,66.7033333333333,0.00205203492397291,2.51669704739284,95.6136828015169,3423.06473582287,12748.1416946595
4002.4,66.7066666666667,0.00203670078616183,2.51151172373132,95.61368906373,3423.1401978264,12748.3770101623
4002.6,66.71,0.00202147684396036,2.50633597569245,95.6136952761829,3423.21550434206,12748.6118575668
4002.8,66.7133333333333,0.00200636234031342,2.5011697937627,95.6137014392691,3423.29065565704,12748.8462380684
4003,66.7166666666667,0.00199135652309434,2.49601316837343,95.6137075533793,3423.36565205825,12749.0801528588
4003.2,66.72,0.00197645864507474,2.49086608990141,95.6137136189008,3423.44049383232,12749.3136031262
4003.4,66.7233333333333,0.00196166796389481,2.48572854866945,95.6137196362179,3423.51518126559,12749.5465900551
4003.6,66.7266666666667,0.00194698374203386,2.48060053494706,95.6137256057119,3423.58971464409,12749.7791148265
4003.8,66.73,0.00193240524678063,2.47548203895095,95.613731527761,3423.66409425358,12750.0111786176
4004,66.7333333333333,0.0019179317502043,2.47037305084569,95.6137374027403,3423.73832037952,12750.2427826022
4004.2,66.7366666666667,0.00190356252912511,2.46527356074428,95.6137432310219,3423.81239330707,12750.4739279506
4004.4,66.74,0.00188929686508556,2.46018355870871,95.613749012975,3423.8863133211,12750.7046158295
4004.6,66.7433333333333,0.00187513404432165,2.45510303475061,95.6137547489659,3423.96008070617,12750.934847402
4004.8,66.7466666666667,0.00186107335773407,2.45003197883174,95.6137604393579,3424.03369574655,12751.1646238277
4005,66.75,0.00184711410085996,2.44497038086464,95.6137660845113,3424.1071587262,12751.3939462626
4005.2,66.7533333333333,0.00183325557384434,2.43991823071312,95.6137716847836,3424.1804699288,12751.6228158595
4005.4,66.7566666666667,0.0018194970814121,2.43487551819288,95.6137772405296,3424.25362963769,12751.8512337675
4005.6,66.76,0.00180583793284004,2.42984223307209,95.613782752101,3424.32663813593,12752.079201132
4005.8,66.7633333333333,0.00179227744192881,2.42481836507186,95.6137882198468,3424.39949570627,12752.3067190954
4006,66.7666666666667,0.00177881492697545,2.41980390386687,95.6137936441134,3424.47220263113,12752.5337887964
4006.2,66.77,0.00176544971074567,2.4147988390859,95.6137990252441,3424.54475919265,12752.7604113701
4006.4,66.7733333333333,0.00175218112044648,2.40980316031234,95.6138043635798,3424.61716567265,12752.9865879484
4006.6,66.7766666666667,0.00173900848769911,2.40481685708478,95.6138096594584,3424.68942235261,12753.2123196598
4006.8,66.78,0.00172593114851168,2.39983991889751,95.6138149132152,3424.76152951374,12753.4376076291
4007,66.7833333333333,0.00171294844325248,2.39487233520108,95.613820125183,3424.8334874369,12753.6624529781
4007.2,66.7866666666667,0.00170005971662302,2.38991409540279,95.6138252956917,3424.90529640264,12753.8868568248
4007.4,66.79,0.00168726431763144,2.38496518886726,95.6138304250688,3424.97695669122,12754.1108202842
4007.6,66.7933333333333,0.00167456159956615,2.38002560491693,95.6138355136389,3425.04846858253,12754.3343444676
4007.8,66.7966666666667,0.00166195091996923,2.37509533283257,95.6138405617242,3425.11983235619,12754.5574304831
4008,66.8,0.00164943164061052,2.37017436185381,95.6138455696445,3425.19104829147,12754.7800794355
4008.2,66.8033333333333,0.00163700312746134,2.36526268117963,95.6138505377168,3425.26211666731,12755.0022924262
4008.4,66.8066666666667,0.00162466475066869,2.36036027996888,95.6138554662556,3425.33303776234,12755.2240705533
4008.6,66.81,0.00161241588452957,2.3554671473408,95.6138603555731,3425.40381185488,12755.4454149114
4008.8,66.8133333333333,0.00160025590746516,2.35058327237547,95.6138652059787,3425.47443922289,12755.6663265922
4009,66.8166666666667,0.00158818420199562,2.34570864411438,95.6138700177797,3425.54492014402,12755.8868066836
4009.2,66.82,0.0015762001547145,2.34084325156083,95.6138747912807,3425.61525489559,12756.1068562707
4009.4,66.8233333333333,0.00156430315626373,2.33598708368047,95.6138795267839,3425.6854437546,12756.326476435
4009.6,66.8266666666667,0.00155249260130858,2.33114012940183,95.6138842245893,3425.75548699768,12756.5456682548
4009.8,66.83,0.0015407678885126,2.32630237761667,95.6138888849943,3425.82538490118,12756.7644328052
4010,66.8333333333333,0.00152912842051312,2.32147381718063,95.6138935082941,3425.89513774109,12756.9827711582
4010.2,66.8366666666667,0.00151757360389637,2.31665443691354,95.6138980947814,3425.96474579305,12757.2006843822
4010.4,66.84,0.00150610284917314,2.31184422559998,95.6139026447467,3426.03420933239,12757.4181735427
4010.6,66.8433333333333,0.00149471557075448,2.30704317198976,95.6139071584782,3426.10352863409,12757.6352397018
4010.8,66.8466666666667,0.00148341118692734,2.30225126479833,95.6139116362617,3426.17270397281,12757.8518839186
4011,66.85,0.0014721891198307,2.29746849270726,95.6139160783809,3426.24173562285,12758.0681072489
4011.2,66.8533333333333,0.00146104879543146,2.29269484436473,95.613920485117,3426.31062385817,12758.2839107452
4011.4,66.8566666666667,0.00144998964350073,2.28793030838591,95.6139248567493,3426.37936895241,12758.499295457
4011.6,66.86,0.00143901109759024,2.2831748733535,95.6139291935547,3426.44797117884,12758.7142624305
4011.8,66.8633333333333,0.00142811259500866,2.27842852781809,95.6139334958078,3426.51643081042,12758.9288127089
4012,66.8666666666667,0.00141729357679836,2.2736912602987,95.6139377637813,3426.58474811974,12759.1429473323
4012.2,66.87,0.00140655348771206,2.26896305928312,95.6139419977456,3426.65292337905,12759.3566673374
4012.4,66.8733333333333,0.0013958917761897,2.26424391322839,95.6139461979688,3426.72095686026,12759.569973758
4012.6,66.8766666666667,0.00138530789433558,2.25953381056128,95.6139503647172,3426.78884883494,12759.7828676247
4012.8,66.88,0.00137480129789529,2.25483273967863,95.6139544982548,3426.85659957431,12759.9953499652
4013,66.8833333333333,0.0013643714462332,2.25014068894788,95.6139585988434,3426.92420934921,12760.2074218037
4013.2,66.8866666666667,0.00135401780230968,2.24545764670737,95.6139626667431,3426.99167843019,12760.4190841618
4013.4,66.89,0.0013437398326587,2.24078360126688,95.6139667022116,3427.05900708739,12760.6303380576
4013.6,66.8933333333333,0.00133353700736559,2.236118540908,95.6139707055046,3427.12619559064,12760.8411845065
4013.8,66.8966666666667,0.00132340880004459,2.23146245388449,95.613974676876,3427.1932442094,12761.0516245206
4014,66.9,0.00131335468781703,2.22681532842282,95.6139786165775,3427.26015321278,12761.2616591091
4014.2,66.9033333333333,0.00130337415128917,2.22217715272245,95.6139825248589,3427.32692286955,12761.4712892782
4014.4,66.9066666666667,0.00129346667453044,2.21754791495628,95.6139864019679,3427.3935534481,12761.6805160308
4014.6,66.91,0.00128363174505179,2.21292760327112,95.6139902481504,3427.46004521648,12761.8893403672
4014.8,66.9133333333333,0.00127386885378398,2.20831620578797,95.6139940636503,3427.5263984424,12762.0977632843
4015,66.9166666666667,0.00126417749505628,2.20371371060251,95.6139978487096,3427.59261339318,12762.3057857764
4015.2,66.92,0.00125455716657498,2.19912010578545,95.6140016035683,3427.6586903358,12762.5134088345
4015.4,66.9233333333333,0.00124500736940224,2.19453537938293,95.6140053284646,3427.72462953689,12762.7206334468
4015.6,66.9266666666667,0.00123552760793509,2.18995951941691,95.6140090236347,3427.79043126271,12762.9274605984
4015.8,66.93,0.00122611738988431,2.18539251388554,95.6140126893132,3427.85609577916,12763.1338912717
4016,66.9333333333333,0.00121677622625371,2.1808343507636,95.6140163257326,3427.92162335178,12763.3399264459
4016.2,66.9366666666667,0.00120750363131931,2.17628501800277,95.6140199331236,3427.98701424576,12763.5455670974
4016.4,66.94,0.00119829912260879,2.1717445035321,95.6140235117151,3428.05226872592,12763.7508141996
4016.6,66.9433333333333,0.00118916222088104,2.16721279525836,95.6140270617343,3428.11738705672,12763.955668723
4016.8,66.9466666666667,0.00118009245010567,2.16268988106639,95.6140305834066,3428.18236950224,12764.1601316353
4017,66.95,0.00117108933744293,2.15817574881949,95.6140340769554,3428.24721632623,12764.3642039011
4017.2,66.9533333333333,0.0011621524132234,2.15367038635976,95.6140375426025,3428.31192779204,12764.5678864824
4017.4,66.9566666666667,0.00115328121092811,2.14917378150847,95.6140409805681,3428.37650416269,12764.7711803381
4017.6,66.96,0.00114447526716863,2.14468592206646,95.6140443910703,3428.4409457008,12764.9740864243
4017.8,66.9633333333333,0.00113573412166718,2.14020679581442,95.6140477743259,3428.50525266865,12765.1766056942
4018,66.9666666666667,0.00112705731723712,2.13573639051332,95.6140511305497,3428.56942532814,12765.3787390983
4018.2,66.97,0.00111844439976328,2.13127469390469,95.6140544599549,3428.63346394082,12765.580487584
4018.4,66.9733333333333,0.00110989491818254,2.12682169371102,95.614057762753,3428.69736876784,12765.7818520961
4018.6,66.9766666666667,0.00110140842446461,2.1223773776361,95.6140610391539,3428.76114007001,12765.9828335765
4018.8,66.98,0.00109298447359263,2.11794173336534,95.6140642893657,3428.82477810776,12766.1834329643
4019,66.9833333333333,0.00108462262354431,2.11351474856612,95.6140675135951,3428.88828314115,12766.3836511957
4019.2,66.9866666666667,0.0010763224352727,2.10909641088814,95.614070712047,3428.95165542987,12766.5834892043
4019.4,66.99,0.00106808347268747,2.10468670796371,95.6140738849247,3429.01489523325,12766.7829479208
4019.6,66.9933333333333,0.00105990530263615,2.10028562740816,95.61407703243,3429.07800281023,12766.9820282731
4019.8,66.9966666666667,0.00105178749488534,2.0958931568201,95.614080154763,3429.14097841939,12767.1807311864
4020,67,0.00104372962210235,2.09150928378179,95.6140832521222,3429.20382231893,12767.3790575831
4020.2,67.0033333333333,0.00103573125983661,2.08713399585943,95.6140863247047,3429.2665347667,12767.5770083828
4020.4,67.0066666666667,0.00102779198650138,2.08276728060349,95.6140893727059,3429.32911602015,12767.7745845024
4020.6,67.01,0.00101991138335564,2.07840912554907,95.6140923963198,3429.39156633637,12767.9717868563
4020.8,67.0133333333333,0.00101208903448578,2.07405951821615,95.6140953957388,3429.45388597206,12768.1686163557
4021,67.0166666666667,0.0010043245267878,2.06971844610999,95.6140983711538,3429.51607518358,12768.3650739096
4021.2,67.02,0.000996617449949234,2.06538589672133,95.614101322754,3429.57813422687,12768.5611604238
4021.4,67.0233333333333,0.00098896739643146,2.0610618575268,95.6141042507276,3429.64006335754,12768.7568768019
4021.6,67.0266666666667,0.000981373961452016,2.05674631598918,95.6141071552608,3429.70186283078,12768.9522239444
4021.8,67.03,0.000973836742966919,2.05243925955771,95.6141100365386,3429.76353290144,12769.1472027493
4022,67.0333333333333,0.000966355341653316,2.04814067566841,95.6141128947446,3429.82507382397,12769.3418141121
4022.2,67.0366666666667,0.000958929360891984,2.04385055174435,95.6141157300608,3429.88648585246,12769.5360589252
4022.4,67.04,0.00095155840675011,2.03956887519595,95.6141185426679,3429.94776924061,12769.7299380789
4022.6,67.0433333333333,0.000944242087964168,2.03529563342132,95.6141213327451,3430.00892424175,12769.9234524603
4022.8,67.0466666666667,0.000936980015922728,2.03103081380649,95.6141241004701,3430.06995110883,12770.1166029543
4023,67.05,0.000929771804649622,2.02677440372576,95.6141268460195,3430.13085009441,12770.3093904429
4023.2,67.0533333333333,0.000922617070786958,2.02252639054195,95.6141295695682,3430.19162145069,12770.5018158057
4023.4,67.0566666666667,0.000915515433578403,2.01828676160666,95.6141322712899,3430.25226542948,12770.6938799195
4023.6,67.06,0.000908466514852558,2.01405550426065,95.614134951357,3430.31278228221,12770.8855836586
4023.8,67.0633333333333,0.00090146993900628,2.00983260583401,95.6141376099403,3430.37317225994,12771.0769278947
4024,67.0666666666667,0.000894525332988332,2.00561805364652,95.6141402472095,3430.43343561334,12771.2679134968
4024.2,67.07,0.000887632326282907,2.00141183500787,95.6141428633328,3430.49357259269,12771.4585413316
4024.4,67.0733333333333,0.00088079055089339,1.99721393721798,95.6141454584772,3430.55358344792,12771.648812263
4024.6,67.0766666666667,0.000873999641326233,1.99302434756725,95.6141480328084,3430.61346842855,12771.8387271524
4024.8,67.08,0.00086725923457476,1.98884305333682,95.6141505864907,3430.67322778373,12772.0282868586
4025,67.0833333333333,0.000860568970103304,1.98467004179887,95.6141531196871,3430.73286176222,12772.2174922379
4025.2,67.0866666666667,0.000853928489831211,1.98050530021684,95.6141556325594,3430.79237061242,12772.4063441442
4025.4,67.09,0.000847337438117088,1.97634881584575,95.6141581252682,3430.85175458233,12772.5948434287
4025.6,67.0933333333333,0.000840795461743144,1.97220057593242,95.6141605979727,3430.91101391956,12772.7829909401
4025.8,67.0966666666667,0.000834302209899483,1.96806056771572,95.6141630508308,3430.97014887135,12772.9707875246
4026,67.1,0.000827857334168704,1.96392877842689,95.6141654839995,3431.02915968456,12773.158234026
4026.2,67.1033333333333,0.000821460488510378,1.95980519528972,95.6141678976341,3431.08804660567,12773.3453312854
4026.4,67.1066666666667,0.000815111329245763,1.95568980552084,95.6141702918891,3431.14680988075,12773.5320801418
4026.6,67.11,0.000808809515042609,1.95158259632999,95.6141726669175,3431.20544975552,12773.7184814312
4026.8,67.1133333333333,0.000802554706899914,1.94748355492021,95.6141750228713,3431.2639664753,12773.9045359876
4027,67.1166666666667,0.000796346568132984,1.94339266848817,95.6141773599011,3431.32236028502,12774.0902446422
4027.2,67.12,0.000790184764358364,1.93930992422433,95.6141796781565,3431.38063142924,12774.2756082239
4027.4,67.1233333333333,0.000784068963479015,1.93523530931323,95.6141819777859,3431.43878015212,12774.4606275593
4027.6,67.1266666666667,0.000777998835669564,1.93116881093374,95.6141842589365,3431.49680669746,12774.6453034723
4027.8,67.13,0.000771974053361512,1.92711041625924,95.6141865217543,3431.55471130864,12774.8296367844
4028,67.1333333333333,0.000765994291228741,1.92306011245795,95.6141887663842,3431.61249422869,12775.0136283149
4028.2,67.1366666666667,0.000760059226172895,1.91901788669309,95.61419099297,3431.67015570024,12775.1972788805
4028.4,67.14,0.000754168537308993,1.9149837261231,95.6141932016543,3431.72769596553,12775.3805892955
4028.6,67.1433333333333,0.000748321905951119,1.91095761790198,95.6141953925788,3431.78511526641,12775.563560372
4028.8,67.1466666666667,0.000742519015598079,1.90693954917937,95.6141975658837,3431.84241384437,12775.7461929193
4029,67.15,0.000736759551919326,1.90292950710091,95.6141997217085,3431.89959194049,12775.9284877448
4029.2,67.1533333333333,0.000731043202740789,1.89892747880838,95.6142018601913,3431.95664979548,12776.1104456532
4029.4,67.1566666666667,0.000725369658030908,1.89493345143994,95.6142039814692,3432.01358764965,12776.2920674469
4029.6,67.16,0.000719738609886756,1.89094741213041,95.6142060856785,3432.07040574293,12776.4733539261
4029.8,67.1633333333333,0.000714149752520122,1.88696934801139,95.614208172954,3432.12710431487,12776.6543058884
4030,67.1666666666667,0.000708602782243859,1.88299924621157,95.6142102434297,3432.18368360463,12776.8349241292
4030.2,67.17,0.000703097397458132,1.87903709385688,95.6142122972386,3432.24014385099,12777.0152094417
4030.4,67.1733333333333,0.000697633298636879,1.87508287807074,95.6142143345124,3432.29648529231,12777.1951626164
4030.6,67.1766666666667,0.000692210188314341,1.87113658597427,95.6142163553821,3432.35270816662,12777.3747844419
4030.8,67.18,0.000686827771071565,1.86719820468648,95.6142183599773,3432.40881271152,12777.5540757041
4031,67.1833333333333,0.000681485753523164,1.8632677213245,95.614220348427,3432.46479916424,12777.733037187
4031.2,67.1866666666667,0.000676183844303974,1.85934512300379,95.6142223208588,3432.52066776162,12777.9116696719
4031.4,67.19,0.000670921754055921,1.8554303968383,95.6142242773996,3432.57641874011,12778.089973938
4031.6,67.1933333333333,0.00066569919541496,1.85152352994075,95.6142262181751,3432.63205233579,12778.2679507623
4031.8,67.1966666666667,0.00066051588299798,1.84762450942276,95.6142281433102,3432.68756878434,12778.4456009195
4032,67.2,0.000655371533389959,1.8437333223951,95.6142300529286,3432.74296832104,12778.6229251818
4032.2,67.2033333333333,0.000650265865131033,1.83984995596784,95.6142319471533,3432.79825118081,12778.7999243194
4032.4,67.2066666666667,0.000645198598703748,1.8359743972506,95.6142338261061,3432.85341759817,12778.9765991002
4032.6,67.21,0.000640169456520396,1.83210663335271,95.614235689908,3432.90846780726,12779.1529502897
4032.8,67.2133333333333,0.000635178162910316,1.82824665138341,95.6142375386789,3432.96340204182,12779.3289786514
4033,67.2166666666667,0.000630224444107435,1.82439443845205,95.6142393725379,3433.01822053521,12779.5046849463
4033.2,67.22,0.000625308028237727,1.82054998166828,95.6142411916031,3433.0729235204,12779.6800699334
4033.4,67.2233333333333,0.000620428645306851,1.81671326814218,95.6142429959918,3433.12751123,12779.8551343695
4033.6,67.2266666666667,0.000615586027187867,1.81288428498459,95.6142447858202,3433.18198389618,12780.0298790089
4033.8,67.23,0.000610779907608925,1.80906301930711,95.6142465612036,3433.23634175078,12780.204304604
4034,67.2333333333333,0.00060601002214118,1.80524945822246,95.6142483222566,3433.29058502522,12780.3784119048
4034.2,67.2366666666667,0.000601276108186628,1.8014435888445,95.6142500690927,3433.34471395054,12780.5522016594
4034.4,67.24,0.000596577904966123,1.79764539828853,95.6142518018246,3433.39872875739,12780.7256746133
4034.6,67.2433333333333,0.000591915153507465,1.79385487367145,95.6142535205641,3433.45262967604,12780.8988315103
4034.8,67.2466666666667,0.000587287596633456,1.79007200211184,95.6142552254221,3433.50641693637,12781.0716730915
4035,67.25,0.000582694978950189,1.7862967707303,95.6142569165087,3433.56009076789,12781.2442000964
4035.2,67.2533333333333,0.000578137046835248,1.78252916664946,95.6142585939331,3433.61365139969,12781.4164132619
4035.4,67.2566666666667,0.000573613548426092,1.77876917699424,95.6142602578036,3433.6670990605,12781.588313323
4035.6,67.26,0.000569124233608501,1.77501678889205,95.6142619082276,3433.72043397866,12781.7599010125
4035.8,67.2633333333333,0.000564668854005,1.77127198947285,95.614263545312,3433.77365638212,12781.931177061
4036,67.2666666666667,0.000560247162963497,1.76753476586943,95.6142651691624,3433.82676649843,12782.1021421971
4036.2,67.27,0.000555858915545852,1.76380510521752,95.6142667798838,3433.87976455478,12782.2727971472
4036.4,67.2733333333333,0.000551503868516603,1.76008299465594,95.6142683775805,3433.93265077797,12782.4431426356
4036.6,67.2766666666667,0.000547181780331774,1.75636842132682,95.6142699623558,3433.98542539439,12782.6131793845
4036.8,67.28,0.000542892411127644,1.75266137237569,95.6142715343122,3434.03808863006,12782.782908114
4037,67.2833333333333,0.000538635522709739,1.74896183495172,95.6142730935514,3434.09064071063,12782.9523295421
4037.2,67.2866666666667,0.00053441087854174,1.74526979620782,95.6142746401745,3434.14308186134,12783.1214443848
4037.4,67.29,0.000530218243734565,1.74158524330079,95.6142761742815,3434.19541230706,12783.2902533559
4037.6,67.2933333333333,0.000526057385035505,1.73790816339154,95.6142776959718,3434.24763227226,12783.4587571673
4037.8,67.2966666666667,0.00052192807081735,1.73423854364519,95.614279205344,3434.29974198103,12783.6269565286
4038,67.3,0.000517830071067706,1.73057637123125,95.614280702496,3434.3517416571,12783.7948521474
4038.2,67.3033333333333,0.000513763157378251,1.72692163332373,95.6142821875248,3434.40363152377,12783.9624447295
4038.4,67.3066666666667,0.000509727102934143,1.72327431710133,95.6142836605266,3434.455411804,12784.1297349784
4038.6,67.31,0.000505721682503496,1.71963440974762,95.6142851215971,3434.50708272032,12784.2967235957
4038.8,67.3133333333333,0.000501746672426835,1.7160018984511,95.6142865708309,3434.55864449493,12784.4634112808
4039,67.3166666666667,0.000497801850606741,1.71237677040541,95.6142880083223,3434.61009734959,12784.6297987312
4039.2,67.32,0.000493886996497436,1.70875901280947,95.6142894341644,3434.66144150571,12784.7958866424
4039.4,67.3233333333333,0.000490001891094518,1.70514861286758,95.6142908484498,3434.71267718431,12784.9616757079
4039.6,67.3266666666667,0.000486146316924759,1.70154555778964,95.6142922512705,3434.76380460603,12785.1271666191
4039.8,67.33,0.00048232005803588,1.6979498347912,95.6142936427175,3434.8148239911,12785.2923600656
4040,67.3333333333333,0.000478522899986523,1.69436143109367,95.6142950228813,3434.86573555941,12785.4572567346
4040.2,67.3366666666667,0.000474754629836146,1.69078033392444,95.6142963918516,3434.91653953042,12785.6218573119
4040.4,67.34,0.000471015036135082,1.68720653051699,95.6142977497174,3434.96723612325,12785.7861624807
4040.6,67.3433333333333,0.000467303908914645,1.68364000811105,95.614299096567,3435.01782555661,12785.9501729228
4040.8,67.3466666666667,0.000463621039677226,1.68008075395273,95.6143004324881,3435.06830804883,12786.1138893176
4041,67.35,0.000459966221386564,1.67652875529468,95.6143017575675,3435.11868381787,12786.2773123428
4041.2,67.3533333333333,0.000456339248457965,1.67298399939615,95.6143030718916,3435.16895308129,12786.4404426741
4041.4,67.3566666666667,0.000452739916748658,1.66944647352318,95.6143043755459,3435.21911605628,12786.6032809851
4041.6,67.36,0.00044916802354821,1.66591616494875,95.6143056686153,3435.26917295965,12786.7658279477
4041.8,67.3633333333333,0.000445623367568928,1.66239306095282,95.6143069511842,3435.31912400782,12786.9280842316
4042,67.3666666666667,0.000442105748936428,1.65887714882256,95.614308223336,3435.36896941684,12787.0900505049
4042.2,67.37,0.00043861496918016,1.65536841585238,95.6143094851536,3435.41870940236,12787.2517274335
4042.4,67.3733333333333,0.000435150831224057,1.65186684934412,95.6143107367195,3435.46834417966,12787.4131156815
4042.6,67.3766666666667,0.000431713139377253,1.64837243660717,95.6143119781152,3435.51787396364,12787.574215911
4042.8,67.38,0.000428301699324774,1.64488516495855,95.6143132094217,3435.56729896882,12787.7350287824
4043,67.3833333333333,0.000424916318118409,1.64140502172307,95.6143144307194,3435.61661940935,12787.8955549541
4043.2,67.3866666666667,0.000421556804167518,1.63793199423344,95.6143156420879,3435.66583549896,12788.0557950824
4043.4,67.39,0.000418222967229978,1.63446606983035,95.6143168436066,3435.71494745105,12788.2157498221
4043.6,67.3933333333333,0.000414914618403186,1.63100723586269,95.6143180353537,3435.76395547861,12788.3754198259
4043.8,67.3966666666667,0.00041163157011504,1.62755547968752,95.6143192174072,3435.81285979425,12788.5348057446
4044,67.4,0.00040837363611509,1.62411078867032,95.6143203898443,3435.86166061022,12788.6939082272
4044.2,67.4033333333333,0.000405140631465637,1.62067315018503,95.6143215527417,3435.91035813838,12788.8527279209
4044.4,67.4066666666667,0.000401932372532957,1.61724255161416,95.6143227061755,3435.95895259021,12789.0112654709
4044.6,67.41,0.000398748676978582,1.61381898034896,95.6143238502211,3436.00744417681,12789.1695215207
4044.8,67.4133333333333,0.000395589363750563,1.61040242378946,95.6143249849534,3436.05583310891,12789.3274967119
4045,67.4166666666667,0.000392454253074901,1.60699286934464,95.6143261104466,3436.10411959684,12789.4851916842
4045.2,67.42,0.000389343166446914,1.60359030443248,95.6143272267745,3436.15230385059,12789.6426070757
4045.4,67.4233333333333,0.000386255926622741,1.60019471648011,95.6143283340102,3436.20038607975,12789.7997435223
4045.6,67.4266666666667,0.000383192357610892,1.59680609292393,95.6143294322262,3436.24836649352,12789.9566016584
4045.8,67.43,0.000380152284663788,1.59342442120963,95.6143305214945,3436.29624530075,12790.1131821165
4046,67.4333333333333,0.000377135534269448,1.59004968879242,95.6143316018865,3436.34402270989,12790.2694855272
4046.2,67.4366666666667,0.000374141934143139,1.58668188313702,95.6143326734731,3436.39169892904,12790.4255125195
4046.4,67.44,0.000371171313219136,1.58332099171782,95.6143337363246,3436.43927416589,12790.5812637203
4046.6,67.4433333333333,0.00036822350164254,1.57996700201898,95.6143347905107,3436.48674862779,12790.7367397551
4046.8,67.4466666666667,0.000365298330761081,1.5766199015345,95.6143358361006,3436.53412252169,12790.8919412473
4047,67.45,0.000362395633117064,1.57327967776837,95.6143368731629,3436.58139605418,12791.0468688187
4047.2,67.4533333333333,0.000359515242439283,1.5699463182346,95.6143379017659,3436.62856943146,12791.2015230893
4047.4,67.4566666666667,0.000356656993635036,1.56661981045737,95.614338921977,3436.67564285936,12791.3559046771
4047.6,67.46,0.000353820722782201,1.5633001419711,95.6143399338634,3436.72261654335,12791.5100141988
4047.8,67.4633333333333,0.000351006267121292,1.55998730032057,95.6143409374915,3436.76949068851,12791.663852269
4048,67.4666666666667,0.000348213465047667,1.55668127306098,95.6143419329273,3436.81626549955,12791.8174195006
4048.2,67.47,0.000345442156103681,1.55338204775807,95.6143429202364,3436.86294118081,12791.9707165048
4048.4,67.4733333333333,0.000342692180970966,1.55008961198819,95.6143438994837,3436.90951793625,12792.1237438912
4048.6,67.4766666666667,0.000339963381462745,1.54680395333843,95.6143448707337,3436.95599596948,12792.2765022674
4048.8,67.48,0.000337255600516144,1.54352505940664,95.6143458340503,3437.0023754837,12792.4289922395
4049,67.4833333333333,0.000334568682184639,1.5402529178016,95.6143467894969,3437.04865668177,12792.5812144118
4049.2,67.4866666666667,0.000331902471630462,1.53698751614306,95.6143477371366,3437.09483976617,12792.7331693868
4049.4,67.49,0.000329256815117119,1.53372884206182,95.6143486770318,3437.14092493899,12792.8848577654
4049.6,67.4933333333333,0.000326631560001949,1.53047688319985,95.6143496092445,3437.18691240198,12793.0362801468
4049.8,67.4966666666667,0.000324026554728672,1.52723162721036,95.6143505338361,3437.2328023565,12793.1874371285
4050,67.5,0.000321441648820083,1.52399306175788,95.6143514508676,3437.27859500355,12793.3383293062
4050.2,67.5033333333333,0.000318876692870692,1.52076117451833,95.6143523603997,3437.32429054373,12793.488957274
4050.4,67.5066666666667,0.000316331538539473,1.51753595317914,95.6143532624922,3437.36988917732,12793.6393216244
4050.6,67.51,0.000313806038542667,1.5143173854393,95.6143541572048,3437.4153911042,12793.7894229481
4050.8,67.5133333333333,0.00031130004664656,1.51110545900945,95.6143550445966,3437.46079652387,12793.9392618342
4051,67.5166666666667,0.000308813417660409,1.50790016161198,95.6143559247262,3437.50610563549,12794.08883887
4051.2,67.52,0.000306346007429309,1.50470148098106,95.6143567976519,3437.55131863784,12794.2381546414
4051.4,67.5233333333333,0.000303897672827184,1.50150940486276,95.6143576634312,3437.59643572933,12794.3872097324
4051.6,67.5266666666667,0.0003014682717498,1.49832392101513,95.6143585221216,3437.641457108,12794.5360047255
4051.8,67.53,0.000299057663107789,1.49514501720823,95.6143593737798,3437.68638297152,12794.6845402014
4052,67.5333333333333,0.000296665706819782,1.49197268122427,95.6143602184622,3437.73121351721,12794.8328167393
4052.2,67.5366666666667,0.000294292263805518,1.48880690085763,95.6143610562247,3437.77594894202,12794.9808349169
4052.4,67.54,0.000291937195979041,1.48564766391495,95.6143618871228,3437.82058944251,12795.1285953099
4052.6,67.5433333333333,0.00028960036624195,1.48249495821525,95.6143627112116,3437.8651352149,12795.2760984926
4052.8,67.5466666666667,0.000287281638476628,1.47934877158989,95.6143635285456,3437.90958645503,12795.4233450378
4053,67.55,0.000284980877539609,1.47620909188279,95.6143643391791,3437.9539433584,12795.5703355165
4053.2,67.5533333333333,0.00028269794925489,1.47307590695036,95.6143651431658,3437.9982061201,12795.7170704981
4053.4,67.5566666666667,0.000280432720407357,1.46994920466166,95.6143659405591,3438.0423749349,12795.8635505504
4053.6,67.56,0.00027818505873624,1.46682897289844,95.6143667314119,3438.08644999718,12796.0097762399
4053.8,67.5633333333333,0.000275954832928564,1.46371519955519,95.6143675157766,3438.13043150097,12796.155748131
4054,67.5666666666667,0.00027374191261272,1.46060787253926,95.6143682937055,3438.17431963992,12796.3014667869
4054.2,67.57,0.000271546168351996,1.45750697977086,95.6143690652501,3438.21811460735,12796.4469327691
4054.4,67.5733333333333,0.000269367471638208,1.45441250918317,95.6143698304617,3438.26181659619,12796.5921466375
4054.6,67.5766666666667,0.000267205694885362,1.4513244487224,95.6143705893912,3438.305425799,12796.7371089505
4054.8,67.58,0.000265060711423321,1.44824278634782,95.6143713420891,3438.34894240801,12796.8818202648
4055,67.5833333333333,0.000262932395491569,1.4451675100319,95.6143720886055,3438.39236661506,12797.0262811357
4055.2,67.5866666666667,0.000260820622232961,1.44209860776027,95.6143728289899,3438.43569861166,12797.1704921169
4055.4,67.59,0.000258725267687546,1.43903606753186,95.6143735632918,3438.47893858892,12797.3144537604
4055.6,67.5933333333333,0.00025664620878644,1.43597987735894,95.6143742915599,3438.52208673763,12797.4581666169
4055.8,67.5966666666667,0.000254583323345686,1.43293002526716,95.6143750138429,3438.56514324818,12797.6016312354
4056,67.6,0.000252536490060227,1.42988649929565,95.6143757301888,3438.60810831065,12797.7448481634
4056.2,67.6033333333333,0.000250505588497845,1.42684928749702,95.6143764406454,3438.65098211471,12797.8878179469
4056.4,67.6066666666667,0.000248490499093192,1.42381837793749,95.61437714526,3438.69376484971,12798.0305411303
4056.6,67.61,0.000246491103141851,1.42079375869688,95.6143778440797,3438.73645670462,12798.1730182565
4056.8,67.6133333333333,0.000244507282794394,1.41777541786872,95.6143785371511,3438.77905786806,12798.315249867
4057,67.6166666666667,0.000242538921050551,1.41476334356026,95.6143792245205,3438.8215685283,12798.4572365017
4057.2,67.62,0.00024058590175334,1.41175752389257,95.6143799062337,3438.86398887324,12798.598978699
4057.4,67.6233333333333,0.000238648109583289,1.40875794700056,95.6143805823363,3438.90631909044,12798.7404769957
4057.6,67.6266666666667,0.000236725430052687,1.40576460103305,95.6143812528734,3438.94855936708,12798.8817319274
4057.8,67.63,0.000234817749499837,1.40277747415281,95.61438191789,3438.99070989001,12799.0227440278
4058,67.6333333333333,0.000232924955083405,1.39979655453665,95.6143825774304,3439.03277084571,12799.1635138294
4058.2,67.6366666666667,0.000231046934776744,1.39682183037542,95.6143832315387,3439.07474242031,12799.3040418632
4058.4,67.64,0.000229183577362297,1.39385328987407,95.6143838802588,3439.11662479959,12799.4443286586
4058.6,67.6433333333333,0.000227334772426036,1.39089092125177,95.614384523634,3439.15841816896,12799.5843747436
4058.8,67.6466666666667,0.000225500410351899,1.38793471274185,95.6143851617075,3439.20012271349,12799.7241806448
4059,67.65,0.000223680382316316,1.38498465259194,95.614385794522,3439.2417386179,12799.8637468872
4059.2,67.6533333333333,0.000221874580282724,1.38204072906397,95.6143864221198,3439.28326606656,12800.0030739945
4059.4,67.6566666666667,0.000220082896996141,1.37910293043421,95.614387044543,3439.32470524347,12800.1421624887
4059.6,67.66,0.000218305225977791,1.3761712449934,95.6143876618334,3439.36605633229,12800.2810128906
4059.8,67.6633333333333,0.000216541461519715,1.37324566104666,95.6143882740324,3439.40731951633,12800.4196257195
4060,67.6666666666667,0.000214791498679478,1.37032616691367,95.614388881181,3439.44849497855,12800.5580014932
4062,67.7,0.000197730233494822,1.34132863425425,95.6143947903118,3439.85740662807,12801.9340775174
4064,67.7333333333333,0.000181971887054657,1.31293250940842,95.6144002204284,3440.25766434138,12803.2867818464
4066,67.7666666666667,0.000167430050049326,1.28512624898551,95.6144052095343,3440.64944767199,12804.6166184831
4068,67.8,0.000154016391156957,1.25789846845443,95.6144097927854,3441.03293272247,12805.9240776328
4070,67.8333333333333,0.000141648936746958,1.23123793874578,95.6144140046292,3441.4082921917,12807.2096361412
4072,67.8666666666667,0.000130305827066208,1.20513358341894,95.6144179308713,3441.77569542173,12808.4737579036
4074,67.9,0.000119839331239091,1.17957454653076,95.6144215680935,3442.13530844787,12809.7168945973
4076,67.9333333333333,0.000110172336027701,1.1545500635388,95.6144249150699,3442.48729405497,12810.9394855817
4078,67.9666666666667,0.000101257128814499,1.13004952477945,95.6144279902749,3442.83181181007,12812.1419583579
4080,68,9.3042009923677e-05,1.10606249790713,95.6144308149233,3443.16901811076,12813.3247290401
4082,68.0333333333333,8.54750574317234e-05,1.08257872113218,95.6144334088997,3443.49906623784,12814.488202727
4084,68.0666666666667,7.85070193415741e-05,1.05958810032995,95.6144357905755,3443.82210640615,12815.6327738481
4086,68.1,7.2091988815057e-05,1.03708070836778,95.6144379769022,3444.13828581483,12816.7588264983
4088,68.1333333333333,6.61873924837517e-05,1.01504678488888,95.6144399835154,3444.44774869739,12817.8667347601
4090,68.1666666666667,6.0753809466563e-05,0.993476736031628,95.6144418248338,3444.75063637172,12818.9568630157
4092,68.2,5.57547595669662e-05,0.972361133963161,95.614443514151,3445.04708729003,12820.0295662476
4094,68.2333333333333,5.11564951879153e-05,0.951690716212388,95.6144450637201,3445.33723708857,12821.0851903303
4096,68.2666666666667,4.69278048969397e-05,0.931456384812966,95.614446484833,3445.62121863723,12822.1240723109
4098,68.3,4.30398299206486e-05,0.911649205272439,95.6144477878932,3445.89916208879,12823.1465406809
4100,68.3333333333333,3.94658932253367e-05,0.892260405384052,95.6144489824839,3446.17119492785,12824.1529156387
4102,68.3666666666667,3.61813404762417e-05,0.873281373896934,95.61445007743,3446.43744201947,12825.1435093432
4104,68.4,3.31633921162158e-05,0.854703659059301,95.6144510808573,3446.69802565732,12826.1186261591
4106,68.4333333333333,3.03910058285341e-05,0.836518967048244,95.6144520002455,3446.95306561141,12827.078562893
4108,68.4666666666667,2.78447486892541e-05,0.818719160298684,95.6144528424783,3447.20267917537,12828.0236090233
4110,68.5,2.55066783573182e-05,0.801296255743102,95.6144536138897,3447.44698121316,12828.9540469202
4112,68.5333333333333,2.33602326919216e-05,0.784242422972781,95.6144543203064,3447.68608420533,12829.8701520606
4114,68.5666666666667,2.13901272257835e-05,0.767549982330473,95.6144549670874,3447.92009829463,12830.7721932336
4116,68.6,1.95822599597614e-05,0.751211402943621,95.6144555591605,3448.14913133112,12831.6604327408
4118,68.6333333333333,1.79236229788311e-05,0.735219300706568,95.6144561010561,3448.37328891663,12832.5351265891
4120,68.6666666666667,1.64022204219207e-05,0.719566436219485,95.6144565969383,3448.59267444867,12833.3965246771
4122,68.7,1.50069923685614e-05,0.704245712691175,95.6144570506335,3448.80738916364,12834.2448709755
4124,68.7333333333333,1.37277442339137e-05,0.689250173812277,95.6144574656575,3449.0175321795,12835.0804037016
4126,68.7666666666667,1.25550812905532e-05,0.674573001604901,95.6144578452399,3449.22320053774,12835.9033554873
4128,68.8,1.14803479605624e-05,0.660207514254191,95.6144581923466,3449.42448924467,12836.7139535424
4130,68.8333333333333,1.04955715450618e-05,0.646147163926869,95.6144585097008,3449.62149131218,12837.512419812
4132,68.8666666666667,9.59341008043056e-06,0.632385534581362,95.6144587998027,3449.81429779773,12838.2989711289
4134,68.9,8.76710403119135e-06,0.618916339773738,95.6144590649468,3450.00299784371,12839.0738193606
4136,68.9333333333333,8.010431548948e-06,0.60573342046326,95.6144593072388,3450.1876787162,12839.8371715521
4138,68.9666666666667,7.31766704495383e-06,0.59283074282108,95.6144595286106,3450.36842584298,12840.5892300633
4140,69,6.68354284091673e-06,0.580202396045212,95.6144597308342,3450.54532285096,12841.3301927024
4142,69.0333333333333,6.10321367858975e-06,0.567842590184681,95.6144599155347,3450.7184516029,12842.0602528545
4144,69.0666666666667,5.57222388361567e-06,0.555745653975416,95.6144600842024,3450.88789223354,12842.7795996069
4146,69.1,5.08647699305341e-06,0.54390603269026,95.6144602382033,3451.05372318499,12843.4884178687
4148,69.1333333333333,4.64220766907086e-06,0.532318286005169,95.6144603787894,3451.21602124159,12844.1868884883
4150,69.1666666666667,4.23595573349766e-06,0.520977085883509,95.6144605071081,3451.37486156402,12844.875188366
4152,69.2,3.86454216934496e-06,0.509877214480123,95.6144606242108,3451.53031772288,12845.5534905628
4154,69.2333333333333,3.52504694606496e-06,0.499013562066676,95.6144607310603,3451.68246173154,12846.2219644068
4156,69.2666666666667,3.21478853528854e-06,0.488381124979588,95.6144608285386,3451.83136407846,12846.8807755951
4158,69.3,2.93130499308595e-06,0.477975003591746,95.6144609174533,3451.97709375883,12847.5300862927
4160,69.3333333333333,2.67233649348658e-06,0.467790400308993,95.6144609985438,3452.11971830564,12848.1700552285
4162,69.3666666666667,2.43580920610519e-06,0.4578226175923,95.6144610724867,3452.25930382016,12848.8008377881
4164,69.4,2.21982041829223e-06,0.448067056006375,95.6144611399015,3452.39591500177,12849.4225861034
4166,69.4333333333333,2.02262480928741e-06,0.438519212295364,95.6144612013548,3452.52961517729,12850.0354491399
4168,69.4666666666667,1.84262179044161e-06,0.429174677486183,95.614461257365,3452.66046632966,12850.6395727805
4170,69.5,1.67834383171219e-06,0.420029135019947,95.6144613084064,3452.78852912608,12851.2350999072
4172,69.5333333333333,1.52844570036001e-06,0.411078358911841,95.6144613549126,3452.91386294564,12851.8221704803
4174,69.5666666666667,1.39169454310827e-06,0.402318211939728,95.61446139728,3453.0365259063,12852.4009216145
4176,69.6,1.26696074799069e-06,0.393744643861702,95.6144614358711,3453.15657489142,12852.9714876532
4178,69.6333333333333,1.15320952674154e-06,0.385353689662726,95.6144614710172,3453.2740655757,12853.5340002403
4180,69.6666666666667,1.04949316288568e-06,0.377141467830443,95.614461503021,3453.38905245066,12854.0885883896
4182,69.7,9.5494387469373e-07,0.369104178660181,95.6144615321592,3453.50158884951,12854.6353785525
4184,69.7333333333333,8.68767245895269e-07,0.361238102589132,95.6144615586843,3453.61172697158,12855.1744946829
4186,69.7666666666667,7.90236180510118e-07,0.353539598559642,95.6144615828272,3453.71951790628,12855.7060583008
4188,69.8,7.18685341381214e-07,0.346005102411491,95.6144616047986,3453.82501165648,12856.2301885537
4190,69.8333333333333,6.53506034988944e-07,0.338631125303029,95.6144616247909,3453.92825716147,12856.7470022756
4192,69.8666666666667,5.94141507910883e-07,0.331414252160975,95.6144616429798,3454.02930231948,12857.2566140453
4194,69.9,5.40082622877128e-07,0.324351140158684,95.6144616595256,3454.12819400964,12857.7591362419
4196,69.9333333333333,4.9086388477303e-07,0.317438517222633,95.6144616745746,3454.22497811358,12858.2546790992
4198,69.9666666666667,4.46059789170663e-07,0.310673180566866,95.6144616882603,3454.31969953652,12858.7433507583
4200,70,4.05281468039546e-07,0.304051995255131,95.6144617007044,3454.41240222796,12859.2252573183
4202,70.0333333333333,3.68173609206788e-07,0.29757189279039,95.6144617120181,3454.50312920194,12859.7005028863
4204,70.0666666666667,3.3441162791736e-07,0.291229869731389,95.6144617223025,3454.59192255685,12860.1691896251
4206,70.1,3.03699070496075e-07,0.285022986335973,95.6144617316501,3454.67882349484,12860.6314177997
4208,70.1333333333333,2.75765231643109e-07,0.278948365230779,95.6144617401451,3454.76387234086,12861.0872858227
4210,70.1666666666667,2.50362968312872e-07,0.273003190106967,95.6144617478641,3454.84710856124,12861.5368902982
4212,70.2,2.27266694439613e-07,0.267184704441625,95.6144617548772,3454.92857078192,12861.9803260641
4214,70.2333333333333,2.06270541989602e-07,0.261490210244469,95.614461761248,3455.00829680631,12862.4176862338
4216,70.2666666666667,1.87186674945895e-07,0.255917066829472,95.6144617670346,3455.08632363273,12862.8490622362
4218,70.3,1.69843743874024e-07,0.250462689611026,95.61446177229,3455.16268747153,12863.2745438546
4220,70.3333333333333,1.54085469681296e-07,0.245124548924265,95.6144617770622,3455.23742376183,12863.6942192647
4222,70.3666666666667,1.39769346074394e-07,0.239900168869151,95.6144617813952,3455.3105671879,12864.1081750711
4224,70.4,1.2676545104479e-07,0.234787126177936,95.6144617853288,3455.3821516952,12864.5164963436
4226,70.4333333333333,1.14955358473904e-07,0.2297830491056,95.6144617888995,3455.45221050611,12864.919266651
4228,70.4666666666667,1.04231141654575e-07,0.224885616342888,95.6144617921403,3455.52077613527,12865.3165680958
4230,70.5,9.44944611763129e-08,0.220092555951541,95.6144617950813,3455.58788040468,12865.7084813463
4232,70.5333333333333,8.56557302230141e-08,0.215401644321332,95.61446179775,3455.65355445838,12866.0950856686
4234,70.5666666666667,7.76333508868664e-08,0.210810705148523,95.6144618001712,3455.71782877688,12866.4764589576
4236,70.6,7.0353015614542e-08,0.206317608435348,95.6144618023677,3455.78073319133,12866.8526777674
4238,70.6333333333333,6.37470683745218e-08,0.201920269510148,95.6144618043601,3455.84229689727,12867.2238173398
4240,70.6666666666667,5.77539205705167e-08,0.197616648067762,95.6144618061671,3455.90254846818,12867.5899516336
4242,70.7,5.23175171281445e-08,0.19340474722981,95.6144618078058,3455.96151586875,12867.9511533518
4244,70.7333333333333,4.73868485528121e-08,0.189282612624478,95.6144618092917,3456.01922646778,12868.3074939684
4246,70.7666666666667,4.29155050985068e-08,0.185248331485448,95.6144618106389,3456.07570705093,12868.6590437551
4248,70.8,3.88612695020943e-08,0.181300031769598,95.6144618118603,3456.13098383306,12869.0058718063
4250,70.8333333333333,3.51857450277774e-08,0.177435881293111,95.6144618129673,3456.18508247045,12869.3480460643
4252,70.8666666666667,3.18540158334846e-08,0.173654086885631,95.6144618139707,3456.23802807267,12869.685633343
4254,70.9,2.88343369168587e-08,0.169952893562128,95.61446181488,3456.2898452142,12870.0186993516
4256,70.9333333333333,2.60978511248376e-08,0.166330583712099,95.614461815704,3456.34055794585,12870.3473087176
4258,70.9666666666667,2.36183309190527e-08,0.162785476305784,95.6144618164506,3456.39018980591,12870.6715250089
4260,71,2.13719427808143e-08,0.159315926117046,95.614461817127,3456.43876383106,12870.9914107556
4262,71.0333333333333,1.93370323155866e-08,0.155920322962588,95.6144618177397,3456.48630256705,12871.3070274708
4264,71.0666666666667,1.7493928278784e-08,0.152597090957172,95.6144618182947,3456.53282807915,12871.6184356716
4266,71.1,1.58247638935413e-08,0.149344687784526,95.6144618187974,3456.57836196243,12871.925694899
4268,71.1333333333333,1.43133139678449e-08,0.146161603983615,95.6144618192526,3456.6229253517,12872.2288637371
4270,71.1666666666667,1.29448464440187e-08,0.143046362249964,95.6144618196648,3456.66653893139,12872.5279998327
4272,71.2,1.17059871288972e-08,0.139997516751734,95.614461820038,3456.7092229451,12872.8231599132
4274,71.2333333333333,1.05845964589093e-08,0.137013652460238,95.6144618203759,3456.75099720499,12873.1143998052
4276,71.2666666666667,9.56965725148556e-09,0.134093384494609,95.6144618206818,3456.79188110101,12873.401774452
4278,71.3,8.6511724833741e-09,0.131235357480326,95.6144618209587,3456.83189360985,12873.6853379304
4280,71.3333333333333,7.82007221825831e-09,0.128438244921312,95.6144618212092,3456.87105330378,12873.965143468
4282,71.3666666666667,7.06812888108557e-09,0.125700748585327,95.614461821436,3456.90937835923,12874.2412434592
4284,71.4,6.38788014529952e-09,0.123021597902377,95.6144618216412,3456.94688656528,12874.5136894811
4286,71.4333333333333,5.77255876221226e-09,0.120399549375866,95.6144618218269,3456.98359533185,12874.7825323092
4288,71.4666666666667,5.21602871952473e-09,0.117833386006242,95.6144618219949,3457.01952169782,12875.0478219327
4290,71.5,4.71272716892928e-09,0.115321916726852,95.6144618221469,3457.05468233892,12875.3096075689
4292,71.5333333333333,4.25761161120256e-09,0.11286397585177,95.6144618222844,3457.0890935755,12875.5679376779
4294,71.5666666666667,3.84611187158258e-09,0.110458422535347,95.6144618224088,3457.12277138004,12875.8228599768
4296,71.6,3.47408643885517e-09,0.108104140243229,95.6144618225213,3457.15573138463,12876.0744214531
4298,71.6333333333333,3.13778277876101e-09,0.105800036234602,95.614461822623,3457.18798888816,12876.3226683786
4300,71.6666666666667,2.83380126635776e-09,0.103545041055446,95.614461822715,3457.2195588635,12876.567646322
4302,71.7,2.55906241309464e-09,0.101338108042545,95.6144618227982,3457.25045596435,12876.8094001623
4304,71.7333333333333,2.31077709281886e-09,0.09917821283804,95.6144618228735,3457.28069453214,12877.0479741008
4306,71.7666666666667,2.08641949695579e-09,0.0970643529142995,95.6144618229415,3457.31028860261,12877.2834116736
4308,71.8,1.88370257289116e-09,0.0949955471088902,95.6144618230029,3457.33925191236,12877.5157557635
4310,71.8333333333333,1.70055572132074e-09,0.0929708351694362,95.6144618230585,3457.36759790522,12877.7450486117
4312,71.8666666666667,1.53510454819267e-09,0.0909892773081565,95.6144618231088,3457.39533973848,12877.9713318289
4314,71.9,1.38565248500749e-09,0.0890499537658775,95.6144618231542,3457.42249028902,12878.1946464071
4316,71.9333333333333,1.25066410780676e-09,0.0871519643853205,95.6144618231952,3457.44906215926,12878.41503273
4318,71.9666666666667,1.12875000030498e-09,0.0852944281934676,95.6144618232323,3457.47506768301,12878.6325305835
4320,72,1.01865302042449e-09,0.0834764829928144,95.6144618232658,3457.50051893122,12878.8471791667
4322,72.0333333333333,9.19235842090887e-10,0.081697284961321,95.6144618232961,3457.52542771757,12879.0590171017
4324,72.0666666666667,8.29469655640294e-10,0.0799560082608782,95.6144618233235,3457.54980560392,12879.2680824436
4326,72.1,7.48423920673693e-10,0.0782518446541068,95.6144618233482,3457.57366390573,12879.4744126904
4328,72.1333333333333,6.75257074754707e-10,0.0765840031293154,95.6144618233705,3457.59701369729,12879.6780447922
4330,72.1666666666667,6.09208110064157e-10,0.0749517095334419,95.6144618233907,3457.61986581684,12879.879015161
4332,72.2,5.49588938070849e-10,0.0733542062128107,95.6144618234089,3457.64223087164,12880.0773596795
4334,72.2333333333333,4.95777469519722e-10,0.0717907516615394,95.6144618234254,3457.66411924286,12880.2731137101
4336,72.2666666666667,4.47211343636644e-10,0.0702606201774322,95.6144618234402,3457.6855410904,12880.4663121037
4338,72.3,4.03382246459901e-10,0.0687631015252015,95.6144618234537,3457.70650635764,12880.6569892083
4340,72.3333333333333,3.63830763682719e-10,0.0672975006068627,95.6144618234658,3457.727024776,12880.8451788772
4342,72.3666666666667,3.28141718375937e-10,0.0658631371391475,95.6144618234768,3457.74710586951,12881.0309144774
4344,72.4,2.95939948498028e-10,0.0644593453377904,95.6144618234867,3457.7667589592,12881.2142288975
4346,72.4333333333333,2.66886483230157e-10,0.0630854736085383,95.6144618234956,3457.78599316745,12881.3951545559
4348,72.4666666666667,2.40675080932826e-10,0.0617408842447431,95.6144618235037,3457.80481742218,12881.5737234078
4350,72.5,2.17029094940507e-10,0.0604249531313961,95.614461823511,3457.82324046106,12881.7499669535
4352,72.5333333333333,1.95698636521562e-10,0.0591370694554675,95.6144618235175,3457.84127083548,12881.9239162455
4354,72.5666666666667,1.76458007160003e-10,0.0578766354224172,95.6144618235235,3457.85891691461,12882.0956018956
4356,72.6,1.59103374888221e-10,0.0566430659787447,95.6144618235288,3457.87618688923,12882.2650540823
4358,72.6333333333333,1.43450671738613e-10,0.0554357885404511,95.6144618235337,3457.89308877554,12882.4323025575
4360,72.6666666666667,1.29333691507842e-10,0.0542542427272855,95.6144618235381,3457.90963041888,12882.5973766536
4362,72.7,1.16602368959332e-10,0.0530978801026551,95.614461823542,3457.92581949739,12882.7603052898
4364,72.7333333333333,1.05121223344865e-10,0.0519661639190759,95.6144618235456,3457.94166352555,12882.9211169792
4366,72.7666666666667,9.47679507207482e-11,0.050858568869048,95.6144618235488,3457.95716985768,12883.0798398347
4368,72.8,8.54321509822119e-11,0.0497745808412388,95.6144618235517,3457.97234569136,12883.2365015756
4370,72.8333333333333,7.70141768549477e-11,0.0487136966818627,95.6144618235543,3457.98719807076,12883.3911295337
4372,72.8666666666667,6.94240932767198e-11,0.0476754239611439,95.6144618235566,3458.0017338899,12883.5437506595
4374,72.9,6.25807366859776e-11,0.0466592807447573,95.6144618235588,3458.01595989588,12883.694391528
4376,72.9333333333333,5.64108647182041e-11,0.0456647953701392,95.6144618235607,3458.02988269198,12883.8430783445
4378,72.9666666666667,5.08483877035097e-11,0.0446915062275647,95.6144618235624,3458.04350874074,12883.9898369504
4380,73,4.58336741689997e-11,0.0437389615458912,95.614461823564,3458.05684436698,12884.134692829
4382,73.0333333333333,4.1312923284246e-11,0.0428067191828666,95.6144618235654,3458.06989576069,12884.2776711106
4384,73.0666666666667,3.72375978546675e-11,0.0418943464199079,95.6144618235667,3458.08266897993,12884.4187965784
4386,73.1,3.35639120720072e-11,0.0410014197612512,95.6144618235679,3458.09516995366,12884.5580936735
4388,73.1333333333333,3.02523687790915e-11,0.0401275247373843,95.6144618235689,3458.10740448445,12884.6955865
4390,73.1666666666667,2.72673415028549e-11,0.0392722557126665,95.6144618235698,3458.11937825121,12884.8312988306
4392,73.2,2.45766969599063e-11,0.0384352156970499,95.6144618235707,3458.1310968118,12884.9652541111
4394,73.2333333333333,2.21514541470104e-11,0.0376160161618118,95.6144618235715,3458.14256560563,12885.0974754658
4396,73.2666666666667,1.99654764986441e-11,0.0368142768592157,95.6144618235721,3458.15378995617,12885.2279857018
4398,73.3,1.79951939288102e-11,0.0360296256460146,95.6144618235728,3458.16477507343,12885.3568073143
4400,73.3333333333333,1.62193518777788e-11,0.0352616983107163,95.6144618235733,3458.17552605637,12885.4839624911
4402,73.3666666666667,1.46187847592984e-11,0.0345101384045299,95.6144618235738,3458.18604789528,12885.609473117
4404,73.4,1.31762114527437e-11,0.0337745970759154,95.6144618235743,3458.19634547408,12885.7333607785
4406,73.4333333333333,1.18760507100576e-11,0.0330547329086596,95.6144618235747,3458.2064235726,12885.8556467681
4408,73.4666666666667,1.07042545514012e-11,0.0323502117634028,95.6144618235751,3458.21628686879,12885.9763520889
4410,73.5,9.64815790813363e-12,0.0316607066225426,95.6144618235754,3458.22593994091,12886.0954974587
4412,73.5333333333333,8.69634293892734e-12,0.0309858974384445,95.6144618235757,3458.23538726962,12886.2131033139
4414,73.5666666666667,7.83851659611335e-12,0.0303254709848862,95.614461823576,3458.24463324009,12886.3291898145
4416,73.6,7.06540015624474e-12,0.0296791207116689,95.6144618235763,3458.25368214402,12886.443776847
4418,73.6333333333333,6.36862955271962e-12,0.0290465466023266,95.6144618235765,3458.26253818165,12886.5568840296
4420,73.6666666666667,5.74066546034006e-12,0.0284274550348694,95.6144618235767,3458.27120546368,12886.668530715
4422,73.7,5.1747121830199e-12,0.0278215586454926,95.6144618235769,3458.27968801321,12886.7787359951
4424,73.7333333333333,4.66464448749997e-12,0.0272285761951931,95.614461823577,3458.28798976758,12886.8875187043
4426,73.7666666666667,4.20494160880164e-12,0.0266482324392265,95.6144618235772,3458.29611458023,12886.9948974235
4428,73.8,3.79062772807895e-12,0.0260802579993479,95.6144618235773,3458.30406622245,12887.1008904836
4430,73.8333333333333,3.41721829126956e-12,0.0255243892387749,95.6144618235774,3458.31184838515,12887.2055159692
4432,73.8666666666667,3.08067159817775e-12,0.0249803681398161,95.6144618235776,3458.31946468058,12887.3087917221
4434,73.9,2.77734514696756e-12,0.0244479421841071,95.6144618235776,3458.326918644,12887.4107353446
4436,73.9333333333333,2.50395626906152e-12,0.0239268642354001,95.6144618235777,3458.33421373532,12887.5113642035
4438,73.9666666666667,2.25754663463765e-12,0.0234168924248501,95.6144618235778,3458.3413533407,12887.6106954327
4440,74,2.03545024975545e-12,0.0229177900387481,95.6144618235779,3458.34834077414,12887.7087459372
4442,74.0333333333333,1.8352646030359e-12,0.0224293254086447,95.614461823578,3458.35517927899,12887.8055323959
4444,74.0666666666667,1.65482465314924e-12,0.0219512718038181,95.614461823578,3458.36187202948,12887.901071265
4446,74.1,1.4921793784688e-12,0.0214834073260318,95.6144618235781,3458.36842213219,12887.9953787811
4448,74.1333333333333,1.3455706374379e-12,0.0210255148065365,95.6144618235781,3458.37483262748,12888.0884709645
4450,74.1666666666667,1.21341411275136e-12,0.0205773817052676,95.6144618235782,3458.38110649092,12888.180363622
4452,74.2,1.09428213462452e-12,0.0201388000121897,95.6144618235782,3458.38724663464,12888.2710723498
4454,74.2333333333333,9.86888198442033e-13,0.0197095661507455,95.6144618235782,3458.39325590872,12888.3606125371
4456,74.2666666666667,8.90073010152531e-13,0.0192894808833615,95.6144618235783,3458.39913710247,12888.4489993682
4458,74.3,8.02791909090623e-13,0.0188783492189677,95.6144618235783,3458.40489294579,12888.5362478259
4460,74.3333333333333,7.24103532635681e-13,0.0184759803224895,95.6144618235783,3458.41052611035,12888.6223726942
4462,74.3666666666667,6.53159600409493e-13,0.0180821874262668,95.6144618235784,3458.4160392109,12888.707388561
4464,74.4,5.89195707711739e-13,0.0176967877433629,95.6144618235784,3458.42143480647,12888.7913098208
4466,74.4333333333333,5.3152302871858e-13,0.0173196023827202,95.6144618235784,3458.42671540153,12888.8741506776
4468,74.4666666666667,4.79520839738804e-13,0.0169504562661241,95.6144618235784,3458.43188344717,12888.9559251474
4470,74.5,4.32629781636568e-13,0.0165891780469372,95.6144618235785,3458.43694134225,12889.0366470609
4472,74.5333333333333,3.9034578848246e-13,0.0162356000305653,95.6144618235785,3458.44189143448,12889.1163300657
4474,74.5666666666667,3.5221461666907e-13,0.0158895580966187,95.6144618235785,3458.44673602156,12889.1949876296
4476,74.6,3.17826915199275e-13,0.0155508916227324,95.6144618235785,3458.4514773522,12889.2726330422
4478,74.6333333333333,2.86813783693254e-13,0.0152194434100101,95.6144618235785,3458.45611762718,12889.349279418
4480,74.6666666666667,2.58842769925781e-13,0.0148950596100569,95.6144618235785,3458.46065900039,12889.4249396986
