Time_min,Time_hr,Central_5FU_uM,Peripheral_5FU_uM,Liver_5FU_uM,Tumor_5FU_uM
0,0,0,0,0,0
2,0.0333333333333333,0,0,0,0
4,0.0666666666666667,0,0,0,0
6,0.1,0,0,0,0
8,0.133333333333333,0,0,0,0
10,0.166666666666667,0,0,0,0
12,0.2,0,0,0,0
14,0.233333333333333,0,0,0,0
16,0.266666666666667,0,0,0,0
18,0.3,0,0,0,0
20,0.333333333333333,0,0,0,0
22,0.366666666666667,0,0,0,0
24,0.4,0,0,0,0
26,0.433333333333333,0,0,0,0
28,0.466666666666667,0,0,0,0
30,0.5,0,0,0,0
32,0.533333333333333,0,0,0,0
34,0.566666666666667,0,0,0,0
36,0.6,0,0,0,0
38,0.633333333333333,0,0,0,0
40,0.666666666666667,0,0,0,0
42,0.7,0,0,0,0
44,0.733333333333333,0,0,0,0
46,0.766666666666667,0,0,0,0
48,0.8,0,0,0,0
50,0.833333333333333,0,0,0,0
52,0.866666666666667,0,0,0,0
54,0.9,0,0,0,0
56,0.933333333333333,0,0,0,0
58,0.966666666666667,0,0,0,0
60,1,0,0,0,0
62,1.03333333333333,0,0,0,0
64,1.06666666666667,0,0,0,0
66,1.1,0,0,0,0
68,1.13333333333333,0,0,0,0
70,1.16666666666667,0,0,0,0
72,1.2,0,0,0,0
74,1.23333333333333,0,0,0,0
76,1.26666666666667,0,0,0,0
78,1.3,0,0,0,0
80,1.33333333333333,0,0,0,0
82,1.36666666666667,0,0,0,0
84,1.4,0,0,0,0
86,1.43333333333333,0,0,0,0
88,1.46666666666667,0,0,0,0
90,1.5,0,0,0,0
92,1.53333333333333,0,0,0,0
94,1.56666666666667,0,0,0,0
96,1.6,0,0,0,0
98,1.63333333333333,0,0,0,0
100,1.66666666666667,0,0,0,0
102,1.7,0,0,0,0
104,1.73333333333333,0,0,0,0
106,1.76666666666667,0,0,0,0
108,1.8,0,0,0,0
110,1.83333333333333,0,0,0,0
112,1.86666666666667,0,0,0,0
114,1.9,0,0,0,0
116,1.93333333333333,0,0,0,0
118,1.96666666666667,0,0,0,0
120,2,0,0,0,0
122,2.03333333333333,0,0,0,0
124,2.06666666666667,0,0,0,0
126,2.1,0,0,0,0
128,2.13333333333333,0,0,0,0
130,2.16666666666667,0,0,0,0
132,2.2,0,0,0,0
134,2.23333333333333,0,0,0,0
136,2.26666666666667,0,0,0,0
138,2.3,0,0,0,0
140,2.33333333333333,0,0,0,0
142,2.36666666666667,0,0,0,0
144,2.4,0,0,0,0
146,2.43333333333333,0,0,0,0
148,2.46666666666667,0,0,0,0
150,2.5,0,0,0,0
152,2.53333333333333,0,0,0,0
154,2.56666666666667,0,0,0,0
156,2.6,0,0,0,0
158,2.63333333333333,0,0,0,0
160,2.66666666666667,0,0,0,0
162,2.7,0,0,0,0
164,2.73333333333333,0,0,0,0
166,2.76666666666667,0,0,0,0
168,2.8,0,0,0,0
170,2.83333333333333,0,0,0,0
172,2.86666666666667,0,0,0,0
174,2.9,0,0,0,0
176,2.93333333333333,0,0,0,0
178,2.96666666666667,0,0,0,0
180,3,0,0,0,0
182,3.03333333333333,0,0,0,0
184,3.06666666666667,0,0,0,0
186,3.1,0,0,0,0
188,3.13333333333333,0,0,0,0
190,3.16666666666667,0,0,0,0
192,3.2,0,0,0,0
194,3.23333333333333,0,0,0,0
196,3.26666666666667,0,0,0,0
198,3.3,0,0,0,0
200,3.33333333333333,0,0,0,0
202,3.36666666666667,0,0,0,0
204,3.4,0,0,0,0
206,3.43333333333333,0,0,0,0
208,3.46666666666667,0,0,0,0
210,3.5,0,0,0,0
212,3.53333333333333,0,0,0,0
214,3.56666666666667,0,0,0,0
216,3.6,0,0,0,0
218,3.63333333333333,0,0,0,0
220,3.66666666666667,0,0,0,0
222,3.7,0,0,0,0
224,3.73333333333333,0,0,0,0
226,3.76666666666667,0,0,0,0
228,3.8,0,0,0,0
230,3.83333333333333,0,0,0,0
232,3.86666666666667,0,0,0,0
234,3.9,0,0,0,0
236,3.93333333333333,0,0,0,0
238,3.96666666666667,0,0,0,0
240,4,0,0,0,0
242,4.03333333333333,0,0,0,0
244,4.06666666666667,0,0,0,0
246,4.1,0,0,0,0
248,4.13333333333333,0,0,0,0
250,4.16666666666667,0,0,0,0
252,4.2,0,0,0,0
254,4.23333333333333,0,0,0,0
256,4.26666666666667,0,0,0,0
258,4.3,0,0,0,0
260,4.33333333333333,0,0,0,0
262,4.36666666666667,0,0,0,0
264,4.4,0,0,0,0
266,4.43333333333333,0,0,0,0
268,4.46666666666667,0,0,0,0
270,4.5,0,0,0,0
272,4.53333333333333,0,0,0,0
274,4.56666666666667,0,0,0,0
276,4.6,0,0,0,0
278,4.63333333333333,0,0,0,0
280,4.66666666666667,0,0,0,0
282,4.7,0,0,0,0
284,4.73333333333333,0,0,0,0
286,4.76666666666667,0,0,0,0
288,4.8,0,0,0,0
290,4.83333333333333,0,0,0,0
292,4.86666666666667,0,0,0,0
294,4.9,0,0,0,0
296,4.93333333333333,0,0,0,0
298,4.96666666666667,0,0,0,0
300,5,0,0,0,0
302,5.03333333333333,0,0,0,0
304,5.06666666666667,0,0,0,0
306,5.1,0,0,0,0
308,5.13333333333333,0,0,0,0
310,5.16666666666667,0,0,0,0
312,5.2,0,0,0,0
314,5.23333333333333,0,0,0,0
316,5.26666666666667,0,0,0,0
318,5.3,0,0,0,0
320,5.33333333333333,0,0,0,0
322,5.36666666666667,0,0,0,0
324,5.4,0,0,0,0
326,5.43333333333333,0,0,0,0
328,5.46666666666667,0,0,0,0
330,5.5,0,0,0,0
332,5.53333333333333,0,0,0,0
334,5.56666666666667,0,0,0,0
336,5.6,0,0,0,0
338,5.63333333333333,0,0,0,0
340,5.66666666666667,0,0,0,0
342,5.7,0,0,0,0
344,5.73333333333333,0,0,0,0
346,5.76666666666667,0,0,0,0
348,5.8,0,0,0,0
350,5.83333333333333,0,0,0,0
352,5.86666666666667,0,0,0,0
354,5.9,0,0,0,0
356,5.93333333333333,0,0,0,0
358,5.96666666666667,0,0,0,0
360,6,0,0,0,0
362,6.03333333333333,0,0,0,0
364,6.06666666666667,0,0,0,0
366,6.1,0,0,0,0
368,6.13333333333333,0,0,0,0
370,6.16666666666667,0,0,0,0
372,6.2,0,0,0,0
374,6.23333333333333,0,0,0,0
376,6.26666666666667,0,0,0,0
378,6.3,0,0,0,0
380,6.33333333333333,0,0,0,0
382,6.36666666666667,0,0,0,0
384,6.4,0,0,0,0
386,6.43333333333333,0,0,0,0
388,6.46666666666667,0,0,0,0
390,6.5,0,0,0,0
392,6.53333333333333,0,0,0,0
394,6.56666666666667,0,0,0,0
396,6.6,0,0,0,0
398,6.63333333333333,0,0,0,0
400,6.66666666666667,0,0,0,0
402,6.7,0,0,0,0
404,6.73333333333333,0,0,0,0
406,6.76666666666667,0,0,0,0
408,6.8,0,0,0,0
410,6.83333333333333,0,0,0,0
412,6.86666666666667,0,0,0,0
414,6.9,0,0,0,0
416,6.93333333333333,0,0,0,0
418,6.96666666666667,0,0,0,0
420,7,0,0,0,0
422,7.03333333333333,0,0,0,0
424,7.06666666666667,0,0,0,0
426,7.1,0,0,0,0
428,7.13333333333333,0,0,0,0
430,7.16666666666667,0,0,0,0
432,7.2,0,0,0,0
434,7.23333333333333,0,0,0,0
436,7.26666666666667,0,0,0,0
438,7.3,0,0,0,0
440,7.33333333333333,0,0,0,0
442,7.36666666666667,0,0,0,0
444,7.4,0,0,0,0
446,7.43333333333333,0,0,0,0
448,7.46666666666667,0,0,0,0
450,7.5,0,0,0,0
452,7.53333333333333,0,0,0,0
454,7.56666666666667,0,0,0,0
456,7.6,0,0,0,0
458,7.63333333333333,0,0,0,0
460,7.66666666666667,0,0,0,0
462,7.7,0,0,0,0
464,7.73333333333333,0,0,0,0
466,7.76666666666667,0,0,0,0
468,7.8,0,0,0,0
470,7.83333333333333,0,0,0,0
472,7.86666666666667,0,0,0,0
474,7.9,0,0,0,0
476,7.93333333333333,0,0,0,0
478,7.96666666666667,0,0,0,0
480,8,0,0,0,0
482,8.03333333333333,0,0,0,0
484,8.06666666666667,0,0,0,0
486,8.1,0,0,0,0
488,8.13333333333333,0,0,0,0
490,8.16666666666667,0,0,0,0
492,8.2,0,0,0,0
494,8.23333333333333,0,0,0,0
496,8.26666666666667,0,0,0,0
498,8.3,0,0,0,0
500,8.33333333333333,0,0,0,0
502,8.36666666666667,0,0,0,0
504,8.4,0,0,0,0
506,8.43333333333333,0,0,0,0
508,8.46666666666667,0,0,0,0
510,8.5,0,0,0,0
512,8.53333333333333,0,0,0,0
514,8.56666666666667,0,0,0,0
516,8.6,0,0,0,0
518,8.63333333333333,0,0,0,0
520,8.66666666666667,0,0,0,0
522,8.7,0,0,0,0
524,8.73333333333333,0,0,0,0
526,8.76666666666667,0,0,0,0
528,8.8,0,0,0,0
530,8.83333333333333,0,0,0,0
532,8.86666666666667,0,0,0,0
534,8.9,0,0,0,0
536,8.93333333333333,0,0,0,0
538,8.96666666666667,0,0,0,0
540,9,0,0,0,0
542,9.03333333333333,0,0,0,0
544,9.06666666666667,0,0,0,0
546,9.1,0,0,0,0
548,9.13333333333333,0,0,0,0
550,9.16666666666667,0,0,0,0
552,9.2,0,0,0,0
554,9.23333333333333,0,0,0,0
556,9.26666666666667,0,0,0,0
558,9.3,0,0,0,0
560,9.33333333333333,0,0,0,0
562,9.36666666666667,0,0,0,0
564,9.4,0,0,0,0
566,9.43333333333333,0,0,0,0
568,9.46666666666667,0,0,0,0
570,9.5,0,0,0,0
572,9.53333333333333,0,0,0,0
574,9.56666666666667,0,0,0,0
576,9.6,0,0,0,0
578,9.63333333333333,0,0,0,0
580,9.66666666666667,0,0,0,0
582,9.7,0,0,0,0
584,9.73333333333333,0,0,0,0
586,9.76666666666667,0,0,0,0
588,9.8,0,0,0,0
590,9.83333333333333,0,0,0,0
592,9.86666666666667,0,0,0,0
594,9.9,0,0,0,0
596,9.93333333333333,0,0,0,0
598,9.96666666666667,0,0,0,0
600,10,0,0,0,0
602,10.0333333333333,0,0,0,0
604,10.0666666666667,0,0,0,0
606,10.1,0,0,0,0
608,10.1333333333333,0,0,0,0
610,10.1666666666667,0,0,0,0
612,10.2,0,0,0,0
614,10.2333333333333,0,0,0,0
616,10.2666666666667,0,0,0,0
618,10.3,0,0,0,0
620,10.3333333333333,0,0,0,0
622,10.3666666666667,0,0,0,0
624,10.4,0,0,0,0
626,10.4333333333333,0,0,0,0
628,10.4666666666667,0,0,0,0
630,10.5,0,0,0,0
632,10.5333333333333,0,0,0,0
634,10.5666666666667,0,0,0,0
636,10.6,0,0,0,0
638,10.6333333333333,0,0,0,0
640,10.6666666666667,0,0,0,0
642,10.7,0,0,0,0
644,10.7333333333333,0,0,0,0
646,10.7666666666667,0,0,0,0
648,10.8,0,0,0,0
650,10.8333333333333,0,0,0,0
652,10.8666666666667,0,0,0,0
654,10.9,0,0,0,0
656,10.9333333333333,0,0,0,0
658,10.9666666666667,0,0,0,0
660,11,0,0,0,0
662,11.0333333333333,0,0,0,0
664,11.0666666666667,0,0,0,0
666,11.1,0,0,0,0
668,11.1333333333333,0,0,0,0
670,11.1666666666667,0,0,0,0
672,11.2,0,0,0,0
674,11.2333333333333,0,0,0,0
676,11.2666666666667,0,0,0,0
678,11.3,0,0,0,0
680,11.3333333333333,0,0,0,0
682,11.3666666666667,0,0,0,0
684,11.4,0,0,0,0
686,11.4333333333333,0,0,0,0
688,11.4666666666667,0,0,0,0
690,11.5,0,0,0,0
692,11.5333333333333,0,0,0,0
694,11.5666666666667,0,0,0,0
696,11.6,0,0,0,0
698,11.6333333333333,0,0,0,0
700,11.6666666666667,0,0,0,0
702,11.7,0,0,0,0
704,11.7333333333333,0,0,0,0
706,11.7666666666667,0,0,0,0
708,11.8,0,0,0,0
710,11.8333333333333,0,0,0,0
712,11.8666666666667,0,0,0,0
714,11.9,0,0,0,0
716,11.9333333333333,0,0,0,0
718,11.9666666666667,0,0,0,0
720,12,0,0,0,0
722,12.0333333333333,0,0,0,0
724,12.0666666666667,0,0,0,0
726,12.1,0,0,0,0
728,12.1333333333333,0,0,0,0
730,12.1666666666667,0,0,0,0
732,12.2,0,0,0,0
734,12.2333333333333,0,0,0,0
736,12.2666666666667,0,0,0,0
738,12.3,0,0,0,0
740,12.3333333333333,0,0,0,0
742,12.3666666666667,0,0,0,0
744,12.4,0,0,0,0
746,12.4333333333333,0,0,0,0
748,12.4666666666667,0,0,0,0
750,12.5,0,0,0,0
752,12.5333333333333,0,0,0,0
754,12.5666666666667,0,0,0,0
756,12.6,0,0,0,0
758,12.6333333333333,0,0,0,0
760,12.6666666666667,0,0,0,0
762,12.7,0,0,0,0
764,12.7333333333333,0,0,0,0
766,12.7666666666667,0,0,0,0
768,12.8,0,0,0,0
770,12.8333333333333,0,0,0,0
772,12.8666666666667,0,0,0,0
774,12.9,0,0,0,0
776,12.9333333333333,0,0,0,0
778,12.9666666666667,0,0,0,0
780,13,0,0,0,0
782,13.0333333333333,0,0,0,0
784,13.0666666666667,0,0,0,0
786,13.1,0,0,0,0
788,13.1333333333333,0,0,0,0
790,13.1666666666667,0,0,0,0
792,13.2,0,0,0,0
794,13.2333333333333,0,0,0,0
796,13.2666666666667,0,0,0,0
798,13.3,0,0,0,0
800,13.3333333333333,0,0,0,0
802,13.3666666666667,0,0,0,0
804,13.4,0,0,0,0
806,13.4333333333333,0,0,0,0
808,13.4666666666667,0,0,0,0
810,13.5,0,0,0,0
812,13.5333333333333,0,0,0,0
814,13.5666666666667,0,0,0,0
816,13.6,0,0,0,0
818,13.6333333333333,0,0,0,0
820,13.6666666666667,0,0,0,0
822,13.7,0,0,0,0
824,13.7333333333333,0,0,0,0
826,13.7666666666667,0,0,0,0
828,13.8,0,0,0,0
830,13.8333333333333,0,0,0,0
832,13.8666666666667,0,0,0,0
834,13.9,0,0,0,0
836,13.9333333333333,0,0,0,0
838,13.9666666666667,0,0,0,0
840,14,0,0,0,0
842,14.0333333333333,0,0,0,0
844,14.0666666666667,0,0,0,0
846,14.1,0,0,0,0
848,14.1333333333333,0,0,0,0
850,14.1666666666667,0,0,0,0
852,14.2,0,0,0,0
854,14.2333333333333,0,0,0,0
856,14.2666666666667,0,0,0,0
858,14.3,0,0,0,0
860,14.3333333333333,0,0,0,0
862,14.3666666666667,0,0,0,0
864,14.4,0,0,0,0
866,14.4333333333333,0,0,0,0
868,14.4666666666667,0,0,0,0
870,14.5,0,0,0,0
872,14.5333333333333,0,0,0,0
874,14.5666666666667,0,0,0,0
876,14.6,0,0,0,0
878,14.6333333333333,0,0,0,0
880,14.6666666666667,0,0,0,0
882,14.7,0,0,0,0
884,14.7333333333333,0,0,0,0
886,14.7666666666667,0,0,0,0
888,14.8,0,0,0,0
890,14.8333333333333,0,0,0,0
892,14.8666666666667,0,0,0,0
894,14.9,0,0,0,0
896,14.9333333333333,0,0,0,0
898,14.9666666666667,0,0,0,0
900,15,0,0,0,0
902,15.0333333333333,0,0,0,0
904,15.0666666666667,0,0,0,0
906,15.1,0,0,0,0
908,15.1333333333333,0,0,0,0
910,15.1666666666667,0,0,0,0
912,15.2,0,0,0,0
914,15.2333333333333,0,0,0,0
916,15.2666666666667,0,0,0,0
918,15.3,0,0,0,0
920,15.3333333333333,0,0,0,0
922,15.3666666666667,0,0,0,0
924,15.4,0,0,0,0
926,15.4333333333333,0,0,0,0
928,15.4666666666667,0,0,0,0
930,15.5,0,0,0,0
932,15.5333333333333,0,0,0,0
934,15.5666666666667,0,0,0,0
936,15.6,0,0,0,0
938,15.6333333333333,0,0,0,0
940,15.6666666666667,0,0,0,0
940.2,15.67,0,0,0,0
940.4,15.6733333333333,0,0,0,0
940.6,15.6766666666667,0,0,0,0
940.8,15.68,0,0,0,0
941,15.6833333333333,0,0,0,0
941.2,15.6866666666667,0,0,0,0
941.4,15.69,0,0,0,0
941.6,15.6933333333333,0,0,0,0
941.8,15.6966666666667,0,0,0,0
942,15.7,0,0,0,0
942.2,15.7033333333333,0,0,0,0
942.4,15.7066666666667,0,0,0,0
942.6,15.71,0,0,0,0
942.8,15.7133333333333,0,0,0,0
943,15.7166666666667,0,0,0,0
943.2,15.72,0,0,0,0
943.4,15.7233333333333,0,0,0,0
943.6,15.7266666666667,0,0,0,0
943.8,15.73,0,0,0,0
944,15.7333333333333,0,0,0,0
944.2,15.7366666666667,0,0,0,0
944.4,15.74,0,0,0,0
944.6,15.7433333333333,0,0,0,0
944.8,15.7466666666667,0,0,0,0
945,15.75,0,0,0,0
945.2,15.7533333333333,0,0,0,0
945.4,15.7566666666667,0,0,0,0
945.6,15.76,0,0,0,0
945.8,15.7633333333333,0,0,0,0
946,15.7666666666667,0,0,0,0
946.2,15.77,0,0,0,0
946.4,15.7733333333333,0,0,0,0
946.6,15.7766666666667,0,0,0,0
946.8,15.78,0,0,0,0
947,15.7833333333333,0,0,0,0
947.2,15.7866666666667,0,0,0,0
947.4,15.79,0,0,0,0
947.6,15.7933333333333,0,0,0,0
947.8,15.7966666666667,0,0,0,0
948,15.8,0,0,0,0
948.2,15.8033333333333,0,0,0,0
948.4,15.8066666666667,0,0,0,0
948.6,15.81,0,0,0,0
948.8,15.8133333333333,0,0,0,0
949,15.8166666666667,0,0,0,0
949.2,15.82,0,0,0,0
949.4,15.8233333333333,0,0,0,0
949.6,15.8266666666667,0,0,0,0
949.8,15.83,0,0,0,0
950,15.8333333333333,0,0,0,0
950.2,15.8366666666667,0,0,0,0
950.4,15.84,0,0,0,0
950.6,15.8433333333333,0,0,0,0
950.8,15.8466666666667,0,0,0,0
951,15.85,0,0,0,0
951.2,15.8533333333333,0,0,0,0
951.4,15.8566666666667,0,0,0,0
951.6,15.86,0,0,0,0
951.8,15.8633333333333,0,0,0,0
952,15.8666666666667,0,0,0,0
952.2,15.87,0,0,0,0
952.4,15.8733333333333,0,0,0,0
952.6,15.8766666666667,0,0,0,0
952.8,15.88,0,0,0,0
953,15.8833333333333,0,0,0,0
953.2,15.8866666666667,0,0,0,0
953.4,15.89,0,0,0,0
953.6,15.8933333333333,0,0,0,0
953.8,15.8966666666667,0,0,0,0
954,15.9,0,0,0,0
954.2,15.9033333333333,0,0,0,0
954.4,15.9066666666667,0,0,0,0
954.6,15.91,0,0,0,0
954.8,15.9133333333333,0,0,0,0
955,15.9166666666667,0,0,0,0
955.2,15.92,0,0,0,0
955.4,15.9233333333333,0,0,0,0
955.6,15.9266666666667,0,0,0,0
955.8,15.93,0,0,0,0
956,15.9333333333333,0,0,0,0
956.2,15.9366666666667,0,0,0,0
956.4,15.94,0,0,0,0
956.6,15.9433333333333,0,0,0,0
956.8,15.9466666666667,0,0,0,0
957,15.95,0,0,0,0
957.2,15.9533333333333,0,0,0,0
957.4,15.9566666666667,0,0,0,0
957.6,15.96,0,0,0,0
957.8,15.9633333333333,0,0,0,0
958,15.9666666666667,0,0,0,0
958.2,15.97,0,0,0,0
958.4,15.9733333333333,0,0,0,0
958.6,15.9766666666667,0,0,0,0
958.8,15.98,0,0,0,0
959,15.9833333333333,0,0,0,0
959.2,15.9866666666667,0,0,0,0
959.4,15.99,0,0,0,0
959.6,15.9933333333333,0,0,0,0
959.8,15.9966666666667,0,0,0,0
960,16,0,0,0,0
960.2,16.0033333333333,0,0,0,0
960.4,16.0066666666667,0,0,0,0
960.6,16.01,0,0,0,0
960.8,16.0133333333333,0,0,0,0
961,16.0166666666667,0,0,0,0
961.2,16.02,0,0,0,0
961.4,16.0233333333333,0,0,0,0
961.6,16.0266666666667,0,0,0,0
961.8,16.03,0,0,0,0
962,16.0333333333333,0,0,0,0
962.2,16.0366666666667,0,0,0,0
962.4,16.04,0,0,0,0
962.6,16.0433333333333,0,0,0,0
962.8,16.0466666666667,0,0,0,0
963,16.05,0,0,0,0
963.2,16.0533333333333,0,0,0,0
963.4,16.0566666666667,0,0,0,0
963.6,16.06,0,0,0,0
963.8,16.0633333333333,0,0,0,0
964,16.0666666666667,0,0,0,0
964.2,16.07,0,0,0,0
964.4,16.0733333333333,0,0,0,0
964.6,16.0766666666667,0,0,0,0
964.8,16.08,0,0,0,0
965,16.0833333333333,0,0,0,0
965.2,16.0866666666667,0,0,0,0
965.4,16.09,0,0,0,0
965.6,16.0933333333333,0,0,0,0
965.8,16.0966666666667,0,0,0,0
966,16.1,0,0,0,0
966.2,16.1033333333333,0,0,0,0
966.4,16.1066666666667,0,0,0,0
966.6,16.11,0,0,0,0
966.8,16.1133333333333,0,0,0,0
967,16.1166666666667,0,0,0,0
967.2,16.12,0,0,0,0
967.4,16.1233333333333,0,0,0,0
967.6,16.1266666666667,0,0,0,0
967.8,16.13,0,0,0,0
968,16.1333333333333,0,0,0,0
968.2,16.1366666666667,0,0,0,0
968.4,16.14,0,0,0,0
968.6,16.1433333333333,0,0,0,0
968.8,16.1466666666667,0,0,0,0
969,16.15,0,0,0,0
969.2,16.1533333333333,0,0,0,0
969.4,16.1566666666667,0,0,0,0
969.6,16.16,0,0,0,0
969.8,16.1633333333333,0,0,0,0
970,16.1666666666667,0,0,0,0
970.2,16.17,0,0,0,0
970.4,16.1733333333333,0,0,0,0
970.6,16.1766666666667,0,0,0,0
970.8,16.18,0,0,0,0
971,16.1833333333333,0,0,0,0
971.2,16.1866666666667,0,0,0,0
971.4,16.19,0,0,0,0
971.6,16.1933333333333,0,0,0,0
971.8,16.1966666666667,0,0,0,0
972,16.2,0,0,0,0
972.2,16.2033333333333,0,0,0,0
972.4,16.2066666666667,0,0,0,0
972.6,16.21,0,0,0,0
972.8,16.2133333333333,0,0,0,0
973,16.2166666666667,0,0,0,0
973.2,16.22,0,0,0,0
973.4,16.2233333333333,0,0,0,0
973.6,16.2266666666667,0,0,0,0
973.8,16.23,0,0,0,0
974,16.2333333333333,0,0,0,0
974.2,16.2366666666667,0,0,0,0
974.4,16.24,0,0,0,0
974.6,16.2433333333333,0,0,0,0
974.8,16.2466666666667,0,0,0,0
975,16.25,0,0,0,0
975.2,16.2533333333333,0,0,0,0
975.4,16.2566666666667,0,0,0,0
975.6,16.26,0,0,0,0
975.8,16.2633333333333,0,0,0,0
976,16.2666666666667,0,0,0,0
976.2,16.27,0,0,0,0
976.4,16.2733333333333,0,0,0,0
976.6,16.2766666666667,0,0,0,0
976.8,16.28,0,0,0,0
977,16.2833333333333,0,0,0,0
977.2,16.2866666666667,0,0,0,0
977.4,16.29,0,0,0,0
977.6,16.2933333333333,0,0,0,0
977.8,16.2966666666667,0,0,0,0
978,16.3,0,0,0,0
978.2,16.3033333333333,0,0,0,0
978.4,16.3066666666667,0,0,0,0
978.6,16.31,0,0,0,0
978.8,16.3133333333333,0,0,0,0
979,16.3166666666667,0,0,0,0
979.2,16.32,0,0,0,0
979.4,16.3233333333333,0,0,0,0
979.6,16.3266666666667,0,0,0,0
979.8,16.33,0,0,0,0
980,16.3333333333333,0,0,0,0
980.2,16.3366666666667,0,0,0,0
980.4,16.34,0,0,0,0
980.6,16.3433333333333,0,0,0,0
980.8,16.3466666666667,0,0,0,0
981,16.35,0,0,0,0
981.2,16.3533333333333,0,0,0,0
981.4,16.3566666666667,0,0,0,0
981.6,16.36,0,0,0,0
981.8,16.3633333333333,0,0,0,0
982,16.3666666666667,0,0,0,0
982.2,16.37,0,0,0,0
982.4,16.3733333333333,0,0,0,0
982.6,16.3766666666667,0,0,0,0
982.8,16.38,0,0,0,0
983,16.3833333333333,0,0,0,0
983.2,16.3866666666667,0,0,0,0
983.4,16.39,0,0,0,0
983.6,16.3933333333333,0,0,0,0
983.8,16.3966666666667,0,0,0,0
984,16.4,0,0,0,0
984.2,16.4033333333333,0,0,0,0
984.4,16.4066666666667,0,0,0,0
984.6,16.41,0,0,0,0
984.8,16.4133333333333,0,0,0,0
985,16.4166666666667,0,0,0,0
985.2,16.42,0,0,0,0
985.4,16.4233333333333,0,0,0,0
985.6,16.4266666666667,0,0,0,0
985.8,16.43,0,0,0,0
986,16.4333333333333,0,0,0,0
986.2,16.4366666666667,0,0,0,0
986.4,16.44,0,0,0,0
986.6,16.4433333333333,0,0,0,0
986.8,16.4466666666667,0,0,0,0
987,16.45,0,0,0,0
987.2,16.4533333333333,0,0,0,0
987.4,16.4566666666667,0,0,0,0
987.6,16.46,0,0,0,0
987.8,16.4633333333333,0,0,0,0
988,16.4666666666667,0,0,0,0
988.2,16.47,0,0,0,0
988.4,16.4733333333333,0,0,0,0
988.6,16.4766666666667,0,0,0,0
988.8,16.48,0,0,0,0
989,16.4833333333333,0,0,0,0
989.2,16.4866666666667,0,0,0,0
989.4,16.49,0,0,0,0
989.6,16.4933333333333,0,0,0,0
989.8,16.4966666666667,0,0,0,0
990,16.5,0,0,0,0
990.2,16.5033333333333,0,0,0,0
990.4,16.5066666666667,0,0,0,0
990.6,16.51,0,0,0,0
990.8,16.5133333333333,0,0,0,0
991,16.5166666666667,0,0,0,0
991.2,16.52,0,0,0,0
991.4,16.5233333333333,0,0,0,0
991.6,16.5266666666667,0,0,0,0
991.8,16.53,0,0,0,0
992,16.5333333333333,0,0,0,0
992.2,16.5366666666667,0,0,0,0
992.4,16.54,0,0,0,0
992.6,16.5433333333333,0,0,0,0
992.8,16.5466666666667,0,0,0,0
993,16.55,0,0,0,0
993.2,16.5533333333333,0,0,0,0
993.4,16.5566666666667,0,0,0,0
993.6,16.56,0,0,0,0
993.8,16.5633333333333,0,0,0,0
994,16.5666666666667,0,0,0,0
994.2,16.57,0,0,0,0
994.4,16.5733333333333,0,0,0,0
994.6,16.5766666666667,0,0,0,0
994.8,16.58,0,0,0,0
995,16.5833333333333,0,0,0,0
995.2,16.5866666666667,0,0,0,0
995.4,16.59,0,0,0,0
995.6,16.5933333333333,0,0,0,0
995.8,16.5966666666667,0,0,0,0
996,16.6,0,0,0,0
996.2,16.6033333333333,0,0,0,0
996.4,16.6066666666667,0,0,0,0
996.6,16.61,0,0,0,0
996.8,16.6133333333333,0,0,0,0
997,16.6166666666667,0,0,0,0
997.2,16.62,0,0,0,0
997.4,16.6233333333333,0,0,0,0
997.6,16.6266666666667,0,0,0,0
997.8,16.63,0,0,0,0
998,16.6333333333333,0,0,0,0
998.2,16.6366666666667,0,0,0,0
998.4,16.64,0,0,0,0
998.6,16.6433333333333,0,0,0,0
998.8,16.6466666666667,0,0,0,0
999,16.65,0,0,0,0
999.2,16.6533333333333,0,0,0,0
999.4,16.6566666666667,0,0,0,0
999.6,16.66,0,0,0,0
999.8,16.6633333333333,0,0,0,0
1000,16.6666666666667,0,0,0,0
1000.2,16.67,0.0756897834071776,0.00039581869032994,5.04870778482067e-05,0.0147018370693978
1000.4,16.6733333333333,0.138840874426832,0.0022271148063633,0.000284941465344248,0.0533722072193789
1000.6,16.6766666666667,0.191729900338287,0.00523339804054381,0.000671669527833434,0.0895979578495207
1000.8,16.68,0.236144296291622,0.00920094971964964,0.00118465242753374,0.120531800005481
1001,16.6833333333333,0.273531502840848,0.0139532430283489,0.00180237616573545,0.146603460256149
1001.2,16.6866666666667,0.305075534877283,0.0193440031639244,0.00250698803443098,0.168569544923968
1001.4,16.69,0.331750183297856,0.0252517635201021,0.00328363620728327,0.187110226315933
1001.6,16.6933333333333,0.354359496559132,0.031575497923762,0.00411994051030563,0.20279418299333
1001.8,16.6966666666667,0.373569467231687,0.0382310814269305,0.00500556398791772,0.216092464578142
1002,16.7,0.389933174123214,0.0451484037021616,0.00593186374039972,0.227395549829427
1002.2,16.7033333333333,0.403910922032852,0.0522690026360333,0.00689160487090826,0.23702782190891
1002.4,16.7066666666667,0.415886498429397,0.0595441162059716,0.00787872512353976,0.245259310741934
1002.6,16.71,0.426180380113118,0.0669330730862802,0.00888814053333443,0.252315198122991
1002.8,16.7133333333333,0.435060520313241,0.0744019591946747,0.0099155844592583,0.258383546911023
1003,16.7166666666667,0.442751199931751,0.0819225101589419,0.0109574739299093,0.26362161769824
1003.2,16.72,0.449440318532127,0.0894711895350651,0.0120107984324532,0.268161054127122
1003.4,16.7233333333333,0.455285419830308,0.0970284202976313,0.0130730272111586,0.272112155711742
1003.6,16.7266666666667,0.460418685178434,0.104577943185309,0.0141420318787056,0.275567410115788
1003.8,16.73,0.464951081530374,0.112106280306088,0.0152160217288195,0.278604421217681
1004,16.7333333333333,0.468975813917911,0.119602286272514,0.0162934896075588,0.281288341931808
1004.2,16.7366666666667,0.472571203898079,0.127056772256653,0.0173731665785243,0.283673899508579
1004.4,16.74,0.475803092844958,0.134462190887658,0.0184539839238986,0.285807084373903
1004.6,16.7433333333333,0.478726850955779,0.141812371981622,0.0195350412732325,0.287726560383746
1004.8,16.7466666666667,0.481389058388146,0.149102300787711,0.0206155798567082,0.289464843852576
1005,16.75,0.483828913268611,0.156327931828792,0.0216949600480581,0.291049290265929
1005.2,16.7533333333333,0.486079411826199,0.163486032565439,0.0227726425012626,0.29250292075746
1005.4,16.7566666666667,0.488168338159774,0.17057405206514,0.0238481723001861,0.293845114879211
1005.6,16.76,0.490119094798164,0.177590010649083,0.0249211656356924,0.295092191659195
1005.8,16.7633333333333,0.49195139998647,0.184532407146351,0.0259912986040915,0.296257897221007
1006,16.7666666666667,0.493681873318074,0.191400140933205,0.0270582977868358,0.297353814178314
1006.2,16.77,0.49532452776059,0.198192446391872,0.0281219323264493,0.298389705488472
1006.4,16.7733333333333,0.496891183160618,0.204908837805184,0.0291820072597136,0.299373803355765
1006.6,16.7766666666667,0.498391813848106,0.211549063022468,0.0302383579075884,0.300313052036901
1006.8,16.78,0.499834840908705,0.218113064499345,0.0312908451535451,0.301213311956113
1007,16.7833333333333,0.501227377980459,0.224600946538015,0.0323393514689815,0.302079531333183
1007.2,16.7866666666667,0.502575438001091,0.23101294774209,0.033383777566962,0.302915890523133
1007.4,16.79,0.503884107136454,0.237349417857604,0.0344240395845201,0.303725923427192
1007.6,16.7933333333333,0.505157691119922,0.243610798303829,0.0354600667096524,0.304512619632878
1007.8,16.7966666666667,0.506399838394225,0.249797605808374,0.0364917991824887,0.305278510353641
1008,16.8,0.507613643744636,0.255910418654363,0.0375191866113634,0.306025740746502
1008.2,16.8033333333333,0.50880173552311,0.261949865125501,0.0385421865539039,0.306756130773608
1008.4,16.8066666666667,0.509966349068513,0.267916613800823,0.0395607633212066,0.307471226427742
1008.6,16.81,0.511109388513006,0.273811365406058,0.0405748869698039,0.308172342851494
1008.8,16.8133333333333,0.512232478816022,0.279634845975037,0.0415845324517262,0.308860600636089
1009,16.8166666666667,0.513337009574482,0.28538780111375,0.0425896788976872,0.30953695638122
1009.2,16.82,0.514424171911802,0.291070991192366,0.0435903090123487,0.310202228425292
1009.4,16.8233333333333,0.515494989541433,0.29668518731836,0.0445864085639815,0.310857118510964
1009.6,16.8266666666667,0.516550344926828,0.302231167967013,0.0455779659536201,0.311502230029497
1009.8,16.83,0.517591001313489,0.307709716165168,0.0465649718511659,0.312138083385253
1010,16.8333333333333,0.518617621285872,0.313121617140658,0.0475474188878979,0.312765128935902
1010.2,16.8366666666667,0.519630782398448,0.31846765636355,0.0485253013964828,0.313383757891653
1010.4,16.84,0.52063099034329,0.323748617917154,0.0494986151910201,0.313994311496132
1010.6,16.8433333333333,0.521618690043335,0.32896528314647,0.0504673573808115,0.314597088760423
1010.8,16.8466666666667,0.522594274998907,0.334118429540024,0.0514315262125458,0.315192352978829
1011,16.85,0.523558095163285,0.339208829808064,0.0523911209364437,0.315780337218744
1011.2,16.8533333333333,0.524510463579465,0.344237251125836,0.0533461416925838,0.316361248946587
1011.4,16.8566666666667,0.525451661973605,0.349204454515705,0.0542965894142538,0.316935273926158
1011.6,16.86,0.526381945469723,0.354111194345968,0.0552424657456524,0.317502579504218
1011.8,16.8633333333333,0.527301546564225,0.358958217927675,0.0561837729716877,0.318063317379946
1012,16.8666666666667,0.528210678476984,0.363746265193844,0.0571205139579928,0.31861762593967
1012.2,16.87,0.5291095379772,0.368476068447761,0.0580526920995455,0.319165632225409
1012.4,16.8733333333333,0.529998307766843,0.373148352169301,0.0589803112765621,0.319707453594941
1012.6,16.8766666666667,0.530877158491347,0.377763832869875,0.0599033758165282,0.320243199122004
1012.8,16.88,0.531746250436265,0.382323218988066,0.0608218904614054,0.320772970777566
1013,16.8833333333333,0.532605734959343,0.386827210819401,0.0617358603392256,0.321296864426642
1013.2,16.8866666666667,0.533455755699631,0.391276500474554,0.0626452909393764,0.321814970669701
1013.4,16.89,0.534296449598742,0.395671771861356,0.0635501880910233,0.322327375553112
1013.6,16.8933333333333,0.535127947763782,0.400013700686604,0.0644505579441795,0.322834161169253
1013.8,16.8966666666667,0.535950376196864,0.404302954474313,0.0653464069530138,0.323335406163613
1014,16.9,0.536763856412171,0.40854019259766,0.0662377418610677,0.323831186163539
1014.2,16.9033333333333,0.537568505958229,0.412726066322177,0.0671245696880776,0.324321574140919
1014.4,16.9066666666667,0.53836443886029,0.416861218858272,0.0680068977181717,0.324806640719187
1014.6,16.91,0.539151765995358,0.42094628542137,0.0688847334892324,0.325286454433409
1014.8,16.9133333333333,0.539930595410421,0.424981893298246,0.0697580847832459,0.325761081950788
1015,16.9166666666667,0.540701032592807,0.428968661918429,0.0706269596175048,0.32623058825782
1015.2,16.92,0.54146318070015,0.432907202929608,0.0714913662365275,0.326695036819314
1015.4,16.9233333333333,0.542217140756309,0.436798120276258,0.0723513131046022,0.327154489713698
1015.6,16.9266666666667,0.542963011818551,0.440642010280773,0.0732068088988618,0.327609007748312
1015.8,16.93,0.543700891120494,0.44443946172648,0.0740578625028132,0.328058650557822
1016,16.9333333333333,0.544430874194601,0.44819105594211,0.0749044830002685,0.328503476688401
1016.2,16.9366666666667,0.545153054977404,0.451897366887239,0.075746679669612,0.328943543669884
1016.4,16.94,0.545867525900157,0.455558961238408,0.0765844619783703,0.329378908077785
1016.6,16.9433333333333,0.546574377967178,0.45917639847561,0.0774178395780427,0.329809625586751
1016.8,16.9466666666667,0.547273700823788,0.462750230968889,0.0782468222991551,0.330235751016774
1017,16.95,0.547965582815467,0.466281004064896,0.0790714201465224,0.330657338373306
1017.2,16.9533333333333,0.548650111039574,0.469769256173172,0.0798916432946832,0.331074440882196
1017.4,16.9566666666667,0.549327371390784,0.473215518852075,0.0807075020834972,0.331487111020266
1017.6,16.96,0.549997448601198,0.476620316894218,0.081519007013886,0.331895400542195
1017.8,16.9633333333333,0.550660426275955,0.479984168411298,0.0823261687436974,0.332299360504263
1018,16.9666666666667,0.551316386925011,0.483307584918292,0.0831289980836939,0.332699041285459
1018.2,16.97,0.551965411991682,0.486591071416899,0.0839275059936404,0.333094492606334
1018.4,16.9733333333333,0.552607581878434,0.48983512647823,0.0847217035784942,0.333485763545947
1018.6,16.9766666666667,0.553242975970325,0.493040242324671,0.0855116020846863,0.333872902557193
1018.8,16.98,0.553871672656453,0.496206904910891,0.086297212896481,0.334255957480755
1019,16.9833333333333,0.554493749349706,0.499335594003999,0.0870785475324223,0.334634975557874
1019.2,16.9866666666667,0.55510928250505,0.502426783262782,0.087855617641846,0.335010003442125
1019.4,16.99,0.555718347636576,0.50548094031606,0.0886284350014674,0.335381087210331
1019.6,16.9933333333333,0.556321019333476,0.508498526840121,0.0893970115120346,0.335748272372748
1019.8,16.9966666666667,0.556917371275096,0.511479998635223,0.0901613591950407,0.336111603882613
1020,17,0.557507476245196,0.514425805701194,0.0909214901895029,0.336471126145154
1020.2,17.0033333333333,0.558091406145517,0.517336392312086,0.091677416748794,0.33682688302613
1020.4,17.0066666666667,0.558669232008753,0.520212197089921,0.0924291512375333,0.337178917859958
1020.6,17.01,0.559241024010998,0.52305365307752,0.0931767061285324,0.3375272734575
1020.8,17.0133333333333,0.559806851483729,0.525861187810395,0.0939200939997891,0.337871992113522
1021,17.0166666666667,0.560366782925392,0.528635223387763,0.0946593275315383,0.338213115613899
1021.2,17.02,0.56092088601262,0.531376176542629,0.0953944195033469,0.338550685242565
1021.4,17.0233333333333,0.56146922761114,0.534084458710993,0.0961253827912611,0.338884741788264
1021.6,17.0266666666667,0.562011873786385,0.536760476100163,0.0968522303650011,0.339215325551097
1021.8,17.03,0.56254888981385,0.539404629756185,0.0975749752851976,0.339542476348913
1022,17.0333333333333,0.563080340189218,0.542017315630417,0.0982936307006806,0.339866233523535
1022.2,17.0366666666667,0.563606288638261,0.544598924645223,0.0990082098458061,0.34018663594685
1022.4,17.04,0.564126798126553,0.547149842758834,0.09971872603783,0.340503722026774
1022.6,17.0433333333333,0.564641930868996,0.549670451029361,0.100425192674326,0.340817529713096
1022.8,17.0466666666667,0.565151748339177,0.552161125677974,0.101127623230641,0.341128096503213
1023,17.05,0.565656311278563,0.554622238151267,0.101826031257397,0.341435459447765
1023.2,17.0533333333333,0.566155679705554,0.557054155182802,0.10252043037803,0.341739655156174
1023.4,17.0566666666667,0.566649912924386,0.559457238853859,0.103210834286369,0.342040719802094
1023.6,17.06,0.567139069533905,0.561831846653396,0.10389725674426,0.342338689128778
1023.8,17.0633333333333,0.567623207436206,0.564178331537219,0.104579711579222,0.342633598454357
1024,17.0666666666667,0.568102383845159,0.566497041986391,0.105258212682141,0.342925482677052
1024.2,17.07,0.568576655294804,0.568788322064869,0.105932774005011,0.343214376280308
1024.4,17.0733333333333,0.569046077647641,0.571052511476397,0.1066034095587,0.34350031333785
1024.6,17.0766666666667,0.569510706102806,0.573289945620654,0.107270133410759,0.343783327518681
1024.8,17.08,0.569970595204133,0.575500955648674,0.107932959683271,0.344063452092005
1025,17.0833333333333,0.570425798848123,0.577685868517531,0.108591902550725,0.344340719932093
1025.2,17.0866666666667,0.570876370291798,0.579845007044321,0.109246976237935,0.344615163523074
1025.4,17.09,0.571322362160466,0.581978689959442,0.109898195017984,0.344886814963677
1025.6,17.0933333333333,0.571763826455376,0.584087231959166,0.110545573210213,0.345155705971906
1025.8,17.0966666666667,0.57220081456129,0.586170943757545,0.111189125178238,0.345421867889656
1026,17.1,0.572633377253952,0.588230132137617,0.111828865327994,0.345685331687273
1026.2,17.1033333333333,0.573061564707461,0.590265100001962,0.112464808105824,0.345946127968057
1026.4,17.1066666666667,0.573485426501569,0.592276146422591,0.113096967996591,0.346204286972707
1026.6,17.11,0.573905011628868,0.594263566690188,0.113725359521823,0.346459838583715
1026.8,17.1133333333333,0.574320368501907,0.59622765236271,0.114349997237897,0.346712812329703
1027,17.1166666666667,0.574731544960212,0.598168691313348,0.11497089573424,0.346963237389706
1027.2,17.12,0.575138588277221,0.600086967777872,0.115588069631573,0.347211142597409
1027.4,17.1233333333333,0.575541545167141,0.60198276240135,0.116201533580178,0.347456556445321
1027.6,17.1266666666667,0.575940461791709,0.603856352284267,0.116811302258198,0.347699507088911
1027.8,17.13,0.57633538376689,0.605708011028046,0.117417390369965,0.347940022350684
1028,17.1333333333333,0.576726356169472,0.607538008779954,0.118019812644355,0.348178129724212
1028.2,17.1366666666667,0.577113423543597,0.609346612277455,0.118618583833174,0.348413856378114
1028.4,17.14,0.577496629907208,0.611134084891964,0.119213718709571,0.348647229159993
1028.6,17.1433333333333,0.577876018758413,0.612900686672038,0.119805232066478,0.348878274600314
1028.8,17.1466666666667,0.57825163308178,0.61464667438601,0.120393138715079,0.349107018916248
1029,17.15,0.578623515354552,0.616372301564059,0.120977453483301,0.349333488015462
1029.2,17.1533333333333,0.578991707552782,0.618077818539741,0.12155819121434,0.349557707499864
1029.4,17.1566666666667,0.579356251157404,0.619763472490975,0.122135366765204,0.349779702669302
1029.6,17.16,0.579717187160221,0.621429507480498,0.122708995005286,0.349999498525223
1029.8,17.1633333333333,0.58007455606983,0.623076164495805,0.123279090814966,0.350217119774281
1030,17.1666666666667,0.58042839791746,0.624703681488542,0.123845669084228,0.350432590831907
1030.2,17.17,0.580778752262757,0.626312293413419,0.124408744711311,0.350645935825831
1030.4,17.1733333333333,0.581125658199489,0.627902232266599,0.124968332601381,0.350857178599565
1030.6,17.1766666666667,0.581469154361181,0.62947372712359,0.125524447665226,0.351066342715842
1030.8,17.18,0.581809278926688,0.631027004176661,0.126077104817976,0.351273451460015
1031,17.1833333333333,0.582146069625693,0.632562286771742,0.126626318977843,0.35147852784341
1031.2,17.1866666666667,0.582479563744147,0.634079795444878,0.127172105064891,0.351681594606646
1031.4,17.19,0.582809798129632,0.635579747958186,0.127714477999821,0.351882674222909
1031.6,17.1933333333333,0.58313680919667,0.637062359335357,0.128253452702782,0.352081788901187
1031.8,17.1966666666667,0.583460632931962,0.638527841896702,0.128789044092205,0.352278960589467
1032,17.2,0.583781304899562,0.639976405293725,0.129321267083654,0.352474210977896
1032.2,17.2033333333333,0.584098860245991,0.641408256543268,0.129850136588706,0.352667561501894
1032.4,17.2066666666667,0.584413333705289,0.642823600061201,0.130375667513841,0.352859033345242
1032.6,17.21,0.584724759604003,0.644222637695682,0.130897874759365,0.353048647443122
1032.8,17.2133333333333,0.585033171866119,0.645605568759986,0.131416773218347,0.353236424485129
1033,17.2166666666667,0.585338604017928,0.646972590064897,0.131932377775573,0.353422384918235
1033.2,17.22,0.585641089192839,0.6483238959507,0.132444703306529,0.353606548949728
1033.4,17.2233333333333,0.585940660136125,0.649659678318741,0.132953764676391,0.353788936550112
1033.6,17.2266666666667,0.586237349209626,0.650980126662592,0.133459576739048,0.353969567455966
1033.8,17.23,0.586531188396375,0.652285428098802,0.133962154336138,0.354148461172776
1034,17.2333333333333,0.586822209305186,0.653575767397257,0.134461512296096,0.35432563697773
1034.2,17.2366666666667,0.587110443175174,0.654851327011141,0.13495766543323,0.354501113922475
1034.4,17.24,0.587395920880226,0.656112287106517,0.135450628546816,0.354674910835847
1034.6,17.2433333333333,0.587678672933415,0.657358825591521,0.135940416420198,0.354847046326562
1034.8,17.2466666666667,0.587958729491362,0.658591118145177,0.136427043819926,0.35501753878588
1035,17.25,0.588236120358544,0.659809338245842,0.136910525494888,0.355186406390229
1035.2,17.2533333333333,0.588510874991546,0.661013657199281,0.13739087617548,0.355353667103804
1035.4,17.2566666666667,0.588783022503269,0.662204244166383,0.13786811057278,0.355519338681131
1035.6,17.26,0.589052591667079,0.663381266190513,0.138342243377741,0.355683438669601
1035.8,17.2633333333333,0.589319610920912,0.664544888224523,0.13881328926041,0.355845984411971
1036,17.2666666666667,0.589584108371319,0.66569527315739,0.139281262869145,0.356006993048836
1036.2,17.27,0.589846111797475,0.666832581840536,0.139746178829866,0.356166481521071
1036.4,17.2733333333333,0.59010564865513,0.667956973113796,0.140208051745309,0.356324466572246
1036.6,17.2766666666667,0.590362746080512,0.669068603831044,0.140666896194305,0.356480964751002
1036.8,17.28,0.590617430894185,0.670167628885509,0.141122726731065,0.356635992413411
1037,17.2833333333333,0.59086972960486,0.671254201234737,0.141575557884488,0.356789565725296
1037.2,17.2866666666667,0.591119668413161,0.672328471925253,0.142025404157478,0.35694170066453
1037.4,17.29,0.591367273215336,0.673390590116894,0.142472280026283,0.357092413023303
1037.6,17.2933333333333,0.591612569606935,0.67444070310683,0.142916199939834,0.357241718410362
1037.8,17.2966666666667,0.591855582886436,0.675478956353281,0.14335717831912,0.357389632253227
1038,17.3,0.592096338058828,0.676505493498914,0.143795229556553,0.357536169800373
1038.2,17.3033333333333,0.592334859839147,0.677520456393955,0.144230368015365,0.357681346123392
1038.4,17.3066666666667,0.592571172655977,0.678523985118988,0.144662608029011,0.357825176119126
1038.6,17.31,0.5928053006549,0.679516218007474,0.145091963900581,0.357967674511772
1038.8,17.3133333333333,0.593037267701909,0.68049729166797,0.145518449902241,0.358108855854967
1039,17.3166666666667,0.593267097386774,0.681467341006062,0.145942080274662,0.358248734533838
1039.2,17.32,0.593494813026374,0.682426499246021,0.146362869226489,0.358387324767037
1039.4,17.3233333333333,0.59372043766798,0.683374897952177,0.1467808309338,0.358524640608747
1039.6,17.3266666666667,0.593943994092506,0.684312667050016,0.147195979539591,0.358660695950659
1039.8,17.33,0.594165504817717,0.685239934847008,0.147608329153271,0.358795504523932
1040,17.3333333333333,0.594384992101391,0.686156828053165,0.148017893850159,0.358929079901127
1040.2,17.3366666666667,0.594602477944453,0.687063471801335,0.148424687671011,0.359061435498114
1040.4,17.34,0.594817984094068,0.687959989667234,0.148828724621539,0.359192584575958
1040.6,17.3433333333333,0.595031532046689,0.688846503689221,0.149230018671956,0.359322540242782
1040.8,17.3466666666667,0.595243143051076,0.689723134387822,0.149628583756527,0.359451315455611
1041,17.35,0.595452838111275,0.690590000784994,0.150024433773129,0.359578923022183
1041.2,17.3533333333333,0.595660637989558,0.691447220423147,0.150417582582824,0.359705375602749
1041.4,17.3566666666667,0.595866563209332,0.692294909383924,0.150808044009443,0.359830685711844
1041.6,17.36,0.596070634058009,0.69313318230673,0.151195831839181,0.359954865720041
1041.8,17.3633333333333,0.596272870589841,0.693962152407037,0.151580959820204,0.360077927855677
1042,17.3666666666667,0.596473292628723,0.694781931494438,0.151963441662259,0.360199884206568
1042.2,17.37,0.596671919770955,0.69559262999048,0.1523432910363,0.36032074672169
1042.4,17.3733333333333,0.596868771387981,0.696394356946261,0.152720521574129,0.360440527212853
1042.6,17.3766666666667,0.597063866629082,0.697187220059806,0.153095146868031,0.360559237356343
1042.8,17.38,0.597257224424048,0.697971325693221,0.153467180470438,0.360676888694551
1043,17.3833333333333,0.597448863485806,0.698746778889615,0.153836635893587,0.36079349263758
1043.2,17.3866666666667,0.597638802313027,0.699513683389818,0.154203526609194,0.360909060464832
1043.4,17.39,0.59782705919269,0.700272141648879,0.15456786604814,0.361023603326574
1043.6,17.3933333333333,0.598013652202624,0.701022254852349,0.154929667600157,0.361137132245488
1043.8,17.3966666666667,0.598198599214011,0.701764122932364,0.155288944613533,0.361249658118201
1044,17.4,0.598381917893867,0.702497844583508,0.155645710394819,0.361361191716796
1044.2,17.4033333333333,0.598563625707482,0.703223517278484,0.155999978208548,0.361471743690302
1044.4,17.4066666666667,0.598743739920843,0.703941237283581,0.156351761276958,0.361581324566169
1044.6,17.41,0.598922277603013,0.704651099673935,0.15670107277973,0.361689944751727
1044.8,17.4133333333333,0.599099255628491,0.705353198348611,0.157047925853733,0.36179761453562
1045,17.4166666666667,0.599274690679542,0.706047626045468,0.157392333592767,0.361904344089226
1045.2,17.42,0.599448599248494,0.706734474355857,0.15773430904733,0.362010143468065
1045.4,17.4233333333333,0.599620997640011,0.707413833739114,0.15807386522438,0.362115022613182
1045.6,17.4266666666667,0.599791901973334,0.708085793536873,0.158411015087109,0.362218991352512
1045.8,17.43,0.599961328184501,0.708750441987197,0.158745771554731,0.362322059402242
1046,17.4333333333333,0.600129292028533,0.709407866238527,0.159078147502263,0.362424236368136
1046.2,17.4366666666667,0.600295809081598,0.710058152363447,0.159408155760327,0.36252553174686
1046.4,17.44,0.600460894743143,0.710701385372279,0.159735809114954,0.362625954927285
1046.6,17.4433333333333,0.600624564238009,0.711337649226504,0.160061120307392,0.362725515191771
1046.8,17.4466666666667,0.600786832618511,0.711967026852007,0.160384102033926,0.362824221717443
1047,17.45,0.600947714766498,0.71258960015215,0.160704766945705,0.362922083577443
1047.2,17.4533333333333,0.601107225395383,0.713205450020686,0.161023127648568,0.363019109742169
1047.4,17.4566666666667,0.601265379052154,0.713814656354504,0.161339196702888,0.363115309080506
1047.6,17.46,0.601422190119356,0.714417298066205,0.161652986623413,0.363210690361032
1047.8,17.4633333333333,0.601577672817053,0.715013453096525,0.16196450987912,0.363305262253214
1048,17.4666666666667,0.601731841204758,0.715603198426596,0.162273778893072,0.363399033328588
1048.2,17.47,0.601884709183347,0.716186610090046,0.162580806042278,0.363492012061926
1048.4,17.4733333333333,0.602036290496949,0.716763763184954,0.162885603657568,0.363584206832391
1048.6,17.4766666666667,0.602186598734808,0.717334731885638,0.163188184023466,0.36367562592467
1048.8,17.48,0.602335647333128,0.717899589454308,0.163488559378074,0.363766277530099
1049,17.4833333333333,0.602483449576889,0.718458408252558,0.163786741912956,0.363856169747776
1049.2,17.4866666666667,0.602630018601648,0.719011259752713,0.164082743773035,0.363945310585655
1049.4,17.49,0.60277536739531,0.719558214549035,0.164376577056489,0.36403370796163
1049.6,17.4933333333333,0.602919508799887,0.720099342368785,0.164668253814658,0.364121369704605
1049.8,17.4966666666667,0.603062455513226,0.720634712083141,0.164957786051951,0.364208303555552
1050,17.5,0.60320422009072,0.721164391717973,0.165245185725764,0.364294517168551
1050.2,17.5033333333333,0.603344814947001,0.721688448464491,0.165530464746399,0.364380018111827
1050.4,17.5066666666667,0.603484252357606,0.722206948689747,0.165813634976988,0.364464813868761
1050.6,17.51,0.603622544460629,0.722719957947006,0.166094708233426,0.364548911838904
1050.8,17.5133333333333,0.603759703258346,0.72322754098599,0.166373696284307,0.364632319338966
1051,17.5166666666667,0.603895740618828,0.723729761762977,0.166650610850861,0.364715043603799
1051.2,17.52,0.604030668277527,0.724226683450787,0.166925463606902,0.364797091787365
1051.4,17.5233333333333,0.604164497838846,0.72471836844863,0.167198266178778,0.364878470963696
1051.6,17.5266666666667,0.604297240777692,0.725204878391833,0.167469030145323,0.364959188127838
1051.8,17.53,0.604428908441004,0.725686274161441,0.16773776703782,0.365039250196789
1052,17.5333333333333,0.60455951204927,0.726162615893695,0.168004488339961,0.365118664010416
1052.2,17.5366666666667,0.604689062698017,0.726633962989392,0.168269205487818,0.365197436332373
1052.4,17.54,0.60481757135929,0.727100374123119,0.168531929869812,0.365275573850998
1052.6,17.5433333333333,0.604945048883109,0.727561907252376,0.16879267282669,0.365353083180202
1052.8,17.5466666666667,0.60507150599891,0.728018619626584,0.169051445651511,0.365429970860352
1053,17.55,0.605196953316967,0.728470567795965,0.169308259589623,0.365506243359134
1053.2,17.5533333333333,0.605321401329797,0.728917807620326,0.169563125838656,0.365581907072414
1053.4,17.5566666666667,0.605444860413549,0.729360394277718,0.169816055548516,0.365656968325083
1053.6,17.56,0.605567340829374,0.729798382272991,0.170067059821375,0.365731433371894
1053.8,17.5633333333333,0.605688852724783,0.73023182544624,0.170316149711681,0.365805308398289
1054,17.5666666666667,0.605809406134979,0.730660776981135,0.170563336226153,0.365878599521213
1054.2,17.57,0.605929010984183,0.73108528941316,0.170808630323794,0.365951312789926
1054.4,17.5733333333333,0.606047677086939,0.731505414637732,0.171052042915902,0.366023454186792
1054.6,17.5766666666667,0.6061654141494,0.731921203918225,0.17129358486608,0.366095029628072
1054.8,17.58,0.606282231770609,0.73233270789389,0.171533266990262,0.366166044964696
1055,17.5833333333333,0.60639813944375,0.732739976587672,0.171771100056727,0.366236505983036
1055.2,17.5866666666667,0.606513146557394,0.733143059413931,0.17200709478613,0.36630641840566
1055.4,17.59,0.606627262396727,0.73354200518606,0.172241261851527,0.366375787892083
1055.6,17.5933333333333,0.606740496144762,0.733936862124012,0.172473611878404,0.366444620039508
1055.8,17.5966666666667,0.606852856883539,0.734327677861726,0.17270415544472,0.366512920383554
1056,17.6,0.606964353595307,0.734714499454459,0.172932903080934,0.36658069439898
1056.2,17.6033333333333,0.60707499516369,0.735097373386029,0.173159865270054,0.366647947500399
1056.4,17.6066666666667,0.607184790374848,0.735476345575958,0.173385052447677,0.366714685042981
1056.6,17.61,0.607293747918613,0.735851461386536,0.173608475002033,0.366780912323149
1056.8,17.6133333333333,0.607401876389618,0.73622276562978,0.173830143274042,0.366846634579266
1057,17.6166666666667,0.60750918428841,0.736590302574318,0.174050067557357,0.366911856992319
1057.2,17.62,0.607615680022548,0.736954115952177,0.174268258098426,0.366976584686582
1057.4,17.6233333333333,0.607721371907691,0.737314248965487,0.174484725096544,0.367040822730284
1057.6,17.6266666666667,0.607826268168671,0.737670744293104,0.174699478703919,0.367104576136262
1057.8,17.63,0.607930376940551,0.73802364409714,0.174912529025729,0.367167849862609
1058,17.6333333333333,0.608033706269674,0.738372990029418,0.175123886120191,0.367230648813312
1058.2,17.6366666666667,0.608136264114697,0.738718823237842,0.175333559998628,0.36729297783888
1058.4,17.64,0.608238058347612,0.739061184372681,0.175541560625536,0.367354841736974
1058.6,17.6433333333333,0.608339096754757,0.739400113592787,0.175747897918662,0.367416245253017
1058.8,17.6466666666667,0.60843938703781,0.739735650571717,0.175952581749074,0.367477193080805
1059,17.65,0.608538936814777,0.740067834503788,0.176155621941242,0.367537689863106
1059.2,17.6533333333333,0.608637753620964,0.740396704110053,0.176357028273113,0.367597740192256
1059.4,17.6566666666667,0.608735844909939,0.740722297644199,0.176556810476195,0.367657348610745
1059.6,17.66,0.608833218054479,0.741044652898374,0.176754978235641,0.367716519611794
1059.8,17.6633333333333,0.608929880347511,0.741363807208933,0.176951541190334,0.36777525763993
1060,17.6666666666667,0.609025839003036,0.74167979746212,0.177146508932975,0.367833567091551
1060.2,17.67,0.609121101157048,0.741992660099672,0.177339891010171,0.367891452315481
1060.4,17.6733333333333,0.609215673868433,0.74230243112435,0.177531696922529,0.367948917613528
1060.6,17.6766666666667,0.609309564119868,0.742609146105409,0.177721936124748,0.368005967241022
1060.8,17.68,0.609402778818701,0.742912840183988,0.177910618025715,0.368062605407359
1061,17.6833333333333,0.609495324797821,0.743213548078438,0.178097751988604,0.36811883627653
1061.2,17.6866666666667,0.609587208816522,0.74351130408958,0.17828334733097,0.368174663967649
1061.4,17.69,0.609678437561353,0.7438061421059,0.178467413324855,0.368230092555466
1061.6,17.6933333333333,0.609769017646958,0.744098095608668,0.178649959196889,0.368285126070888
1061.8,17.6966666666667,0.609858955616909,0.744387197677008,0.178830994128392,0.36833976850148
1062,17.7,0.60994825794452,0.744673480992888,0.179010527255483,0.368394023791968
1062.2,17.7033333333333,0.610036931033665,0.744956977846059,0.179188567669183,0.368447895844731
1062.4,17.7066666666667,0.610124981219574,0.74523772013892,0.179365124415531,0.368501388520291
1062.6,17.71,0.610212414769625,0.745515739391334,0.179540206495685,0.368554505637798
1062.8,17.7133333333333,0.610299237884126,0.745791066745373,0.179713822866043,0.3686072509755
1063,17.7166666666667,0.610385456697085,0.746063732970004,0.179885982438349,0.368659628271222
1063.2,17.72,0.610471077276976,0.746333768465723,0.180056694079813,0.368711641222825
1063.4,17.7233333333333,0.610556105627489,0.746601203269123,0.180225966613223,0.368763293488668
1063.6,17.7266666666667,0.610640547688275,0.746866067057404,0.180393808817067,0.368814588688062
1063.8,17.73,0.610724409335684,0.747128389152834,0.180560229425647,0.368865530401719
1064,17.7333333333333,0.610807696383488,0.74738819852714,0.180725237129202,0.368916122172195
1064.2,17.7366666666667,0.610890414583601,0.74764552380586,0.180888840574027,0.368966367504326
1064.4,17.74,0.610972569626786,0.747900393272624,0.181051048362598,0.369016269865663
1064.6,17.7433333333333,0.611054167143358,0.748152834873393,0.181211869053695,0.369065832686899
1064.8,17.7466666666667,0.611135212703874,0.748402876220635,0.181371311162524,0.369115059362289
1065,17.75,0.611215711819817,0.748650544597458,0.181529383160847,0.369163953250071
1065.2,17.7533333333333,0.611295669944273,0.74889586696168,0.181686093477105,0.369212517672872
1065.4,17.7566666666667,0.611375092472596,0.749138869949856,0.18184145049655,0.369260755918123
1065.6,17.76,0.61145398474307,0.749379579881249,0.18199546256137,0.369308671238454
1065.8,17.7633333333333,0.611532352037557,0.749618022761756,0.182148137970821,0.369356266852097
1066,17.7666666666667,0.611610199582146,0.749854224287779,0.182299484981359,0.369403545943272
1066.2,17.77,0.61168753254778,0.750088209850047,0.182449511806769,0.369450511662584
1066.4,17.7733333333333,0.611764356050895,0.750320004537395,0.182598226618303,0.369497167127396
1066.6,17.7766666666667,0.611840675154031,0.750549633140493,0.182745637544805,0.369543515422217
1066.8,17.78,0.611916494866453,0.750777120155525,0.182891752672856,0.369589559599069
1067,17.7833333333333,0.611991820144749,0.751002489787823,0.183036580046901,0.369635302677861
1067.2,17.7866666666667,0.612066655893436,0.751225765955458,0.183180127669389,0.36968074764675
1067.4,17.79,0.612141006965547,0.751446972292783,0.18332240350091,0.369725897462506
1067.6,17.7933333333333,0.612214878163215,0.751666132153928,0.183463415460331,0.369770755050867
1067.8,17.7966666666667,0.612288274238255,0.751883268616262,0.183603171424937,0.369815323306889
1068,17.8,0.612361199892727,0.752098404483798,0.183741679230567,0.369859605095298
1068.2,17.8033333333333,0.612433659779505,0.752311562290562,0.183878946671757,0.369903603250828
1068.4,17.8066666666667,0.612505658502835,0.75252276430392,0.184014981501878,0.369947320578568
1068.6,17.81,0.612577200618877,0.752732032527859,0.184149791433278,0.36999075985429
1068.8,17.8133333333333,0.612648290636258,0.752939388706234,0.184283384137425,0.370033923824786
1069,17.8166666666667,0.612718933016604,0.753144854325963,0.184415767245048,0.370076815208193
1069.2,17.82,0.61278913217507,0.753348450620194,0.184546948346279,0.370119436694319
1069.4,17.8233333333333,0.612858892480868,0.75355019857142,0.184676934990798,0.370161790944958
1069.6,17.8266666666667,0.612928218257781,0.753750118914565,0.184805734687978,0.370203880594213
1069.8,17.83,0.612997113784677,0.753948232140028,0.184933354907026,0.370245708248802
1070,17.8333333333333,0.613065583296015,0.754144558496682,0.185059803077132,0.370287276488368
1070.2,17.8366666666667,0.613133630982343,0.754339117994847,0.185185086587611,0.370328587865787
1070.4,17.84,0.613201260990793,0.754531930409213,0.185309212788051,0.370369644907465
1070.6,17.8433333333333,0.613268477425567,0.754723015281741,0.185432188988458,0.370410450113637
1070.8,17.8466666666667,0.613335284348424,0.754912391924511,0.185554022459405,0.370451005958664
1071,17.85,0.61340168577915,0.755100079422545,0.185674720432176,0.370491314891318
1071.2,17.8533333333333,0.61346768569603,0.755286096636594,0.185794290098915,0.370531379335073
1071.4,17.8566666666667,0.613533288036318,0.755470462205886,0.185912738612776,0.370571201688387
1071.6,17.86,0.613598496696689,0.755653194550838,0.186030073088066,0.370610784324983
1071.8,17.8633333333333,0.6136633155337,0.755834311875744,0.186146300600399,0.370650129594127
1072,17.8666666666667,0.613727748364232,0.756013832171414,0.18626142818684,0.370689239820897
1072.2,17.87,0.613791798965939,0.756191773217794,0.186375462846058,0.370728117306459
1072.4,17.8733333333333,0.613855471077683,0.756368152586546,0.186488411538474,0.370766764328333
1072.6,17.8766666666667,0.613918768399965,0.756542987643595,0.186600281186409,0.370805183140652
1072.8,17.88,0.613981694595359,0.756716295551645,0.186711078674236,0.37084337597443
1073,17.8833333333333,0.614044253288927,0.756888093272667,0.186820810848527,0.370881345037814
1073.2,17.8866666666667,0.61410644806864,0.757058397570352,0.186929484518209,0.370919092516343
1073.4,17.89,0.614168282485795,0.757227225012532,0.187037106454708,0.370956620573197
1073.6,17.8933333333333,0.614229760055412,0.757394591973574,0.187143683392104,0.370993931349445
1073.8,17.8966666666667,0.614290884256649,0.757560514636743,0.187249222027278,0.371031026964294
1074,17.9,0.614351658533191,0.757725008996535,0.187353729020067,0.371067909515329
1074.2,17.9033333333333,0.614412086293647,0.757888090860978,0.187457210993412,0.371104581078755
1074.4,17.9066666666667,0.61447217091194,0.758049775853911,0.187559674533511,0.371141043709631
1074.6,17.91,0.614531915727689,0.758210079417226,0.187661126189969,0.371177299442108
1074.8,17.9133333333333,0.614591324046589,0.758369016813092,0.18776157247595,0.371213350289659
1075,17.9166666666667,0.614650399140786,0.758526603126136,0.187861019868327,0.371249198245306
1075.2,17.92,0.61470914424925,0.758682853265615,0.187959474807835,0.371284845281849
1075.4,17.9233333333333,0.614767562578137,0.758837781967547,0.188056943699225,0.371320293352088
1075.6,17.9266666666667,0.614825657301155,0.75899140379682,0.188153432911407,0.371355544389045
1075.8,17.93,0.614883431559921,0.759143733149276,0.188248948777612,0.371390600306178
1076,17.9333333333333,0.614940888464311,0.759294784253767,0.188343497595538,0.371425462997605
1076.2,17.9366666666667,0.614998031092816,0.759444571174183,0.1884370856275,0.371460134338306
1076.4,17.94,0.615054862492879,0.759593107811464,0.188529719100586,0.371494616184344
1076.6,17.9433333333333,0.615111385681243,0.759740407905571,0.188621404206807,0.371528910373066
1076.8,17.9466666666667,0.615167603644285,0.75988648503745,0.188712147103245,0.371563018723312
1077,17.95,0.615223519338351,0.760031352630958,0.188801953912211,0.371596943035617
1077.2,17.9533333333333,0.615279135690083,0.76017502395477,0.188890830721391,0.371630685092413
1077.4,17.9566666666667,0.615334455596746,0.760317512124264,0.188978783584,0.371664246658227
1077.6,17.96,0.615389481926548,0.760458830103377,0.18906581851893,0.371697629479874
1077.8,17.9633333333333,0.615444217518962,0.760598990706447,0.189151941510907,0.371730835286658
1078,17.9666666666667,0.615498665185033,0.760738006600019,0.189237158510637,0.371763865790555
1078.2,17.97,0.615552827707697,0.760875890304641,0.189321475434959,0.371796722686409
1078.4,17.9733333333333,0.615606707842079,0.76101265419663,0.189404898166996,0.371829407652116
1078.6,17.9766666666667,0.615660308315803,0.761148310509817,0.189487432556303,0.37186192234881
1078.8,17.98,0.615713631829289,0.761282871337274,0.189569084419022,0.371894268421045
1079,17.9833333333333,0.615766681056049,0.761416348633014,0.189649859538031,0.371926447496975
1079.2,17.9866666666667,0.615819458642979,0.761548754213676,0.189729763663091,0.371958461188534
1079.4,17.99,0.615871967210651,0.761680099760179,0.189808802511001,0.371990311091612
1079.6,17.9933333333333,0.615924209353595,0.761810396819371,0.189886981765743,0.37202199878623
1079.8,17.9966666666667,0.615976187640585,0.761939656805641,0.189964307078636,0.372053525836708
1080,18,0.616027904614916,0.762067891002519,0.190040784068486,0.372084893791844
1080.2,18.0033333333333,0.616079362794682,0.76219511056426,0.190116418321729,0.372116104185072
1080.4,18.0066666666667,0.616130564673046,0.762321326517398,0.190191215392588,0.372147158534635
1080.6,18.01,0.616181512718513,0.762446549762289,0.190265180803216,0.37217805834375
1080.8,18.0133333333333,0.616232209375192,0.762570791074632,0.19033832004385,0.372208805100766
1081,18.0166666666667,0.616282657063064,0.762694061106967,0.190410638572955,0.372239400279326
1081.2,18.02,0.616332858178241,0.762816370390166,0.190482141817374,0.372269845338529
1081.4,18.0233333333333,0.616382815093219,0.762937729334891,0.190552835172476,0.372300141723083
1081.6,18.0266666666667,0.61643253015714,0.763058148233041,0.190622724002306,0.372330290863461
1081.8,18.03,0.616482005696036,0.763177637259185,0.190691813639727,0.372360294176057
1082,18.0333333333333,0.616531244013081,0.76329620647197,0.190760109386574,0.372390153063334
1082.2,18.0366666666667,0.616580247388838,0.763413865815512,0.190827616513797,0.372419868913973
1082.4,18.04,0.616629018081498,0.763530625120776,0.190894340261606,0.372449443103027
1082.6,18.0433333333333,0.616677558327121,0.763646494106933,0.190960285839623,0.37247887699206
1082.8,18.0466666666667,0.616725870339875,0.763761482382701,0.191025458427024,0.372508171929296
1083,18.05,0.616773956312268,0.763875599447671,0.191089863172686,0.372537329249761
1083.2,18.0533333333333,0.616821818415382,0.763988854693617,0.191153505195334,0.372566350275423
1083.4,18.0566666666667,0.616869458799099,0.764101257405786,0.191216389583681,0.372595236315334
1083.6,18.06,0.61691687959233,0.764212816764177,0.191278521396581,0.372623988665765
1083.8,18.0633333333333,0.616964082903237,0.7643235418448,0.191339905663168,0.372652608610347
1084,18.0666666666667,0.617011070819455,0.764433441620922,0.191400547383001,0.372681097420198
1084.2,18.07,0.61705784540831,0.764542524964294,0.19146045152621,0.372709456354066
1084.4,18.0733333333333,0.617104408717036,0.764650800646368,0.191519623033638,0.372737686658452
1084.6,18.0766666666667,0.617150762772987,0.764758277339497,0.191578066816985,0.372765789567748
1084.8,18.08,0.61719690958385,0.764864963618117,0.191635787758951,0.372793766304358
1085,18.0833333333333,0.617242851137852,0.764970867959915,0.191692790713378,0.372821618078831
1085.2,18.0866666666667,0.617288589403968,0.765075998746989,0.191749080505392,0.372849346089985
1085.4,18.09,0.617334126332122,0.765180364266986,0.191804661931547,0.372876951525032
1085.6,18.0933333333333,0.617379463853392,0.765283972714228,0.191859539759966,0.372904435559697
1085.8,18.0966666666667,0.617424603880208,0.765386832190828,0.19191371873048,0.372931799358345
1086,18.1,0.617469548306547,0.765488950707784,0.191967203554771,0.372959044074099
1086.2,18.1033333333333,0.617514299008131,0.76559033618607,0.192019998916511,0.372986170848958
1086.4,18.1066666666667,0.617558857842617,0.765690996457703,0.192072109471504,0.373013180813913
1086.6,18.11,0.617603226649788,0.765790939266805,0.192123539847824,0.373040075089068
1086.8,18.1133333333333,0.617647407251743,0.765890172270648,0.192174294645955,0.373066854783749
1087,18.1166666666667,0.617691401453079,0.765988703040684,0.192224378438932,0.373093520996621
1087.2,18.12,0.617735211041079,0.766086539063569,0.192273795772473,0.373120074815799
1087.4,18.1233333333333,0.61777883778589,0.766183687742169,0.192322551165126,0.373146517318958
1087.6,18.1266666666667,0.617822283440705,0.766280156396552,0.1923706491084,0.373172849573444
1087.8,18.13,0.617865549741941,0.766375952264974,0.192418094066907,0.373199072636381
1088,18.1333333333333,0.617908638409413,0.76647108250485,0.192464890478493,0.373225187554781
1088.2,18.1366666666667,0.617951551146509,0.766565554193709,0.192511042754382,0.373251195365643
1088.4,18.14,0.617994289640358,0.766659374330142,0.192556555279307,0.373277097096067
1088.6,18.1433333333333,0.618036855562006,0.766752549834738,0.192601432411647,0.37330289376335
1088.8,18.1466666666667,0.61807925056658,0.766845087551007,0.192645678483562,0.373328586375091
1089,18.15,0.61812147629345,0.766936994246294,0.192689297801129,0.373354175929292
1089.2,18.1533333333333,0.618163534366403,0.767028276612674,0.192732294644476,0.373379663414459
1089.4,18.1566666666667,0.618205426393794,0.767118941267848,0.192774673267916,0.373405049809699
1089.6,18.16,0.618247153968715,0.767208994756018,0.19281643790008,0.373430336084818
1089.8,18.1633333333333,0.618288718669146,0.767298443548758,0.19285759274405,0.373455523200418
1090,18.1666666666667,0.61833012205812,0.767387294045867,0.192898141977493,0.373480612107993
1090.2,18.17,0.61837136568387,0.767475552576221,0.192938089752794,0.373505603750024
1090.4,18.1733333333333,0.618412451079985,0.767563225398604,0.192977440197184,0.37353049906007
1090.6,18.1766666666667,0.618453379765566,0.767650318702537,0.193016197412875,0.373555298962861
1090.8,18.18,0.618494153245367,0.767736838609095,0.193054365477192,0.373580004374392
1091,18.1833333333333,0.618534773009949,0.767822791171709,0.193091948442699,0.373604616202009
1091.2,18.1866666666667,0.618575240535825,0.767908182376965,0.193128950337333,0.373629135344502
1091.4,18.19,0.618615557285605,0.76799301814539,0.193165375164531,0.373653562692189
1091.6,18.1933333333333,0.618655724708138,0.768077304332225,0.193201226903362,0.373677899127009
1091.8,18.1966666666667,0.618695744238654,0.768161046728199,0.193236509508655,0.373702145522603
1092,18.2,0.618735617298904,0.768244251060278,0.193271226911123,0.3737263027444
1092.2,18.2033333333333,0.618775345297297,0.76832692299242,0.193305383017499,0.373750371649707
1092.4,18.2066666666667,0.61881492962904,0.76840906812631,0.193338981710655,0.373774353087782
1092.6,18.21,0.61885437167627,0.768490692002093,0.193372026849736,0.373798247899927
1092.8,18.2133333333333,0.618893672808187,0.768571800099091,0.193404522270281,0.373822056919562
1093,18.2166666666667,0.61893283438119,0.768652397836522,0.193436471784352,0.373845780972309
1093.2,18.22,0.618971857739006,0.768732490574196,0.19346787918066,0.373869420876072
1093.4,18.2233333333333,0.619010744212817,0.768812083613214,0.193498748224687,0.373892977441113
1093.6,18.2266666666667,0.619049495121391,0.768891182196653,0.193529082658814,0.373916451470134
1093.8,18.23,0.619088111771207,0.768969791510246,0.193558886202443,0.37393984375835
1094,18.2333333333333,0.619126595456578,0.769047916683049,0.193588162552122,0.373963155093568
1094.2,18.2366666666667,0.619164947459779,0.769125562788105,0.193616915381667,0.37398638625626
1094.4,18.24,0.619203169051167,0.769202734843095,0.193645148342287,0.374009538019639
1094.6,18.2433333333333,0.619241261489298,0.769279437810985,0.193672865062704,0.374032611149734
1094.8,18.2466666666667,0.619279226021054,0.769355676600663,0.193700069149274,0.37405560640546
1095,18.25,0.619317063881755,0.769431456067569,0.193726764186112,0.37407852453869
1095.2,18.2533333333333,0.61935477629528,0.769506781014317,0.193752953735211,0.37410136629433
1095.4,18.2566666666667,0.619392364474177,0.769581656191309,0.193778641336561,0.374124132410386
1095.6,18.26,0.619429829619785,0.769656086297343,0.19380383050827,0.374146823618033
1095.8,18.2633333333333,0.619467172922341,0.769730075980212,0.193828524746685,0.374169440641688
1096,18.2666666666667,0.619504395561093,0.769803629837295,0.19385272752651,0.374191984199073
1096.2,18.27,0.619541498704412,0.769876752416144,0.193876442300922,0.374214455001287
1096.4,18.2733333333333,0.6195784835099,0.769949448215063,0.193899672501694,0.374236853752871
1096.6,18.2766666666667,0.619615351124499,0.770021721683674,0.193922421539307,0.37425918115187
1096.8,18.28,0.619652102684598,0.770093577223485,0.193944692803072,0.374281437889905
1097,18.2833333333333,0.619688739316136,0.770165019188448,0.193966489661244,0.374303624652233
1097.2,18.2866666666667,0.619725262134711,0.770236051885504,0.193987815461138,0.374325742117811
1097.4,18.29,0.61976167224568,0.770306679575132,0.194008673529246,0.374347790959361
1097.6,18.2933333333333,0.619797970744261,0.770376906471885,0.194029067171352,0.37436977184343
1097.8,18.2966666666667,0.619834158715639,0.770446736744916,0.194048999672646,0.374391685430453
1098,18.3,0.619870237235059,0.770516174518508,0.194068474297837,0.374413532374815
1098.2,18.3033333333333,0.61990620736793,0.770585223872589,0.194087494291271,0.374435313324908
1098.4,18.3066666666667,0.619942070169921,0.770653888843242,0.194106062877039,0.374457028923193
1098.6,18.31,0.619977826687057,0.770722173423213,0.194124183259093,0.374478679806261
1098.8,18.3133333333333,0.620013477955819,0.770790081562407,0.194141858621358,0.374500266604885
1099,18.3166666666667,0.620049025003232,0.770857617168384,0.194159092127844,0.374521789944085
1099.2,18.32,0.620084468846963,0.770924784106844,0.194175886922757,0.37454325044318
1099.4,18.3233333333333,0.620119810495413,0.770991586202109,0.194192246130608,0.374564648715848
1099.6,18.3266666666667,0.620155050947807,0.771058027237596,0.194208172856326,0.374585985370176
1099.8,18.33,0.620190191194289,0.771124110956293,0.194223670185369,0.374607261008724
1100,18.3333333333333,0.620225232216004,0.771189841061213,0.194238741183829,0.374628476228571
1100.2,18.3366666666667,0.620260174985194,0.771255221215862,0.194253388898544,0.374649631621376
1100.4,18.34,0.620295020465283,0.771320255044684,0.194267616357208,0.374670727773425
1100.6,18.3433333333333,0.620329769610961,0.771384946133514,0.194281426568475,0.374691765265689
1100.8,18.3466666666667,0.620364423368274,0.771449298030014,0.19429482252207,0.374712744673875
1101,18.35,0.620398982674707,0.771513314244117,0.194307807188893,0.374733666568476
1101.2,18.3533333333333,0.620433448459267,0.771576998248451,0.19432038352113,0.374754531514823
1101.4,18.3566666666667,0.620467821642568,0.771640353478768,0.194332554452355,0.374775340073135
1101.6,18.36,0.620502103136912,0.771703383334366,0.194344322897637,0.374796092798573
1101.8,18.3633333333333,0.620536293846369,0.771766091178504,0.194355691753645,0.374816790241284
1102,18.3666666666667,0.620570394666861,0.77182848033881,0.194366663898754,0.374837432946451
1102.2,18.37,0.620604406486237,0.771890554107691,0.194377242193149,0.374858021454347
1102.4,18.3733333333333,0.620638330184354,0.771952315742732,0.194387429478926,0.374878556300374
1102.6,18.3766666666667,0.620672166633156,0.772013768467092,0.194397228580198,0.374899038015117
1102.8,18.38,0.620705916696749,0.772074915469895,0.1944066423032,0.374919467124391
1103,18.3833333333333,0.620739581231476,0.772135759906619,0.194415673436384,0.374939844149282
1103.2,18.3866666666667,0.620773161085995,0.772196304899473,0.194424324750529,0.374960169606199
1103.4,18.39,0.620806657101354,0.772256553537781,0.194432598998837,0.374980444006913
1103.6,18.3933333333333,0.620840070111061,0.77231650887835,0.194440498917036,0.37500066785861
1103.8,18.3966666666667,0.620873400941159,0.772376173945838,0.194448027223482,0.375020841663928
1104,18.4,0.620906650410298,0.772435551733123,0.194455186619255,0.375040965921004
1104.2,18.4033333333333,0.620939819329809,0.772494645201658,0.194461979788263,0.375061041123518
1104.4,18.4066666666667,0.620972908503768,0.772553457281826,0.194468409397337,0.375081067760736
1104.6,18.41,0.621005918729073,0.772611990873295,0.194474478096333,0.37510104631755
1104.8,18.4133333333333,0.621038850795508,0.772670248845361,0.194480188518228,0.375120977274525
1105,18.4166666666667,0.621071705485814,0.772728234037293,0.194485543279219,0.375140861107934
1105.2,18.42,0.621104483575757,0.772785949258671,0.19449054497882,0.375160698289806
1105.4,18.4233333333333,0.621137185834191,0.772843397289717,0.194495196199958,0.375180489287962
1105.6,18.4266666666667,0.621169813023129,0.772900580881633,0.194499499509069,0.375200234566057
1105.8,18.43,0.621202365897807,0.772957502756921,0.194503457456195,0.37521993458362
1106,18.4333333333333,0.621234845206746,0.773014165609708,0.194507072575081,0.375239589796093
1106.2,18.4366666666667,0.62126725169182,0.773070572106064,0.194510347383266,0.375259200654872
1106.4,18.44,0.621299586088318,0.773126724884319,0.194513284382179,0.375278767607341
1106.6,18.4433333333333,0.621331849125004,0.773182626555372,0.194515886057236,0.375298291096917
1106.8,18.4466666666667,0.621364041524185,0.773238279702999,0.194518154877928,0.37531777156308
1107,18.45,0.621396164001766,0.773293686884159,0.19452009329792,0.375337209441419
1107.2,18.4533333333333,0.621428217267316,0.77334885062929,0.19452170375514,0.37535660516366
1107.4,18.4566666666667,0.621460202024125,0.77340377344261,0.19452298867187,0.37537595915771
1107.6,18.46,0.621492118969264,0.773458457802406,0.194523950454844,0.37539527184769
1107.8,18.4633333333333,0.621523968793645,0.773512906161328,0.194524591495331,0.375414543653972
1108,18.4666666666667,0.621555752182078,0.773567120946672,0.194524914169234,0.375433774993211
1108.2,18.47,0.62158746981333,0.773621104560663,0.194524920837173,0.375452966278386
1108.4,18.4733333333333,0.62161912236018,0.773674859380738,0.194524613844581,0.37547211791883
1108.6,18.4766666666667,0.621650710489479,0.773728387759815,0.19452399552179,0.375491230320267
1108.8,18.48,0.621682234862201,0.773781692026574,0.194523068184121,0.375510303884844
1109,18.4833333333333,0.621713696133503,0.773834774485719,0.194521834131974,0.375529339011167
1109.2,18.4866666666667,0.621745094952775,0.773887637418252,0.194520295650913,0.375548336094333
1109.4,18.49,0.621776431963698,0.773940283081729,0.194518455011758,0.375567295525962
1109.6,18.4933333333333,0.621807707804298,0.773992713710525,0.194516314470669,0.375586217694232
1109.8,18.4966666666667,0.621838923106994,0.774044931516088,0.194513876269234,0.375605102983908
1110,18.5,0.621870078498655,0.774096938687197,0.194511142634557,0.375623951776378
1110.2,18.5033333333333,0.621901174600652,0.774148737390207,0.194508115779339,0.375642764449682
1110.4,18.5066666666667,0.621932212028906,0.774200329769302,0.194504797901972,0.375661541378543
1110.6,18.51,0.62196319139394,0.774251717946739,0.194501191186615,0.375680282934401
1110.8,18.5133333333333,0.621994113300932,0.774302904023088,0.194497297803285,0.375698989485438
1111,18.5166666666667,0.622024978349763,0.774353890077475,0.194493119907941,0.375717661396614
1111.2,18.52,0.622055787135063,0.774404678167813,0.194488659642563,0.375736299029696
1111.4,18.5233333333333,0.622086540246267,0.774455270331044,0.19448391913524,0.375754902743283
1111.6,18.5266666666667,0.622117238267656,0.77450566858336,0.194478900500253,0.375773472892841
1111.8,18.53,0.622147881778409,0.774555874920439,0.194473605838155,0.375792009830731
1112,18.5333333333333,0.622178471352648,0.774605891317668,0.194468037235854,0.375810513906234
1112.2,18.5366666666667,0.622209007559487,0.774655719730364,0.194462196766697,0.375828985465584
1112.4,18.54,0.622239490963077,0.774705362093997,0.194456086490549,0.375847424851995
1112.6,18.5433333333333,0.622269922122652,0.774754820324407,0.194449708453873,0.375865832405687
1112.8,18.5466666666667,0.622300301592572,0.774804096318018,0.194443064689813,0.375884208463915
1113,18.55,0.622330629922374,0.77485319195205,0.194436157218275,0.375902553360996
1113.2,18.5533333333333,0.62236090765681,0.774902109084734,0.194428988046003,0.375920867428338
1113.4,18.5566666666667,0.622391135335893,0.774950849555512,0.194421559166659,0.375939150994465
1113.6,18.56,0.622421313494943,0.774999415185249,0.194413872560904,0.37595740438504
1113.8,18.5633333333333,0.622451442664628,0.775047807776432,0.194405930196477,0.3759756279229
1114,18.5666666666667,0.622481523371003,0.77509602911337,0.194397734028268,0.375993821928074
1114.2,18.57,0.622511556135562,0.775144080962396,0.194389285998402,0.376011986717811
1114.4,18.5733333333333,0.622541541475268,0.775191965072057,0.194380588036311,0.376030122606607
1114.6,18.5766666666667,0.622571479902603,0.775239683173315,0.194371642058815,0.37604822990623
1114.8,18.58,0.622601371925605,0.775287236979729,0.194362449970194,0.376066308925741
1115,18.5833333333333,0.62263121804791,0.775334628187653,0.194353013662268,0.376084359971526
1115.2,18.5866666666667,0.622661018768791,0.775381858476415,0.194343335014471,0.376102383347312
1115.4,18.59,0.622690774583199,0.775428929508506,0.194333415893926,0.376120379354199
1115.6,18.5933333333333,0.622720485981799,0.775475842929764,0.19432325815552,0.376138348290676
1115.8,18.5966666666667,0.622750153451014,0.775522600369548,0.194312863641977,0.376156290452653
1116,18.6,0.622779777473059,0.775569203440922,0.194302234183936,0.376174206133478
1116.2,18.6033333333333,0.622809358525982,0.77561565374083,0.19429137160002,0.376192095623963
1116.4,18.6066666666667,0.622838897083701,0.775661952850267,0.194280277696912,0.376209959212407
1116.6,18.61,0.62286839361604,0.775708102334453,0.194268954269427,0.376227797184617
1116.8,18.6133333333333,0.622897848588766,0.775754103743007,0.194257403100584,0.376245609823933
1117,18.6166666666667,0.622927262463629,0.775799958610106,0.19424562596168,0.37626339741125
1117.2,18.62,0.622956635698392,0.77584566845466,0.194233624612359,0.376281160225035
1117.4,18.6233333333333,0.622985968746876,0.775891234780472,0.194221400800684,0.376298898541358
1117.6,18.6266666666667,0.623015262058984,0.775936659076399,0.194208956263211,0.376316612633906
1117.8,18.63,0.623044516080746,0.775981942816517,0.194196292725054,0.376334302774006
1118,18.6333333333333,0.62307373125435,0.776027087460275,0.19418341189996,0.376351969230649
1118.2,18.6366666666667,0.623102908018173,0.776072094452653,0.194170315490376,0.376369612270508
1118.4,18.64,0.623132046806824,0.77611696522432,0.194157005187519,0.37638723215796
1118.6,18.6433333333333,0.623161148051166,0.776161701191782,0.194143482671447,0.376404829155108
1118.8,18.6466666666667,0.623190212178361,0.776206303757535,0.194129749611123,0.376422403521797
1119,18.65,0.623219239611894,0.77625077431022,0.194115807664489,0.376439955515639
1119.2,18.6533333333333,0.623248230771613,0.776295114224761,0.194101658478529,0.37645748539203
1119.4,18.6566666666667,0.623277186073754,0.77633932486252,0.194087303689341,0.376474993404171
1119.6,18.66,0.623306105930979,0.776383407571435,0.194072744922198,0.376492479803087
1119.8,18.6633333333333,0.623334990752408,0.77642736368617,0.194057983791621,0.376509944837647
1120,18.6666666666667,0.623363840943644,0.776471194528247,0.194043021901443,0.376527388754582
1120.2,18.67,0.623392656906811,0.776514901406193,0.194027860844875,0.376544811798504
1120.4,18.6733333333333,0.623421439040583,0.776558485615675,0.19401250220457,0.376562214211927
1120.6,18.6766666666667,0.623450187740211,0.776601948439637,0.193996947552691,0.376579596235284
1120.8,18.68,0.62347890339756,0.776645291148434,0.193981198450975,0.376596958106944
1121,18.6833333333333,0.623507586401132,0.776688514999966,0.193965256450798,0.376614300063233
1121.2,18.6866666666667,0.623536237136099,0.776731621239808,0.193949123093238,0.376631622338451
1121.4,18.69,0.623564855984334,0.776774611101343,0.19393279990914,0.376648925164888
1121.6,18.6933333333333,0.623593443324436,0.776817485805891,0.193916288419179,0.376666208772845
1121.8,18.6966666666667,0.623621999531762,0.77686024656283,0.193899590133923,0.376683473390649
1122,18.7,0.623650524978456,0.77690289456973,0.193882706553899,0.376700719244672
1122.2,18.7033333333333,0.623679020033472,0.776945431012473,0.193865639169649,0.376717946559347
1122.4,18.7066666666667,0.623707485062608,0.776987857065376,0.193848389461798,0.376735155557186
1122.6,18.71,0.623735920428532,0.777030173891312,0.193830958901113,0.376752346458794
1122.8,18.7133333333333,0.623764326490807,0.777072382641834,0.193813348948567,0.376769519482892
1123,18.7166666666667,0.623792703605922,0.777114484457289,0.193795561055395,0.376786674846326
1123.2,18.72,0.623821052127314,0.777156480466937,0.193777596663161,0.376803812764088
1123.4,18.7233333333333,0.623849372405399,0.777198371789069,0.193759457203813,0.376820933449333
1123.6,18.7266666666667,0.623877664787596,0.777240159531118,0.193741144099749,0.37683803711339
1123.8,18.73,0.623905929618355,0.777281844789778,0.193722658763869,0.376855123965783
1124,18.7333333333333,0.623934167239181,0.77732342865111,0.193704002599642,0.376872194214244
1124.2,18.7366666666667,0.62396237798866,0.777364912190657,0.19368517700116,0.37688924806473
1124.4,18.74,0.623990562202484,0.777406296473551,0.1936661833532,0.376906285721438
1124.6,18.7433333333333,0.624018720213479,0.777447582554623,0.193647023031281,0.376923307386818
1124.8,18.7466666666667,0.624046852351625,0.777488771478512,0.193627697401719,0.376940313261593
1125,18.75,0.624074958944085,0.777529864279766,0.193608207821692,0.37695730354477
1125.2,18.7533333333333,0.624103040315227,0.77757086198295,0.19358855563929,0.376974278433656
1125.4,18.7566666666667,0.624131096786648,0.777611765602751,0.193568742193579,0.376991238123872
1125.6,18.76,0.6241591286772,0.777652576144076,0.193548768814649,0.37700818280937
1125.8,18.7633333333333,0.624187136303011,0.777693294602158,0.19352863682368,0.377025112682445
1126,18.7666666666667,0.624215119977511,0.77773392196265,0.193508347532992,0.377042027933748
1126.2,18.77,0.624243080011453,0.777774459201733,0.193487902246103,0.377058928752307
1126.4,18.7733333333333,0.624271016712937,0.777814907286204,0.193467302257784,0.377075815325531
1126.6,18.7766666666667,0.624298930387435,0.777855267173579,0.193446548854113,0.377092687839232
1126.8,18.78,0.624326821337808,0.777895539812187,0.193425643312532,0.377109546477635
1127,18.7833333333333,0.624354689864335,0.777935726141265,0.193404586901902,0.377126391423392
1127.2,18.7866666666667,0.624382536264729,0.77797582709105,0.193383380882554,0.377143222857597
1127.4,18.79,0.624410360834165,0.778015843582873,0.193362026506345,0.377160040959798
1127.6,18.7933333333333,0.624438163865296,0.778055776529249,0.193340525016712,0.37717684590801
1127.8,18.7966666666667,0.624465945648277,0.778095626833971,0.193318877648726,0.377193637878728
1128,18.8,0.624493706470789,0.778135395392192,0.193297085629141,0.377210417046941
1128.2,18.8033333333333,0.624521446618056,0.778175083090524,0.193275150176452,0.377227183586146
1128.4,18.8066666666667,0.624549166372866,0.778214690807113,0.193253072500943,0.377243937668357
1128.6,18.81,0.624576866015595,0.778254219411738,0.193230853804741,0.37726067946412
1128.8,18.8133333333333,0.624604545824226,0.778293669765886,0.19320849528187,0.377277409142526
1129,18.8166666666667,0.624632206074367,0.778333042722843,0.193185998118298,0.377294126871223
1129.2,18.82,0.624659847039275,0.778372339127775,0.19316336349199,0.377310832816426
1129.4,18.8233333333333,0.624687468989874,0.778411559817809,0.193140592572962,0.377327527142933
1129.6,18.8266666666667,0.624715072194774,0.778450705622121,0.193117686523327,0.377344210014134
1129.8,18.83,0.62474265692029,0.778489777362008,0.193094646497348,0.377360881592025
1130,18.8333333333333,0.624770223430467,0.778528775850975,0.193071473641486,0.377377542037216
1130.2,18.8366666666667,0.62479777198709,0.778567701894811,0.193048169094452,0.37739419150895
1130.4,18.84,0.624825302849712,0.778606556291667,0.193024733987255,0.377410830165105
1130.6,18.8433333333333,0.624852816275667,0.778645339832135,0.193001169443253,0.377427458162213
1130.8,18.8466666666667,0.624880312520091,0.778684053299322,0.192977476578198,0.37744407565547
1131,18.85,0.624907791835939,0.778722697468927,0.192953656500289,0.377460682798744
1131.2,18.8533333333333,0.624935254474006,0.778761273109316,0.192929710310218,0.377477279744589
1131.4,18.8566666666667,0.624962700682943,0.778799780981594,0.192905639101217,0.377493866644255
1131.6,18.86,0.624990130709274,0.778838221839682,0.192881443959109,0.3775104436477
1131.8,18.8633333333333,0.625017544797417,0.778876596430386,0.192857125962351,0.3775270109036
1132,18.8666666666667,0.625044943189701,0.778914905493466,0.192832686182086,0.377543568559359
1132.2,18.87,0.625072326126378,0.778953149761715,0.192808125682187,0.377560116761122
1132.4,18.8733333333333,0.62509969384565,0.778991329961019,0.192783445519302,0.377576655653781
1132.6,18.8766666666667,0.625127046583678,0.779029446810436,0.192758646742907,0.377593185380992
1132.8,18.88,0.625154384574602,0.779067501022255,0.192733730395343,0.37760970608518
1133,18.8833333333333,0.625181708050559,0.779105493302069,0.192708697511869,0.377626217907551
1133.2,18.8866666666667,0.625209017241697,0.779143424348843,0.192683549120704,0.377642720988103
1133.4,18.89,0.625236312376194,0.779181294854976,0.192658286243073,0.377659215465635
1133.6,18.8933333333333,0.625263593680274,0.779219105506369,0.192632909893252,0.377675701477756
1133.8,18.8966666666667,0.62529086137822,0.779256856982488,0.192607421078615,0.377692179160899
1134,18.9,0.625318115692396,0.779294549956432,0.192581820799673,0.377708648650325
1134.2,18.9033333333333,0.625345356843257,0.77933218509499,0.192556110050125,0.377725110080138
1134.4,18.9066666666667,0.62537258504937,0.77936976305871,0.192530289816894,0.37774156358329
1134.6,18.91,0.625399800527424,0.779407284501955,0.192504361080181,0.377758009291595
1134.8,18.9133333333333,0.625427003492251,0.779444750072971,0.192478324813497,0.377774447335734
1135,18.9166666666667,0.625454194156838,0.779482160413939,0.192452181983715,0.377790877845268
1135.2,18.92,0.625481372732344,0.779519516161044,0.192425933551108,0.377807300948646
1135.4,18.9233333333333,0.625508539428112,0.779556817944529,0.192399580469395,0.377823716773213
1135.6,18.9266666666667,0.62553569445169,0.779594066388752,0.192373123685779,0.377840125445221
1135.8,18.93,0.625562838008838,0.779631262112249,0.192346564140995,0.377856527089836
1136,18.9333333333333,0.625589970303549,0.779668405727789,0.192319902769345,0.377872921831149
1136.2,18.9366666666667,0.62561709153806,0.77970549784243,0.192293140498747,0.377889309792183
1136.4,18.94,0.62564420191287,0.779742539057575,0.19226627825077,0.377905691094905
1136.6,18.9433333333333,0.625671301626748,0.77977952996903,0.192239316940679,0.377922065860229
1136.8,18.9466666666667,0.625698390876755,0.779816471167056,0.192212257477474,0.37793843420803
1137,18.95,0.625725469858252,0.779853363236424,0.192185100763932,0.377954796257149
1137.2,18.9533333333333,0.625752538764915,0.779890206756471,0.192157847696645,0.377971152125406
1137.4,18.9566666666667,0.625779597788752,0.779927002301151,0.192130499166066,0.377987501929602
1137.6,18.96,0.625806647120114,0.779963750439086,0.192103056056539,0.378003845785531
1137.8,18.9633333333333,0.625833686947706,0.780000451733621,0.19207551924635,0.37802018380799
1138,18.9666666666667,0.625860717458608,0.780037106742877,0.192047889607757,0.378036516110783
1138.2,18.97,0.625887738838279,0.780073716019795,0.192020168007035,0.378052842806732
1138.4,18.9733333333333,0.625914751270579,0.780110280112193,0.191992355304513,0.378069164007684
1138.6,18.9766666666667,0.625941754937773,0.780146799562814,0.191964452354611,0.378085479824518
1138.8,18.98,0.625968750020554,0.780183274909374,0.191936460005883,0.378101790367155
1139,18.9833333333333,0.625995736698045,0.78021970668461,0.191908379101051,0.378118095744566
1139.2,18.9866666666667,0.626022715147822,0.780256095416333,0.191880210477044,0.378134396064774
1139.4,18.99,0.62604968554592,0.780292441627468,0.191851954965038,0.378150691434871
1139.6,18.9933333333333,0.626076648066845,0.78032874583611,0.19182361339049,0.378166981961017
1139.8,18.9966666666667,0.626103602883592,0.780365008555564,0.191795186573178,0.378183267748454
1140,19,0.626130550167652,0.780401230294393,0.191766675327239,0.378199548901508
1140.2,19.0033333333333,0.626157490089026,0.780437411556466,0.191738080461203,0.378215825523601
1140.4,19.0066666666667,0.626184422816238,0.780473552841,0.191709402778029,0.378232097717254
1140.6,19.01,0.626211348516344,0.780509654642605,0.191680643075147,0.378248365584101
1140.8,19.0133333333333,0.626238267354949,0.780545717451333,0.191651802144488,0.378264629224886
1141,19.0166666666667,0.626265179496213,0.780581741752716,0.191622880772523,0.378280888739479
1141.2,19.02,0.626292085102864,0.780617728027809,0.191593879740298,0.378297144226882
1141.4,19.0233333333333,0.626318984336214,0.78065367675324,0.191564799823473,0.378313395785229
1141.6,19.0266666666667,0.626345877356164,0.780689588401245,0.19153564179235,0.378329643511802
1141.8,19.03,0.62637276432122,0.780725463439713,0.191506406411914,0.378345887503031
1142,19.0333333333333,0.626399645388501,0.780761302332228,0.191477094441867,0.378362127854506
1142.2,19.0366666666667,0.626426520713754,0.780797105538107,0.191447706636662,0.378378364660979
1142.4,19.04,0.626453390451359,0.780832873512446,0.191418243745536,0.378394598016375
1142.6,19.0433333333333,0.626480254754347,0.780868606706156,0.191388706512547,0.378410828013795
1142.8,19.0466666666667,0.626507113774406,0.780904305566003,0.191359095676606,0.378427054745526
1143,19.05,0.626533967661892,0.780939970534649,0.191329411971513,0.378443278303045
1143.2,19.0533333333333,0.626560816565841,0.780975602050691,0.191299656125987,0.378459498777024
1143.4,19.0566666666667,0.626587660633981,0.781011200548696,0.191269828863705,0.378475716257343
1143.6,19.06,0.626614500012739,0.781046766459245,0.191239930903329,0.378491930833089
1143.8,19.0633333333333,0.626641334847253,0.781082300208967,0.191209962958542,0.378508142592565
1144,19.0666666666667,0.626668165281382,0.781117802220576,0.191179925738084,0.378524351623298
1144.2,19.07,0.626694991457719,0.781153272912909,0.191149819945777,0.378540558012044
1144.4,19.0733333333333,0.626721813517594,0.781188712700964,0.191119646280566,0.378556761844792
1144.6,19.0766666666667,0.626748631601092,0.781224121995933,0.191089405436545,0.378572963206773
1144.8,19.08,0.626775445847059,0.78125950120524,0.19105909810299,0.378589162182466
1145,19.0833333333333,0.62680225639311,0.781294850732576,0.191028724964394,0.3786053588556
1145.2,19.0866666666667,0.626829063375644,0.781330170977935,0.190998286700496,0.378621553309166
1145.4,19.09,0.626855866929847,0.781365462337646,0.190967783986312,0.378637745625417
1145.6,19.0933333333333,0.62688266718971,0.78140072520441,0.190937217492169,0.37865393588588
1145.8,19.0966666666667,0.626909464288028,0.781435959967332,0.190906587883732,0.378670124171355
1146,19.1,0.626936258356419,0.781471167011958,0.190875895822039,0.378686310561925
1146.2,19.1033333333333,0.626963049525329,0.781506346720303,0.190845141963529,0.378702495136961
1146.4,19.1066666666667,0.626989837924039,0.781541499470889,0.190814326960073,0.378718677975128
1146.6,19.11,0.62701662368068,0.781576625638774,0.190783451459004,0.378734859154388
1146.8,19.1133333333333,0.627043406922237,0.781611725595586,0.190752516103149,0.378751038752008
1147,19.1166666666667,0.627070187774559,0.781646799709556,0.190721521530857,0.378767216844568
1147.2,19.12,0.627096966362372,0.781681848345545,0.190690468376029,0.378783393507958
1147.4,19.1233333333333,0.627123742809282,0.781716871865083,0.190659357268148,0.378799568817393
1147.6,19.1266666666667,0.627150517237785,0.781751870626391,0.190628188832306,0.378815742847412
1147.8,19.13,0.627177289769282,0.781786844984419,0.190596963689239,0.378831915671885
1148,19.1333333333333,0.627204060524078,0.781821795290872,0.190565682455349,0.37884808736402
1148.2,19.1366666666667,0.627230829621397,0.78185672189424,0.190534345742737,0.378864257996366
1148.4,19.14,0.62725759717939,0.781891625139833,0.190502954159233,0.37888042764082
1148.6,19.1433333333333,0.627284363315139,0.781926505369801,0.190471508308417,0.378896596368628
1148.8,19.1466666666667,0.627311128144671,0.781961362923174,0.190440008789658,0.378912764250396
1149,19.15,0.627337891782965,0.781996198135881,0.190408456198132,0.378928931356093
1149.2,19.1533333333333,0.627364654343954,0.782031011340785,0.190376851124856,0.37894509775505
1149.4,19.1566666666667,0.627391415940543,0.782065802867708,0.190345194156715,0.378961263515977
1149.6,19.16,0.627418176684609,0.782100573043461,0.190313485876488,0.378977428706955
1149.8,19.1633333333333,0.627444936687014,0.782135322191868,0.190281726862874,0.37899359339545
1150,19.1666666666667,0.62747169605761,0.782170050633798,0.190249917690525,0.379009757648314
1150.2,19.17,0.627498454905248,0.78220475868719,0.190218058930065,0.379025921531789
1150.4,19.1733333333333,0.627525213337785,0.782239446667078,0.190186151148126,0.379042085111516
1150.6,19.1766666666667,0.627551971462094,0.78227411488562,0.190154194907365,0.379058248452535
1150.8,19.18,0.627578729384069,0.782308763652125,0.190122190766499,0.379074411619291
1151,19.1833333333333,0.627605487208633,0.782343393273075,0.190090139280326,0.37909057467564
1151.2,19.1866666666667,0.627632245039746,0.782378004052154,0.190058040999752,0.379106737684852
1151.4,19.19,0.627659002980415,0.782412596290273,0.190025896471821,0.379122900709616
1151.6,19.1933333333333,0.627685761132696,0.782447170285594,0.189993706239736,0.379139063812048
1151.8,19.1966666666667,0.627712519597706,0.782481726333558,0.189961470842886,0.379155227053686
1152,19.2,0.627739278475627,0.782516264726903,0.189929190816873,0.379171390495507
1152.2,19.2033333333333,0.627766037865717,0.782550785755699,0.189896866693537,0.37918755419792
1152.4,19.2066666666667,0.627792797866314,0.78258528970736,0.189864499000979,0.379203718220779
1152.6,19.21,0.627819558574843,0.782619776866677,0.189832088263589,0.37921988262338
1152.8,19.2133333333333,0.627846320087825,0.78265424751584,0.18979963500207,0.379236047464473
1153,19.2166666666667,0.627873082500883,0.782688701934458,0.189767139733462,0.379252212802259
1153.2,19.22,0.627899845908748,0.782723140399585,0.189734602971167,0.379268378694398
1153.4,19.2233333333333,0.627926610405269,0.782757563185743,0.189702025224974,0.379284545198014
1153.6,19.2266666666667,0.627953376083415,0.782791970564944,0.189669407001081,0.379300712369696
1153.8,19.23,0.627980143035286,0.782826362806712,0.189636748802122,0.379316880265504
1154,19.2333333333333,0.628006911352117,0.782860740178109,0.189604051127192,0.379333048940974
1154.2,19.2366666666667,0.628033681124287,0.78289510294375,0.189571314471864,0.37934921845112
1154.4,19.24,0.628060452441324,0.782929451365833,0.189538539328222,0.379365388850438
1154.6,19.2433333333333,0.628087225391909,0.782963785704154,0.189505726184876,0.379381560192913
1154.8,19.2466666666667,0.62811400006389,0.782998106216133,0.189472875526993,0.379397732532018
1155,19.25,0.628140776544279,0.783032413156833,0.189439987836312,0.379413905920724
1155.2,19.2533333333333,0.628167554919266,0.783066706778981,0.189407063591176,0.379430080411498
1155.4,19.2566666666667,0.628194335274221,0.783100987332989,0.189374103266547,0.37944625605631
1155.6,19.26,0.628221117693702,0.783135255066977,0.189341107334035,0.379462432906635
1155.8,19.2633333333333,0.628247902261461,0.78316951022679,0.189308076261914,0.379478611013462
1156,19.2666666666667,0.628274689060449,0.783203753056019,0.189275010515153,0.379494790427288
1156.2,19.27,0.628301478172823,0.783237983796021,0.18924191055543,0.379510971198132
1156.4,19.2733333333333,0.628328269679955,0.783272202685942,0.189208776841159,0.379527153375532
1156.6,19.2766666666667,0.62835506366243,0.783306409962732,0.189175609827512,0.379543337008551
1156.8,19.28,0.628381860200062,0.783340605861166,0.189142409966437,0.37955952214578
1157,19.2833333333333,0.628408659371891,0.783374790613865,0.189109177706687,0.379575708835344
1157.2,19.2866666666667,0.628435461256196,0.783408964451313,0.189075913493833,0.3795918971249
1157.4,19.29,0.628462265930495,0.783443127601876,0.189042617770292,0.379608087061647
1157.6,19.2933333333333,0.628489073471554,0.783477280291822,0.189009290975345,0.379624278692325
1157.8,19.2966666666667,0.628515883955393,0.783511422745338,0.188975933545161,0.37964047206322
1158,19.3,0.62854269745729,0.78354555518455,0.188942545912813,0.379656667220168
1158.2,19.3033333333333,0.628569514051788,0.783579677829539,0.188909128508307,0.379672864208559
1158.4,19.3066666666667,0.628596333812699,0.78361379089836,0.188875681758593,0.379689063073337
1158.6,19.31,0.62862315681311,0.78364789460706,0.188842206087596,0.379705263859007
1158.8,19.3133333333333,0.628649983125392,0.783681989169695,0.188808701916228,0.379721466609636
1159,19.3166666666667,0.628676812821198,0.78371607479835,0.188775169662412,0.379737671368858
1159.2,19.32,0.628703645971476,0.783750151703151,0.188741609741103,0.379753878179876
1159.4,19.3233333333333,0.62873048264647,0.783784220092287,0.188708022564307,0.379770087085467
1159.6,19.3266666666667,0.628757322915725,0.783818280172024,0.188674408541102,0.379786298127983
1159.8,19.33,0.628784166848097,0.783852332146724,0.188640768077655,0.379802511349356
1160,19.3333333333333,0.628811014511752,0.78388637621886,0.188607101577246,0.379818726791098
1160.2,19.3366666666667,0.628837865974176,0.783920412589032,0.188573409440285,0.379834944494309
1160.4,19.34,0.628864721302176,0.783954441455985,0.18853969206433,0.379851164499678
1160.6,19.3433333333333,0.628891580561888,0.783988463016625,0.188505949844113,0.379867386847483
1160.8,19.3466666666667,0.628918443818784,0.784022477466032,0.18847218317155,0.3798836115776
1161,19.35,0.628945311137671,0.78405648499748,0.188438392435766,0.379899838729501
1161.2,19.3533333333333,0.6289721825827,0.784090485802451,0.188404578023116,0.379916068342259
1161.4,19.3566666666667,0.628999058217372,0.784124480070647,0.188370740317196,0.379932300454551
1161.6,19.36,0.629025938104539,0.784158467990012,0.18833687969887,0.379948535104662
1161.8,19.3633333333333,0.629052822306413,0.784192449746743,0.188302996546283,0.379964772330485
1162,19.3666666666667,0.629079710884567,0.784226425525305,0.188269091234882,0.379981012169527
1162.2,19.37,0.629106603899943,0.784260395508447,0.188235164137436,0.37999725465891
1162.4,19.3733333333333,0.629133501412855,0.784294359877217,0.18820121562405,0.380013499835376
1162.6,19.3766666666667,0.629160403482992,0.784328318810974,0.188167246062186,0.380029747735286
1162.8,19.38,0.629187310169429,0.784362272487409,0.18813325581668,0.380045998394626
1163,19.3833333333333,0.629214221530622,0.784396221082551,0.188099245249762,0.380062251849011
1163.2,19.3866666666667,0.629241137624423,0.784430164770787,0.188065214721072,0.380078508133684
1163.4,19.39,0.629268058508076,0.784464103724873,0.188031164587676,0.38009476728352
1163.6,19.3933333333333,0.629294984238226,0.784498038115952,0.187997095204087,0.38011102933303
1163.8,19.3966666666667,0.629321914870923,0.784531968113562,0.187963006922281,0.380127294316364
1164,19.4,0.629348850461625,0.784565893885655,0.187928900091714,0.380143562267312
1164.2,19.4033333333333,0.629375791065203,0.784599815598606,0.187894775059341,0.380159833219307
1164.4,19.4066666666667,0.629402736735947,0.784633733417232,0.187860632169628,0.380176107205429
1164.6,19.41,0.629429687527568,0.784667647504799,0.187826471764576,0.380192384258405
1164.8,19.4133333333333,0.629456643493203,0.784701558023039,0.187792294183733,0.380208664410615
1165,19.4166666666667,0.629483604685421,0.784735465132164,0.187758099764214,0.380224947694094
1165.2,19.42,0.629510571156225,0.784769368990875,0.187723888840715,0.38024123414053
1165.4,19.4233333333333,0.629537542957055,0.784803269756378,0.187689661745529,0.380257523781272
1165.6,19.4266666666667,0.629564520138797,0.784837167584396,0.187655418808567,0.380273816647332
1165.8,19.43,0.629591502751784,0.78487106262918,0.187621160357369,0.380290112769384
1166,19.4333333333333,0.629618490845798,0.784904955043525,0.187586886717125,0.380306412177769
1166.2,19.4366666666667,0.629645484470079,0.784938844978778,0.187552598210686,0.380322714902497
1166.4,19.44,0.629672483673324,0.784972732584852,0.187518295158586,0.38033902097325
1166.6,19.4433333333333,0.629699488503697,0.785006618010241,0.187483977879052,0.380355330419384
1166.8,19.4466666666667,0.629726499008825,0.785040501402026,0.187449646688025,0.380371643269932
1167,19.45,0.629753515235811,0.785074382905892,0.18741530189917,0.380387959553603
1167.2,19.4533333333333,0.629780537231229,0.785108262666139,0.187380943823899,0.380404279298789
1167.4,19.4566666666667,0.629807565041135,0.78514214082569,0.187346572771378,0.380420602533567
1167.6,19.46,0.629834598711067,0.785176017526108,0.187312189048552,0.380436929285698
1167.8,19.4633333333333,0.62986163828605,0.785209892907602,0.187277792960151,0.38045325958263
1168,19.4666666666667,0.629888683810599,0.785243767109042,0.187243384808711,0.380469593451504
1168.2,19.47,0.629915735328725,0.785277640267971,0.187208964894587,0.380485930919152
1168.4,19.4733333333333,0.629942792883935,0.785311512520612,0.187174533515968,0.380502272012102
1168.6,19.4766666666667,0.629969856519239,0.785345384001881,0.187140090968895,0.380518616756578
1168.8,19.48,0.629996926277152,0.7853792548454,0.18710563754727,0.380534965178505
1169,19.4833333333333,0.630024002199699,0.785413125183506,0.187071173542876,0.380551317303509
1169.2,19.4866666666667,0.630051084328416,0.785446995147259,0.187036699245388,0.380567673156919
1169.4,19.49,0.630078172704357,0.78548086486646,0.187002214942389,0.380584032763772
1169.6,19.4933333333333,0.630105267368095,0.785514734469652,0.186967720919388,0.380600396148811
1169.8,19.4966666666667,0.630132368359726,0.78554860408414,0.186933217459825,0.38061676333649
1170,19.5,0.630159475718873,0.785582473835993,0.186898704845096,0.380633134350977
1170.2,19.5033333333333,0.630186589484691,0.785616343850059,0.18686418335456,0.380649509216153
1170.4,19.5066666666667,0.630213709695866,0.785650214249974,0.186829653265555,0.380665887955617
1170.6,19.51,0.630240836390623,0.785684085158174,0.186795114853412,0.380682270592684
1170.8,19.5133333333333,0.630267969606728,0.7857179566959,0.186760568391472,0.380698657150394
1171,19.5166666666667,0.630295109381489,0.785751828983212,0.186726014151092,0.380715047651505
1171.2,19.52,0.630322255751762,0.785785702138999,0.186691452401667,0.380731442118505
1171.4,19.5233333333333,0.630349408753956,0.785819576280986,0.186656883410639,0.380747840573605
1171.6,19.5266666666667,0.630376568424029,0.785853451525744,0.186622307443512,0.380764243038746
1171.8,19.53,0.630403734797501,0.785887327988703,0.186587724763864,0.380780649535601
1172,19.5333333333333,0.63043090790945,0.785921205784156,0.186553135633361,0.380797060085574
1172.2,19.5366666666667,0.630458087794518,0.785955085025273,0.186518540311773,0.380813474709806
1172.4,19.54,0.630485274486912,0.785988965824109,0.186483939056981,0.380829893429174
1172.6,19.5433333333333,0.630512468020413,0.78602284829161,0.186449332124997,0.380846316264291
1172.8,19.5466666666667,0.630539668428371,0.786056732537628,0.186414719769972,0.380862743235515
1173,19.55,0.630566875743714,0.786090618670923,0.18638010224421,0.380879174362943
1173.2,19.5533333333333,0.630594089998949,0.78612450679918,0.186345479798183,0.380895609666418
1173.4,19.5566666666667,0.630621311226166,0.786158397029008,0.186310852680541,0.380912049165528
1173.6,19.56,0.63064853945704,0.786192289465959,0.186276221138126,0.380928492879611
1173.8,19.5633333333333,0.630675774722832,0.78622618421453,0.186241585415984,0.380944940827752
1174,19.5666666666667,0.630703017054398,0.786260081378172,0.186206945757377,0.380961393028792
1174.2,19.57,0.630730266482187,0.786293981059303,0.186172302403797,0.38097784950132
1174.4,19.5733333333333,0.630757523036244,0.786327883359311,0.186137655594978,0.380994310263685
1174.6,19.5766666666667,0.630784786746216,0.786361788378566,0.186103005568905,0.38101077533399
1174.8,19.58,0.630812057641352,0.786395696216426,0.186068352561832,0.381027244730099
1175,19.5833333333333,0.630839335750507,0.786429606971247,0.186033696808287,0.381043718469635
1175.2,19.5866666666667,0.630866621102145,0.786463520740391,0.185999038541091,0.381060196569984
1175.4,19.59,0.630893913724343,0.786497437620232,0.185964377991365,0.381076679048296
1175.6,19.5933333333333,0.630921213644789,0.786531357706167,0.185929715388542,0.381093165921487
1175.8,19.5966666666667,0.630948520890793,0.786565281092622,0.185895050960384,0.381109657206239
1176,19.6,0.63097583548928,0.786599207873059,0.185860384932985,0.381126152919006
1176.2,19.6033333333333,0.631003157466803,0.786633138139988,0.185825717530791,0.381142653076009
1176.4,19.6066666666667,0.631030486849535,0.786667071984969,0.185791048976606,0.381159157693245
1176.6,19.61,0.631057823663282,0.786701009498623,0.185756379491605,0.381175666786483
1176.8,19.6133333333333,0.631085167933479,0.78673495077064,0.185721709295346,0.381192180371268
1177,19.6166666666667,0.631112519685193,0.786768895889785,0.185687038605782,0.381208698462923
1177.2,19.62,0.631139878943129,0.786802844943906,0.185652367639269,0.381225221076549
1177.4,19.6233333333333,0.631167245731631,0.786836798019942,0.18561769661058,0.381241748227029
1177.6,19.6266666666667,0.631194620074684,0.786870755203927,0.185583025732915,0.381258279929027
1177.8,19.63,0.631222001995917,0.786904716581004,0.185548355217912,0.38127481619699
1178,19.6333333333333,0.631249391518605,0.786938682235425,0.185513685275658,0.381291357045153
1178.2,19.6366666666667,0.631276788665673,0.786972652250563,0.185479016114701,0.381307902487534
1178.4,19.64,0.631304193459697,0.787006626708915,0.185444347942058,0.381324452537943
1178.6,19.6433333333333,0.631331605922908,0.787040605692115,0.185409680963227,0.381341007209977
1178.8,19.6466666666667,0.631359026077192,0.787074589280934,0.185375015382199,0.381357566517026
1179,19.65,0.631386453944095,0.787108577555291,0.185340351401466,0.381374130472272
1179.2,19.6533333333333,0.631413889544826,0.78714257059426,0.185305689222034,0.381390699088693
1179.4,19.6566666666667,0.631441332900256,0.787176568476073,0.185271029043432,0.38140727237906
1179.6,19.66,0.631468784030922,0.787210571278133,0.185236371063722,0.381423850355944
1179.8,19.6633333333333,0.631496242957033,0.787244579077015,0.18520171547951,0.381440433031713
1180,19.6666666666667,0.631523709698465,0.787278591948473,0.185167062485956,0.381457020418536
1182,19.7,0.631798690398988,0.787618888794877,0.184820636337444,0.381623047918345
1184,19.7333333333333,0.632074554665375,0.787959758896449,0.184474638794742,0.381788917034488
1186,19.7666666666667,0.632351287819383,0.78830127679457,0.184129249636986,0.381936708926374
1188,19.8,0.632630244551555,0.788643477824665,0.183784631565939,0.381590656911599
1190,19.8333333333333,0.632947255451829,0.788985823294414,0.183440863166681,0.368085516663668
1192,19.8666666666667,0.634255835514335,0.789312673414072,0.18309609739734,0.00426703778616611
1194,19.9,0.661938815043495,0.78920657495127,0.182697519471326,0
1196,19.9333333333333,0.66579918091343,0.792301832907839,0.182716909938142,0
1198,19.9666666666667,0.666950725100419,0.795424150618455,0.182764815180109,0
1200,20,0.667781175686511,0.798258858370115,0.182797972467296,0
1202,20.0333333333333,0.668532181054422,0.800809708141628,0.182812452897319,0
1204,20.0666666666667,0.669233124420837,0.803107649019567,0.18280833757707,0
1206,20.1,0.669891777158311,0.805182620020628,0.18278620435932,0
1208,20.1333333333333,0.670513204934874,0.807061214025856,0.182746756077033,0
1210,20.1666666666667,0.671101705254676,0.808766842360791,0.182690763104562,0
1212,20.2,0.671661058571362,0.810320098224403,0.182619040391923,0
1214,20.2333333333333,0.67219460523671,0.811739097220649,0.182532430810073,0
1216,20.2666666666667,0.672705298928872,0.813039778276727,0.182431791608225,0
1218,20.3,0.673195752259494,0.814236167894787,0.18231798331104,0
1220,20.3333333333333,0.673668276783097,0.815340612064329,0.182191860680796,0
1222,20.3666666666667,0.674124918212878,0.816363979800132,0.182054265439836,0
1224,20.4,0.674567487435014,0.817315841797159,0.181906020491116,0
1226,20.4333333333333,0.674997587830183,0.818204627263768,0.181747925409959,0
1228,20.4666666666667,0.675416639348035,0.819037761616321,0.181580753010751,0
1230,20.5,0.675825899726038,0.819821787386839,0.18140524681899,0
1232,20.5333333333333,0.676226483196555,0.820562470404985,0.181222119302429,0
1234,20.5666666666667,0.676619376984208,0.821264893061301,0.181032050735317,0
1236,20.6,0.677005455858943,0.82193353623577,0.180835688587414,0
1238,20.6333333333333,0.677385494977968,0.822572351280485,0.180633647344852,0
1240,20.6666666666667,0.677760181221482,0.823184823274153,0.180426508683259,0
1242,20.7,0.678130123202264,0.823774026616174,0.180214821925187,0
1244,20.7333333333333,0.678495860107418,0.824342673896678,0.17999910472393,0
1246,20.7666666666667,0.678857869511378,0.824893158863703,0.179779843924584,0
1248,20.8,0.679216574282535,0.825427594207785,0.179557496560708,0
1250,20.8333333333333,0.679572348691015,0.825947844795739,0.179332490951522,0
1252,20.8666666666667,0.679925523812224,0.826455556907842,0.179105227870164,0
1254,20.9,0.68027639230937,0.826952183964659,0.178876081758434,0
1256,20.9333333333333,0.680625212668164,0.827439009170116,0.178645401967581,0
1258,20.9666666666667,0.680972212948136,0.82791716544517,0.178413514008334,0
1260,21,0.681317594107254,0.828387652980602,0.178180720796384,0
1262,21.0333333333333,0.681661532949788,0.828851354697258,0.177947303882214,0
1264,21.0666666666667,0.682004184741363,0.829309049866827,0.177713524656381,0
1266,21.1,0.682345685529928,0.829761426115351,0.177479625523251,0
1268,21.1333333333333,0.682686154206771,0.830209090004515,0.177245831037842,0
1270,21.1666666666667,0.68302569433762,0.830652576362034,0.177012349001735,0
1272,21.2,0.683364395790361,0.831092356511543,0.176779371515211,0
1274,21.2333333333333,0.683702336182738,0.831528845534139,0.176547075983695,0
1276,21.2666666666667,0.684039582170656,0.831962408677635,0.176315626077394,0
1278,21.3,0.684376190595268,0.832393367015506,0.176085172643682,0
1280,21.3333333333333,0.684712209504937,0.832822002445153,0.175855854572311,0
1282,21.3666666666667,0.68504767906622,0.833248562104236,0.175627799613957,0
1284,21.4,0.685382632376428,0.833673262274321,0.175401125153003,0
1286,21.4333333333333,0.685717096188822,0.834096291832711,0.175175938935664,0
1288,21.4666666666667,0.686051091560228,0.834517815305994,0.17495233975485,0
1290,21.5,0.686384634429743,0.834937975572397,0.174730418093262,0
1292,21.5333333333333,0.686717736136168,0.835356896254364,0.174510256726378,0
1294,21.5666666666667,0.687050403880974,0.835774683837808,0.174291931287027,0
1296,21.6,0.687382641142778,0.836191429550131,0.17407551079332,0
1298,21.6333333333333,0.687714448048665,0.836607211025237,0.173861058141728,0
1300,21.6666666666667,0.688045821707069,0.837022093780426,0.173648630567085,0
1302,21.7,0.688376756506389,0.837436132527063,0.173438280071287,0
1304,21.7333333333333,0.688707244383045,0.837849372334337,0.173230053822421,0
1306,21.7666666666667,0.689037275062287,0.838261849663104,0.173023994526039,0
1308,21.8,0.689366836274656,0.838673593284826,0.172820140770191,0
1310,21.8333333333333,0.689695913950714,0.839084625098812,0.172618527345849,0
1312,21.8666666666667,0.690024492396349,0.839494960859446,0.172419185544213,0
1314,21.9,0.690352554450702,0.839904610823673,0.172222143432399,0
1316,21.9333333333333,0.690680081628563,0.840313580327849,0.172027426108881,0
1318,21.9666666666667,0.691007054248845,0.840721870301956,0.171835055940042,0
1320,22,0.691333451550604,0.841129477728292,0.171645052779084,0
1322,22.0333333333333,0.691659251797889,0.841536396050875,0.1714574341685,0
1324,22.0666666666667,0.69198443237458,0.841942615541111,0.171272215527244,0
1326,22.1,0.692308969870244,0.842348123624615,0.171089410323665,0
1328,22.1333333333333,0.692632840157934,0.842752905173519,0.170909030235202,0
1330,22.1666666666667,0.692956018464736,0.843156942768099,0.170731085295803,0
1332,22.2,0.693278479435828,0.843560216931103,0.170555584031933,0
1334,22.2333333333333,0.693600197192676,0.843962706337812,0.170382533588015,0
1336,22.2666666666667,0.693921145385982,0.844364388004471,0.17021193984208,0
1338,22.3,0.694241297243894,0.844765237457467,0.170043807512346,0
1340,22.3333333333333,0.69456062561596,0.845165228885348,0.169878140255411,0
1342,22.3666666666667,0.694879103013245,0.845564335275534,0.169714940756679,0
1344,22.4,0.695196701644992,0.845962528537388,0.169554210813625,0
1346,22.4333333333333,0.695513393452163,0.846359779613085,0.169395951412432,0
1348,22.4666666666667,0.695829150138179,0.84675605857762,0.169240162798519,0
1350,22.5,0.696143943197117,0.847151334729077,0.169086844541419,0
1352,22.5333333333333,0.696457743939629,0.847545576670212,0.168935995594459,0
1354,22.5666666666667,0.696770523516783,0.847938752382269,0.168787614349649,0
1356,22.6,0.697082252942053,0.848330829291828,0.168641698688138,0
1358,22.6333333333333,0.697392903111616,0.848721774331431,0.168498246026614,0
1360,22.6666666666667,0.697702444823124,0.849111553994629,0.168357253359945,0
1362,22.7,0.698010848793113,0.849500134386028,0.168218717300372,0
1364,22.7333333333333,0.698318085673144,0.849887481266851,0.168082634113536,0
1366,22.7666666666667,0.698624126064843,0.850273560096475,0.167948999751578,0
1368,22.8,0.698928940533902,0.850658336070366,0.167817809883558,0
1370,22.8333333333333,0.69923249962317,0.851041774154764,0.167689059923405,0
1372,22.8666666666667,0.6995347738649,0.851423839118462,0.167562745055606,0
1374,22.9,0.699835733792244,0.851804495561962,0.167438860258805,0
1376,22.9333333333333,0.700135349950067,0.852183707944285,0.167317400327498,0
1378,22.9666666666667,0.700433592905127,0.852561440607656,0.167198359891962,0
1380,23,0.700730433255703,0.852937657800287,0.167081733436581,0
1382,23.0333333333333,0.701025841640711,0.853312323697446,0.166967515316688,0
1384,23.0666666666667,0.701319788748352,0.85368540242098,0.166855699774048,0
1386,23.1,0.701612245324343,0.85405685805744,0.166746280951098,0
1388,23.1333333333333,0.701903182179765,0.854426654674958,0.166639252904043,0
1390,23.1666666666667,0.702192570198568,0.854794756338987,0.166534609614905,0
1392,23.2,0.702480380344757,0.855161127127022,0.166432345002605,0
1394,23.2333333333333,0.702766583669292,0.855525731142395,0.166332452933169,0
1396,23.2666666666667,0.703051151316733,0.855888532527238,0.166234927229124,0
1398,23.3,0.703334054531641,0.856249495474699,0.166139761678152,0
1400,23.3333333333333,0.70361526466477,0.856608584240466,0.166046950041059,0
1402,23.3666666666667,0.703894753179057,0.85696576315369,0.16595648605913,0
1404,23.4,0.704172491655436,0.857320996627338,0.1658683634609,0
1406,23.4333333333333,0.70444845179849,0.857674249168052,0.165782575968416,0
1408,23.4666666666667,0.704722605441949,0.858025485385542,0.165699117302998,0
1410,23.5,0.704994924554054,0.858374670001577,0.165617981190578,0
1412,23.5333333333333,0.705265381242796,0.85872176785859,0.165539161366619,0
1414,23.5666666666667,0.705533947761039,0.859066743927949,0.165462651580672,0
1416,23.6,0.705800596511537,0.859409563317913,0.165388445600587,0
1418,23.6333333333333,0.706065300051856,0.859750191281313,0.165316537216413,0
1420,23.6666666666667,0.706328031099203,0.860088593222973,0.165246920244007,0
1422,23.7,0.706588762535174,0.860424734706898,0.165179588528384,0
1424,23.7333333333333,0.706847467410425,0.860758581463253,0.165114535946821,0
1426,23.7666666666667,0.707104118949271,0.861090099395142,0.165051756411736,0
1428,23.8,0.707358690554215,0.861419254585213,0.164991243873365,0
1430,23.8333333333333,0.707611155810423,0.861746013302105,0.16493299232225,0
1432,23.8666666666667,0.707861488490128,0.862070342006732,0.164876995791548,0
1434,23.9,0.708109662556991,0.862392207358448,0.164823248359185,0
1436,23.9333333333333,0.708355652170402,0.862711576221071,0.164771744149863,0
1438,23.9666666666667,0.708599431689733,0.863028415668798,0.164722477336922,0
1440,24,0.708840975678542,0.863342692992009,0.164675442144085,0
1442,24.0333333333333,0.709080258908738,0.863654375702975,0.164630632847083,0
1444,24.0666666666667,0.709317256364693,0.863963431541465,0.164588043775173,0
1446,24.1,0.709551943247318,0.864269828480274,0.164547669312553,0
1448,24.1333333333333,0.709784294978096,0.864573534730665,0.164509503899689,0
1450,24.1666666666667,0.710014287203078,0.864874518747737,0.164473542034552,0
1452,24.2,0.71024189579683,0.865172749235714,0.16443977827378,0
1454,24.2333333333333,0.710467096866356,0.865468195153177,0.164408207233762,0
1456,24.2666666666667,0.710689866754972,0.865760825718218,0.164378823591651,0
1458,24.3,0.710910182046149,0.866050610413543,0.164351622086321,0
1460,24.3333333333333,0.711128019567309,0.866337518991504,0.164326597519252,0
1462,24.3666666666667,0.7113433563936,0.866621521479084,0.164303744755366,0
1464,24.4,0.711556169851619,0.866902588182817,0.164283058723812,0
1466,24.4333333333333,0.711766437523106,0.867180689693662,0.164264534418692,0
1468,24.4666666666667,0.711974137248596,0.867455796891818,0.164248166899753,0
1470,24.5,0.712179247131039,0.867727880951487,0.16423395129302,0
1472,24.5333333333333,0.712381745539377,0.867996913345594,0.164221882791402,0
1474,24.5666666666667,0.712581611112089,0.868262865850446,0.164211956655249,0
1476,24.6,0.712778822760688,0.868525710550348,0.164204168212877,0
1478,24.6333333333333,0.712973359673189,0.86878541984217,0.164198512861051,0
1480,24.6666666666667,0.713165201317534,0.86904196643986,0.164194986065444,0
1482,24.7,0.713354327444976,0.869295323378912,0.164193583361056,0
1484,24.7333333333333,0.71354071809342,0.869545464020786,0.164194300352605,0
1486,24.7666666666667,0.713724353590731,0.869792362057273,0.164197132714887,0
1488,24.8,0.713905214557993,0.870035991514816,0.164202076193115,0
1490,24.8333333333333,0.714083281912728,0.87027632675878,0.164209126603219,0
1492,24.8666666666667,0.714258536872073,0.870513342497671,0.164218279832128,0
1494,24.9,0.714430960955909,0.870747013787303,0.164229531838028,0
1496,24.9333333333333,0.714600535989955,0.870977316034918,0.164242878650588,0
1498,24.9666666666667,0.714767244108805,0.871204225003252,0.164258316371171,0
1500,25,0.714931067758927,0.871427716814544,0.164275841173015,0
1502,25.0333333333333,0.715091989701612,0.871647767954505,0.164295449301397,0
1504,25.0666666666667,0.715249993015878,0.871864355276215,0.164317137073771,0
1506,25.1,0.715405061101324,0.872077456003983,0.164340900879888,0
1508,25.1333333333333,0.715557177680934,0.872287047737141,0.164366737181893,0
1510,25.1666666666667,0.715706326803835,0.872493108453786,0.164394642514405,0
1512,25.2,0.715852492848,0.872695616514464,0.164424613484571,0
1514,25.2333333333333,0.715995660522903,0.872894550665795,0.164456646772105,0
1516,25.2666666666667,0.716135814872123,0.873089890044045,0.164490739129309,0
1518,25.3,0.71627294127589,0.873281614178631,0.16452688738107,0
1520,25.3333333333333,0.71640702545358,0.873469702995571,0.164565088424839,0
1522,25.3666666666667,0.716538053466163,0.873654136820871,0.164605339230598,0
1524,25.4,0.71666601171858,0.873834896383852,0.1646476368408,0
1526,25.4333333333333,0.716790886962082,0.874011962820408,0.164691978370295,0
1528,25.4666666666667,0.716912666296501,0.874185317676208,0.164738361006235,0
1530,25.5,0.717031337172463,0.874354942909829,0.164786782007968,0
1532,25.5333333333333,0.717146887393555,0.874520820895822,0.164837238706904,0
1534,25.5666666666667,0.717259305118419,0.874682934427719,0.164889728506373,0
1536,25.6,0.717368578862797,0.874841266720958,0.164944248881455,0
1538,25.6333333333333,0.717474697501509,0.874995801415758,0.165000797378804,0
1540,25.6666666666667,0.717577650270379,0.875146522579911,0.165059371616441,0
1542,25.7,0.717677426768088,0.875293414711508,0.165119969283544,0
1544,25.7333333333333,0.717774016957976,0.875436462741599,0.165182588140205,0
1546,25.7666666666667,0.717867411169775,0.875575652036772,0.165247226017184,0
1548,25.8,0.717957600101284,0.87571096840167,0.165313880815631,0
1550,25.8333333333333,0.718044574819973,0.875842398081425,0.165382550506803,0
1552,25.8666666666667,0.71812832676453,0.875969927764025,0.165453233131756,0
1554,25.9,0.718208847746339,0.876093544582603,0.16552592680102,0
1556,25.9333333333333,0.718286129950897,0.87621323611765,0.165600629694254,0
1558,25.9666666666667,0.718360165939157,0.876328990399154,0.165677340059892,0
1560,26,0.718430948648814,0.876440795908658,0.16575605621476,0
1562,26.0333333333333,0.71849847139552,0.876548641581245,0.165836776543678,0
1564,26.0666666666667,0.718562727874028,0.876652516807442,0.16591949949905,0
1566,26.1,0.718623712159278,0.876752411435043,0.166004223600428,0
1568,26.1333333333333,0.718681418707402,0.876848315770856,0.166090947434056,0
1570,26.1666666666667,0.718735842356677,0.876940220582369,0.166179669652408,0
1572,26.2,0.718786978328387,0.877028117099328,0.166270388973691,0
1574,26.2333333333333,0.718834822227642,0.877111997015248,0.166363104181338,0
1576,26.2666666666667,0.718879370044102,0.877191852488825,0.166457814123483,0
1578,26.3,0.718920618152651,0.877267676145278,0.166554517712414,0
1580,26.3333333333333,0.718958563313989,0.877339461077601,0.166653213924003,0
1582,26.3666666666667,0.718993202675159,0.877407200847735,0.166753901797122,0
1584,26.4,0.71902453377,0.877470889487654,0.166856580433039,0
1586,26.4333333333333,0.71905255451953,0.877530521500364,0.166961248994792,0
1588,26.4666666666667,0.719077263232261,0.877586091860825,0.16706790670654,0
1590,26.5,0.71909865860444,0.877637596016776,0.167176552852898,0
1592,26.5333333333333,0.719116739720214,0.877685029889488,0.167287186778255,0
1594,26.5666666666667,0.719131506051736,0.877728389874415,0.167399807886058,0
1596,26.6,0.719142957459183,0.877767672841776,0.167514415638092,0
1598,26.6333333333333,0.719151094190715,0.877802876137034,0.167631009553723,0
1600,26.6666666666667,0.719155916882357,0.877833997581299,0.167749589209132,0
1602,26.7,0.719157426557808,0.877861035471641,0.167870154236521,0
1604,26.7333333333333,0.719155624628183,0.877883988581314,0.167992704323296,0
1606,26.7666666666667,0.719150512891673,0.877902856159892,0.168117239211233,0
1608,26.8,0.719142093533147,0.877917637933322,0.168243758695618,0
1610,26.8333333333333,0.719130369123668,0.877928334103884,0.168372262624364,0
1612,26.8666666666667,0.719115342619948,0.877934945350063,0.16850275089711,0
1614,26.9,0.719097017363726,0.877937472826342,0.168635223464288,0
1616,26.9333333333333,0.719075397081074,0.877935918162891,0.168769680326177,0
1618,26.9666666666667,0.719050485881634,0.877930283465185,0.168906121531925,0
1620,27,0.719022288257779,0.877920571313523,0.169044547178552,0
1622,27.0333333333333,0.718990809083713,0.877906784762459,0.169184957409926,0
1624,27.0666666666667,0.718956053614485,0.877888927340156,0.169327352415718,0
1626,27.1,0.718918027484945,0.877867003047636,0.169471732430326,0
1628,27.1333333333333,0.718876736708625,0.877841016357959,0.169618097731783,0
1630,27.1666666666667,0.718832187676546,0.877810972215301,0.169766448640631,0
1632,27.2,0.718784387155961,0.87777687603395,0.169916785518774,0
1634,27.2333333333333,0.718733342289025,0.877738733697219,0.170069108768303,0
1636,27.2666666666667,0.718679060591399,0.877696551556267,0.170223418830301,0
1638,27.3,0.718621549950778,0.877650336428831,0.170379716183609,0
1640,27.3333333333333,0.718560818625357,0.877600095597881,0.170538001343578,0
1642,27.3666666666667,0.718496875242226,0.877545836810179,0.170698274860786,0
1644,27.4,0.718429728795701,0.877487568274759,0.170860537319732,0
1646,27.4333333333333,0.71835938864558,0.877425298661321,0.171024789337498,0
1648,27.4666666666667,0.71828586451534,0.877359037098533,0.171191031562388,0
1650,27.5,0.71820916649026,0.877288793172263,0.171359264672531,0
1652,27.5333333333333,0.718129305015488,0.877214576923711,0.171529489374468,0
1654,27.5666666666667,0.718046290894033,0.877136398847467,0.171701706401692,0
1656,27.6,0.717960135284697,0.877054269889488,0.171875916513179,0
1658,27.6333333333333,0.717870849699943,0.876968201444982,0.17205212049187,0
1660,27.6666666666667,0.717778446003694,0.876878205356222,0.172230319143139,0
1662,27.7,0.71768293640908,0.87678429391027,0.172410513293218,0
1664,27.7333333333333,0.717584333476109,0.876686479836627,0.1725927037876,0
1666,27.7666666666667,0.717482650109284,0.876584776304796,0.172776891489408,0
1668,27.8,0.717377899555161,0.876479196921772,0.172963077277729,0
1670,27.8333333333333,0.717270095399839,0.876369755729448,0.173151262045924,0
1672,27.8666666666667,0.717159251566394,0.876256467201947,0.173341446699898,0
1674,27.9,0.717045382312259,0.876139346242877,0.173533632156341,0
1676,27.9333333333333,0.716928502226532,0.876018408182504,0.173727819340941,0
1678,27.9666666666667,0.716808626227242,0.875893668774855,0.173924009186553,0
1680,28,0.716685769558546,0.875765144194741,0.174122202631342,0
1682,28.0333333333333,0.71655994778788,0.875632851034715,0.174322400616894,0
1684,28.0666666666667,0.716431176803042,0.875496806301941,0.174524604086287,0
1686,28.1,0.716299472809234,0.875357027415009,0.174728813982129,0
1688,28.1333333333333,0.716164852326038,0.875213532200661,0.174935031244564,0
1690,28.1666666666667,0.716027332184352,0.875066338890461,0.175143256809241,0
1692,28.2,0.715886929523258,0.874915466117384,0.175353491605245,0
1694,28.2333333333333,0.715743661786854,0.87476093291234,0.175565736552995,0
1696,28.2666666666667,0.715597546721028,0.874602758700637,0.175779992562108,0
1698,28.3,0.715448602370178,0.874440963298362,0.175996260529218,0
1700,28.3333333333333,0.715296847073896,0.874275566908709,0.176214541335767,0
1702,28.3666666666667,0.715142299463592,0.87410659011824,0.176434835845754,0
1704,28.4,0.714984978459076,0.873934053893073,0.176657144903445,0
1706,28.4333333333333,0.714824903265098,0.873757979575019,0.176881469331053,0
1708,28.4666666666667,0.714662093367834,0.873578388877648,0.177107809926364,0
1710,28.5,0.714496568531336,0.873395303882302,0.177336167460345,0
1712,28.5333333333333,0.714328348793934,0.873208747034037,0.177566542674694,0
1714,28.5666666666667,0.714157454464599,0.873018741137522,0.17779893627936,0
1716,28.6,0.713983906119261,0.872825309352862,0.178033348950026,0
1718,28.6333333333333,0.713807724597091,0.872628475191382,0.17826978132554,0
1720,28.6666666666667,0.713628930996741,0.872428262511344,0.178508234005322,0
1722,28.7,0.713447546672545,0.872224695513613,0.178748707546714,0
1724,28.7333333333333,0.713263593230687,0.872017798737271,0.178991202462302,0
1726,28.7666666666667,0.713077092525325,0.871807597055179,0.179235719217187,0
1728,28.8,0.712888066654689,0.871594115669488,0.17948225822622,0
1730,28.8333333333333,0.712696537957136,0.871377380107098,0.179730819851197,0
1732,28.8666666666667,0.712502529007178,0.871157416215072,0.179981404398003,0
1734,28.9,0.712306062611474,0.870934250156,0.180234012113721,0
1736,28.9333333333333,0.712107161804792,0.870707908403323,0.180488643183696,0
1738,28.9666666666667,0.711905849845944,0.8704784177366,0.180745297728557,0
1740,29,0.71170215021368,0.870245805236745,0.181003975801191,0
1742,29.0333333333333,0.711496086602571,0.870010098281216,0.181264677383683,0
1744,29.0666666666667,0.711287682918852,0.869771324539156,0.181527402384198,0
1746,29.1,0.711076963276243,0.869529511966509,0.181792150633835,0
1748,29.1333333333333,0.710863951991744,0.869284688801082,0.182058921883421,0
1750,29.1666666666667,0.710648673581406,0.869036883557581,0.182327715800275,0
1752,29.2,0.710431152756084,0.868786125022605,0.182598531964915,0
1754,29.2333333333333,0.710211414417156,0.868532442249606,0.182871369867727,0
1756,29.2666666666667,0.709989483652234,0.868275864553816,0.183146228905587,0
1758,29.3,0.709765385730846,0.868016421507143,0.183423108378439,0
1760,29.3333333333333,0.709539146100105,0.867754142933032,0.183702007485824,0
1762,29.3666666666667,0.709310790380354,0.8674890589013,0.183982925323365,0
1764,29.4,0.7090803443608,0.867221199722938,0.184265860879209,0
1766,29.4333333333333,0.70884783399513,0.866950595944893,0.184550813030421,0
1768,29.4666666666667,0.708613285397108,0.866677278344815,0.184837780539328,0
1770,29.5,0.708376724836166,0.866401277925786,0.185126762049823,0
1772,29.5333333333333,0.708138178732976,0.866122625911021,0.18541775608362,0
1774,29.5666666666667,0.70789767365501,0.865841353738549,0.185710761036463,0
1776,29.6,0.707655236312097,0.865557493055872,0.186005775174287,0
1778,29.6333333333333,0.707410893551957,0.865271075714607,0.186302796629339,0
1780,29.6666666666667,0.707164672355739,0.864982133765103,0.186601823396239,0
1782,29.7,0.706916599833546,0.864690699451046,0.186902853328012,0
1784,29.7333333333333,0.706666703219949,0.864396805204046,0.18720588413206,0
1786,29.7666666666667,0.706415009869502,0.864100483638212,0.187510913366097,0
1788,29.8,0.706161547252249,0.863801767544707,0.187817938434027,0
1790,29.8333333333333,0.705906342949225,0.863500689886295,0.188126956581789,0
1792,29.8666666666667,0.70564942464796,0.86319728379188,0.188437964893145,0
1794,29.9,0.705390820137974,0.862891582551027,0.18875096028543,0
1796,29.9333333333333,0.705130557306278,0.86258361960848,0.189065939505248,0
1798,29.9666666666667,0.704868664132866,0.86227342855867,0.189382899124132,0
1800,30,0.70460516868622,0.861961043140218,0.189701835534151,0
1802,30.0333333333333,0.704340099118803,0.861646497230434,0.190022744943477,0
1804,30.0666666666667,0.704073483662566,0.861329824839806,0.190345623371903,0
1806,30.1,0.703805350624453,0.861011060106495,0.190670466646318,0
1808,30.1333333333333,0.703535728381912,0.86069023729082,0.190997270396141,0
1810,30.1666666666667,0.703264645378412,0.860367390769749,0.191326030048709,0
1812,30.2,0.702992130118964,0.860042555031387,0.191656740824618,0
1814,30.2333333333333,0.702718211165652,0.859715764669464,0.191989397733025,0
1816,30.2666666666667,0.702442917133172,0.859387054377834,0.19232399556691,0
1818,30.3,0.702166276684376,0.859056458944969,0.192660528898289,0
1820,30.3333333333333,0.701888318525831,0.858724013248461,0.192998992073392,0
1822,30.3666666666667,0.701609071403389,0.858389752249535,0.193339379207795,0
1824,30.4,0.701328564097761,0.858053710987562,0.193681684181515,0
1826,30.4333333333333,0.701046825420111,0.857715924574584,0.194025900634065,0
1828,30.4666666666667,0.700763884207663,0.857376428189853,0.19437202195947,0
1830,30.5,0.700479769319317,0.85703525707437,0.194720041301243,0
1832,30.5333333333333,0.700194509631282,0.856692446525446,0.195069951547323,0
1834,30.5666666666667,0.699908134032728,0.856348031891271,0.195421745324982,0
1836,30.6,0.699620671421453,0.856002048565496,0.195775414995689,0
1838,30.6333333333333,0.69933215069956,0.855654531981832,0.196130952649945,0
1840,30.6666666666667,0.699042600769165,0.855305517608664,0.196488350102079,0
1842,30.7,0.698752050528115,0.854955040943682,0.196847598885014,0
1844,30.7333333333333,0.698460528865723,0.85460313750853,0.197208690245001,0
1846,30.7666666666667,0.698168064658535,0.854249842843472,0.197571615136322,0
1848,30.8,0.697874686766106,0.853895192502083,0.19793636421596,0
1850,30.8333333333333,0.697580424026807,0.85353922204595,0.198302927838249,0
1852,30.8666666666667,0.697285305253645,0.853181967039411,0.198671296049486,0
1854,30.9,0.696989359230115,0.8528234630443,0.199041458582524,0
1856,30.9333333333333,0.696692614706074,0.852463745614728,0.199413404851339,0
1858,30.9666666666667,0.696395100393635,0.85210285029188,0.199787123945573,0
1860,31,0.69609684496309,0.851740812598844,0.200162604625056,0
1862,31.0333333333333,0.695797877038862,0.851377668035464,0.200539835314307,0
1864,31.0666666666667,0.695498225195477,0.851013452073215,0.200918804097018,0
1866,31.1,0.695197917953569,0.850648200150117,0.201299498710518,0
1868,31.1333333333333,0.694896983775909,0.85028194766567,0.201681906540227,0
1870,31.1666666666667,0.694595451063468,0.849914729975819,0.20206601461409,0
1872,31.2,0.694293348151503,0.849546582387953,0.202451809597005,0
1874,31.2333333333333,0.693990703305679,0.849177540155936,0.202839277785236,0
1876,31.2666666666667,0.693687544718215,0.848807638475166,0.203228405100825,0
1878,31.3,0.69338390050407,0.848436912477674,0.203619177085992,0
1880,31.3333333333333,0.693079798697154,0.848065397227248,0.204011578897535,0
1882,31.3666666666667,0.692775267246573,0.847693127714602,0.204405595301227,0
1884,31.4,0.692470334012911,0.847320138852574,0.204801210666213,0
1886,31.4333333333333,0.692165026764539,0.846946465471361,0.205198408959414,0
1888,31.4666666666667,0.691859373173965,0.846572142313795,0.205597173739931,0
1890,31.5,0.691553400814216,0.846197204030654,0.205997488153463,0
1892,31.5333333333333,0.691247137155254,0.845821685176014,0.206399334926729,0
1894,31.5666666666667,0.690940609560433,0.845445620202637,0.206802696361909,0
1896,31.6,0.690633845282986,0.845069043457404,0.207207554331098,0
1898,31.6333333333333,0.690326871462559,0.844691989176785,0.207613890270776,0
1900,31.6666666666667,0.690019715121769,0.844314491482355,0.208021685176305,0
1902,31.7,0.689712403162817,0.843936584376348,0.20843091959645,0
1904,31.7333333333333,0.689404962364125,0.84355830173726,0.208841573627917,0
1906,31.7666666666667,0.689097419377024,0.84317967731549,0.209253626909937,0
1908,31.8,0.688789800722473,0.84280074472903,0.209667058618872,0
1910,31.8333333333333,0.688482132787828,0.8424215374592,0.210081847462861,0
1912,31.8666666666667,0.688174441823643,0.842042088846425,0.21049797167651,0
1914,31.9,0.68786675394052,0.841662432086068,0.210915409015617,0
1916,31.9333333333333,0.687559095105996,0.8412826002243,0.211334136751954,0
1918,31.9666666666667,0.687251491141481,0.840902626154027,0.211754131668092,0
1920,32,0.686943967719226,0.840522542610856,0.212175370052283,0
1922,32.0333333333333,0.686636550359349,0.840142382169127,0.212597827693398,0
1924,32.0666666666667,0.686329264426898,0.839762177237977,0.213021479875931,0
1926,32.1,0.68602213512896,0.839381960057464,0.213446301375065,0
1928,32.1333333333333,0.685715187511814,0.839001762694748,0.213872266451808,0
1930,32.1666666666667,0.685408446458137,0.838621617040312,0.214299348848201,0
1932,32.2,0.685101936684248,0.838241554804244,0.214727521782608,0
1934,32.2333333333333,0.684795682737406,0.837861607512574,0.215156757945086,0
1936,32.2666666666667,0.684489708993147,0.837481806503659,0.215587029492837,0
1938,32.3,0.684184039652683,0.837102182924627,0.21601830804576,0
1940,32.3333333333333,0.683878698740337,0.836722767727878,0.216450564682087,0
1942,32.3666666666667,0.683573710101029,0.836343591667637,0.216883769934127,0
1944,32.4,0.683269097397823,0.835964685296569,0.217317893784109,0
1946,32.4333333333333,0.682964884109508,0.835586078962444,0.217752905660139,0
1948,32.4666666666667,0.682661093528243,0.835207802804872,0.218188774432266,0
1950,32.5,0.682357748757245,0.834829886752083,0.218625468408665,0
1952,32.5333333333333,0.682054872708535,0.834452360517779,0.219062955331953,0
1954,32.5666666666667,0.681752488100731,0.834075253598038,0.219501202375622,0
1956,32.6,0.681450617456897,0.833698595268282,0.219940176140614,0
1958,32.6333333333333,0.681149283102446,0.833322414580304,0.220379842652025,0
1960,32.6666666666667,0.680848507163095,0.832946740359363,0.220820167355965,0
1962,32.7,0.680548311562873,0.832571601201335,0.22126111511656,0
1964,32.7333333333333,0.680248718022192,0.832197025469929,0.221702650213104,0
1966,32.7666666666667,0.67994974805596,0.83182304129397,0.222144736337381,0
1968,32.8,0.679651422971764,0.831449676564745,0.222587336591147,0
1970,32.8333333333333,0.679353763868101,0.831076958933412,0.223030413483779,0
1972,32.8666666666667,0.679056791632666,0.830704915808476,0.223473928930107,0
1974,32.9,0.678760526940704,0.830333574353335,0.223917844248424,0
1976,32.9333333333333,0.678464990253412,0.829962961483889,0.224362120158685,0
1978,32.9666666666667,0.678170201816408,0.829593103866217,0.224806716780898,0
1980,33,0.677876181658248,0.829224027914323,0.225251593633715,0
1982,33.0333333333333,0.677582949589016,0.828855759787956,0.225696709633227,0
1984,33.0666666666667,0.677290525198962,0.828488325390489,0.22614202309197,0
1986,33.1,0.676998927857209,0.828121750366878,0.226587491718149,0
1988,33.1333333333333,0.676708176710517,0.827756060101686,0.22703307261508,0
1990,33.1666666666667,0.676418290682108,0.827391279717183,0.227478722280864,0
1992,33.2,0.676129288470557,0.827027434071514,0.227924396608296,0
1994,33.2333333333333,0.675841188548743,0.826664547756942,0.228370050885009,0
1996,33.2666666666667,0.67555400916286,0.826302645098164,0.228815639793871,0
1998,33.3,0.675267768331501,0.8259417501507,0.229261117413625,0
2000,33.3333333333333,0.674982483844793,0.825581886699359,0.229706437219798,0
2002,33.3666666666667,0.674698173263608,0.825223078256775,0.230151552085864,0
2004,33.4,0.674414853918834,0.824865348062029,0.230596414284682,0
2006,33.4333333333333,0.67413254291071,0.82450871907933,0.23104097549021,0
2008,33.4666666666667,0.673851257108231,0.824153213996794,0.231485186779497,0
2010,33.5,0.673571013148614,0.823798855225284,0.231928998634967,0
2012,33.5333333333333,0.673291827436838,0.823445664897335,0.232372360946993,0
2014,33.5666666666667,0.673013716145245,0.823093664866157,0.232815223016771,0
2016,33.6,0.672736695213209,0.822742876704718,0.233257533559502,0
2018,33.6333333333333,0.672460780346881,0.822393321704905,0.233699240707882,0
2020,33.6666666666667,0.672185987018988,0.822045020876764,0.234140292015903,0
2022,33.7,0.671912330468717,0.821697994947826,0.23458063446299,0
2024,33.7333333333333,0.671639825701656,0.82135226436251,0.23502021445845,0
2026,33.7666666666667,0.671368487489811,0.821007849281608,0.235458977846265,0
2028,33.8,0.671098330371691,0.820664769581855,0.235896869910218,0
2030,33.8333333333333,0.670829368652463,0.820323044855581,0.236333835379361,0
2032,33.8666666666667,0.670561616404177,0.819982694410443,0.236769818433839,0
2034,33.9,0.67029508746607,0.819643737269248,0.237204762711059,0
2036,33.9333333333333,0.670029795444923,0.819306192169852,0.237638611312224,0
2038,33.9666666666667,0.669765753715513,0.81897007756515,0.238071306809226,0
2040,34,0.669502975421116,0.818635411623147,0.238502791251911,0
2042,34.0333333333333,0.669241473474097,0.818302212227121,0.238933006175714,0
2044,34.0666666666667,0.668981260556561,0.817970496975861,0.23936189260967,0
2046,34.1,0.668722349121088,0.817640283184006,0.239789391084812,0
2048,34.1333333333333,0.668464751391528,0.817311587882453,0.240215441642947,0
2050,34.1666666666667,0.668208479363882,0.816984427818869,0.240639983845825,0
2052,34.2,0.667953544807244,0.816658819458281,0.241062956784698,0
2054,34.2333333333333,0.667699959264824,0.816334778983754,0.241484299090285,0
2056,34.2666666666667,0.667447734055042,0.816012322297159,0.241903948943119,0
2058,34.3,0.667196880272694,0.815691465020032,0.242321844084315,0
2060,34.3333333333333,0.666947408790192,0.815372222494511,0.242737921826728,0
2062,34.3666666666667,0.66669933025888,0.815054609784374,0.243152119066534,0
2064,34.4,0.666452655110417,0.814738641676159,0.243564372295206,0
2066,34.4333333333333,0.666207393558239,0.814424332680372,0.243974617611919,0
2068,34.4666666666667,0.665963555599096,0.814111697032786,0.244382790736352,0
2070,34.5,0.665721151014649,0.81380074869583,0.244788827021921,0
2072,34.5333333333333,0.665480189373158,0.813491501360065,0.245192661469422,0
2074,34.5666666666667,0.665240680031228,0.813183968445748,0.245594228741093,0
2076,34.6,0.665002632135637,0.812878163104489,0.245993463175098,0
2078,34.6333333333333,0.664766054625229,0.812574098220991,0.246390298800425,0
2080,34.6666666666667,0.664530956232883,0.812271786414883,0.246784669352211,0
2082,34.7,0.664297345487554,0.811971240042641,0.247176508287484,0
2084,34.7333333333333,0.664065230716382,0.811672471199597,0.247565748801316,0
2086,34.7666666666667,0.663834620046874,0.811375491722033,0.24795232384341,0
2088,34.8,0.663605521409156,0.811080313189368,0.248336166135088,0
2090,34.8333333333333,0.663377942538291,0.810786946926428,0.248717208186704,0
2092,34.8666666666667,0.663151890976678,0.810495404005806,0.249095382315471,0
2094,34.9,0.662927374076499,0.810205695250307,0.249470620663687,0
2096,34.9333333333333,0.662704399002255,0.809917831235478,0.249842855217386,0
2098,34.9666666666667,0.662482972733359,0.80963182229223,0.250212017825384,0
2100,35,0.662263102066791,0.809347678509533,0.250578040218725,0
2102,35.0333333333333,0.662044793619829,0.809065409737207,0.250940854030537,0
2104,35.0666666666667,0.661828053832841,0.808785025588792,0.251300390816262,0
2106,35.1,0.661612888972134,0.808506535444499,0.251656582074299,0
2108,35.1333333333333,0.661399305132878,0.808229948454247,0.252009359267007,0
2110,35.1666666666667,0.661187308242081,0.807955273540777,0.252358653842102,0
2112,35.2,0.660976904061635,0.807682519402852,0.252704397254423,0
2114,35.2333333333333,0.660768098191408,0.807411694518531,0.253046520988056,0
2116,35.2666666666667,0.660560896072413,0.807142807148521,0.253384956578828,0
2118,35.3,0.660355302990015,0.806875865339614,0.253719635637144,0
2120,35.3333333333333,0.660151324077212,0.80661087692819,0.254050489871169,0
2122,35.3666666666667,0.659948964317954,0.8063478495438,0.254377451110354,0
2124,35.4,0.659748228550531,0.806086790612826,0.254700451329274,0
2126,35.4333333333333,0.659549121470998,0.805827707362203,0.255019422671796,0
2128,35.4666666666667,0.659351647636666,0.80557060682322,0.255334297475546,0
2130,35.5,0.659155811469626,0.80531549583539,0.255645008296685,0
2132,35.5333333333333,0.658961617260335,0.805062381050383,0.255951487934959,0
2134,35.5666666666667,0.658769069171234,0.80481126893603,0.256253669459035,0
2136,35.6,0.658578171240421,0.804562165780387,0.256551486232096,0
2138,35.6333333333333,0.658388927385358,0.804315077695865,0.256844871937697,0
2140,35.6666666666667,0.658201341406626,0.804070010623417,0.257133760605849,0
2142,35.7,0.658015416991708,0.80382697033679,0.257418086639343,0
2144,35.7333333333333,0.657831157718817,0.803585962446829,0.257697784840279,0
2146,35.7666666666667,0.657648567060756,0.803346992405833,0.257972790436803,0
2148,35.8,0.657467648388807,0.803110065511974,0.258243039110026,0
2150,35.8333333333333,0.657288404976653,0.802875186913757,0.258508467021114,0
2152,35.8666666666667,0.657110840004329,0.80264236161453,0.258769010838537,0
2154,35.9,0.656934956562193,0.802411594477045,0.259024607765462,0
2156,35.9333333333333,0.656760757654928,0.802182890228059,0.25927519556726,0
2158,35.9666666666667,0.656588246205557,0.801956253462972,0.259520712599137,0
2160,36,0.656417425059485,0.801731688650514,0.259761097833847,0
2162,36.0333333333333,0.656248296988546,0.801509200137458,0.25999629088948,0
2164,36.0666666666667,0.656080864695076,0.801288792153372,0.260226232057312,0
2166,36.1,0.655915130815986,0.8010704688154,0.260450862329693,0
2168,36.1333333333333,0.65575109792685,0.800854234133071,0.260670123427953,0
2170,36.1666666666667,0.655588768545999,0.800640092013133,0.260883957830316,0
2172,36.2,0.655428145138613,0.800428046264409,0.261092308799792,0
2174,36.2333333333333,0.655269230120814,0.800218100602673,0.261295120412035,0
2176,36.2666666666667,0.655112025863764,0.800010258655543,0.26149233758315,0
2178,36.3,0.654956534697748,0.79980452396738,0.261683906097417,0
2180,36.3333333333333,0.654802758916255,0.799600900004211,0.261869772634927,0
2182,36.3666666666667,0.654650700780044,0.799399390158643,0.262049884799098,0
2184,36.4,0.654500362521198,0.79919999775479,0.262224191144053,0
2186,36.4333333333333,0.654351746347163,0.799002726053201,0.262392641201844,0
2188,36.4666666666667,0.654204854444762,0.798807578255777,0.262555185509499,0
2190,36.5,0.654059688984191,0.79861455751069,0.26271177563586,0
2192,36.5333333333333,0.653916252122984,0.798423666917285,0.262862364208213,0
2194,36.5666666666667,0.653774546009956,0.798234909530974,0.263006904938661,0
2196,36.6,0.653634572789105,0.79804828836811,0.263145352650245,0
2198,36.6333333333333,0.653496334603486,0.797863806410841,0.263277663302767,0
2200,36.6666666666667,0.653359833599044,0.797681466611942,0.263403794018315,0
2202,36.7,0.653225071928405,0.797501271899612,0.263523703106449,0
2204,36.7333333333333,0.653092051754621,0.797323225182252,0.263637350089037,0
2206,36.7666666666667,0.652960775254875,0.797147329353195,0.263744695724723,0
2208,36.8,0.652831244624121,0.796973587295407,0.263845702032987,0
2210,36.8333333333333,0.652703462078689,0.796802001886141,0.263940332317796,0
2212,36.8666666666667,0.652577429859814,0.796632576001541,0.264028551190807,0
2214,36.9,0.652453150237116,0.79646531252121,0.26411032459412,0
2216,36.9333333333333,0.652330625512018,0.796300214332705,0.26418561982253,0
2218,36.9666666666667,0.652209858021089,0.796137284335993,0.264254405545289,0
2220,37,0.652090850139324,0.79597652544783,0.264316651827334,0
2222,37.0333333333333,0.651973604283353,0.795817940606091,0.264372330149968,0
2224,37.0666666666667,0.65185812291457,0.795661532774015,0.264421413430975,0
2226,37.1,0.651744408542186,0.795507304944394,0.26446387604414,0
2228,37.1333333333333,0.6516324637262,0.79535526014367,0.264499693838168,0
2230,37.1666666666667,0.651522291080286,0.795205401435969,0.264528844154966,0
2232,37.2,0.651413893274597,0.795057731927035,0.264551305847277,0
2234,37.2333333333333,0.651307273038469,0.79491225476809,0.264567059295654,0
2236,37.2666666666667,0.651202433163048,0.794768973159598,0.264576086424729,0
2238,37.3,0.651099376503804,0.794627890354937,0.264578370718794,0
2240,37.3333333333333,0.65099810598296,0.794489009663968,0.264573897236651,0
2242,37.3666666666667,0.650898624591818,0.794352334456512,0.264562652625714,0
2244,37.4,0.650800935392978,0.794217868165714,0.264544625135365,0
2246,37.4333333333333,0.650705041522456,0.794085614291308,0.264519804629524,0
2248,37.4666666666667,0.650610946191687,0.793955576402759,0.264488182598438,0
2250,37.5,0.650518652689432,0.793827758142306,0.264449752169652,0
2252,37.5333333333333,0.650428164383556,0.793702163227871,0.264404508118171,0
2254,37.5666666666667,0.650339484722703,0.793578795455864,0.264352446875783,0
2256,37.6,0.65025261723785,0.79345765870385,0.264293566539524,0
2258,37.6333333333333,0.650167565543741,0.793338756933098,0.264227866879302,0
2260,37.6666666666667,0.650084333340208,0.793222094190999,0.264155349344626,0
2262,37.7,0.650002924413359,0.793107674613351,0.26407601707047,0
2264,37.7333333333333,0.649923342636649,0.792995502426512,0.263989874882225,0
2266,37.7666666666667,0.649845591971826,0.792885581949409,0.263896929299763,0
2268,37.8,0.649769676469747,0.792777917595415,0.263797188540574,0
2270,37.8333333333333,0.649695600271069,0.792672513874081,0.263690662521987,0
2272,37.8666666666667,0.649623367606804,0.79256937539272,0.263577362862466,0
2274,37.9,0.64955298279875,0.792468506857852,0.263457302881965,0
2276,37.9333333333333,0.649484450259789,0.792369913076495,0.263330497601342,0
2278,37.9666666666667,0.649417774494048,0.792273598957304,0.263196963740834,0
2280,38,0.649352960096935,0.792179569511568,0.263056719717574,0
2282,38.0333333333333,0.649290011755029,0.792087829854038,0.262909785642166,0
2284,38.0666666666667,0.649228934245844,0.791998385203613,0.262756183314295,0
2286,38.1,0.649169732437458,0.791911240883863,0.262595936217394,0
2288,38.1333333333333,0.649112411288002,0.791826402323396,0.262429069512341,0
2290,38.1666666666667,0.649056975845014,0.791743875056063,0.262255610030219,0
2292,38.2,0.649003431244659,0.79166366472101,0.262075586264111,0
2294,38.2333333333333,0.648951782710816,0.791585777062559,0.261889028359946,0
2296,38.2666666666667,0.648902035554022,0.791510217929936,0.261695968106409,0
2298,38.3,0.648854195170288,0.791436993276836,0.261496438923899,0
2300,38.3333333333333,0.648808267039778,0.791366109160821,0.261290475852557,0
2302,38.3666666666667,0.648764256725351,0.791297571742559,0.261078115539363,0
2304,38.4,0.648722169870975,0.791231387284902,0.260859396224312,0
2306,38.4333333333333,0.648682012200002,0.791167562151794,0.260634357725679,0
2308,38.4666666666667,0.64864378951332,0.791106102807028,0.260403041424378,0
2310,38.5,0.648607507687366,0.79104701581283,0.260165490247428,0
2312,38.5333333333333,0.648573172672015,0.790990307828292,0.259921748650542,0
2314,38.5666666666667,0.64854079048834,0.790935985607631,0.259671862599838,0
2316,38.6,0.648510367226247,0.790884055998304,0.259415879552702,0
2318,38.6333333333333,0.648481909041979,0.790834525938951,0.259153848437805,0
2320,38.6666666666667,0.64845542215551,0.79078740245719,0.258885819634293,0
2322,38.7,0.648430912847802,0.790742692667247,0.258611844950165,0
2324,38.7333333333333,0.648408387457956,0.790700403767439,0.258331977599858,0
2326,38.7666666666667,0.648387852380242,0.790660543037498,0.258046272181051,0
2328,38.8,0.648369314061008,0.790623117835748,0.257754784650716,0
2330,38.8333333333333,0.648352778995488,0.790588135596131,0.257457572300425,0
2332,38.8666666666667,0.648338253724494,0.790555603825081,0.257154693730933,0
2334,38.9,0.648325744830996,0.790525530098264,0.256846208826071,0
2336,38.9333333333333,0.648315258936608,0.790497922057161,0.256532178725952,0
2338,38.9666666666667,0.648306802697964,0.790472787405524,0.256212665799524,0
2340,39,0.648300382802999,0.790450133905686,0.255887733616493,0
2342,39.0333333333333,0.648296005967133,0.790429969374736,0.255557446918625,0
2344,39.0666666666667,0.64829367892936,0.790412301680571,0.255221871590476,0
2346,39.1,0.648293408448251,0.790397138737808,0.254881074629545,0
2348,39.1333333333333,0.648295201297867,0.790384488503575,0.254535124115904,0
2350,39.1666666666667,0.648299064263592,0.790374358973184,0.254184089181302,0
2352,39.2,0.648305004137886,0.790366758175677,0.253828039977797,0
2354,39.2333333333333,0.648313027715955,0.790361694169265,0.253467047645918,0
2356,39.2666666666667,0.648323141791359,0.790359175036644,0.253101184282401,0
2358,39.3,0.648335353151544,0.790359208880216,0.252730522907518,0
2360,39.3333333333333,0.648349668573307,0.790361803817198,0.252355137432025,0
2362,39.3666666666667,0.648366094818206,0.790366967974631,0.251975102623768,0
2364,39.4,0.648384638627905,0.790374709484297,0.251590494073954,0
2366,39.4333333333333,0.648405306719469,0.790385036477536,0.251201388163146,0
2368,39.4666666666667,0.648428105780607,0.790397957079987,0.250807862026976,0
2370,39.5,0.64845304246487,0.790413479406236,0.250409993521631,0
2372,39.5333333333333,0.648480123386804,0.790431611554385,0.250007861189129,0
2374,39.5666666666667,0.648509355117064,0.790452361600553,0.249601544222419,0
2376,39.6,0.648540744177499,0.790475737593301,0.249191122430321,0
2378,39.6333333333333,0.648574297036199,0.790501747547992,0.248776676202361,0
2380,39.6666666666667,0.648610020102518,0.790530399441091,0.248358286473497,0
2382,39.7,0.648647919722078,0.790561701204411,0.247936034688791,0
2384,39.7333333333333,0.648688002171749,0.790595660719298,0.247510002768046,0
2386,39.7666666666667,0.648730273654612,0.79063228581078,0.247080273070431,0
2388,39.8,0.648774740294925,0.790671584241668,0.246646928359133,0
2390,39.8333333333333,0.648821408133064,0.790713563706616,0.246210051766055,0
2392,39.8666666666667,0.64887028312047,0.790758231826156,0.245769726756592,0
2394,39.9,0.648921371114603,0.790805596140699,0.245326037094516,0
2396,39.9333333333333,0.648974677873889,0.790855664104511,0.244879066806988,0
2398,39.9666666666667,0.649030209052681,0.790908443079678,0.244428900149733,0
2400,40,0.649087970196236,0.790963940330048,0.243975621572394,0
2402,40.0333333333333,0.649147966735704,0.791022163015171,0.243519315684108,0
2404,40.0666666666667,0.649210203983134,0.791083118184227,0.243060067219306,0
2406,40.1,0.649274687126515,0.791146812769962,0.242597961003789,0
2408,40.1333333333333,0.649341421224832,0.791213253582625,0.242133081921077,0
2410,40.1666666666667,0.64941041120316,0.791282447303909,0.241665514879076,0
2412,40.2,0.649481661847788,0.79135440048092,0.241195344777081,0
2414,40.2333333333333,0.649555177801386,0.791429119520146,0.240722656473127,0
2416,40.2666666666667,0.64963096355821,0.791506610681465,0.240247534751726,0
2418,40.3,0.64970902345935,0.791586880072171,0.239770064292004,0
2420,40.3333333333333,0.649789361688029,0.791669933641033,0.239290329636256,0
2422,40.3666666666667,0.649871982264948,0.791755777172393,0.238808415158944,0
2424,40.4,0.649956889043693,0.7918444162803,0.238324405036157,0
2426,40.4333333333333,0.65004408570619,0.79193585640269,0.237838383215549,0
2428,40.4666666666667,0.65013357575822,0.792030102795616,0.23735043338678,0
2430,40.5,0.650225362525009,0.792127160527525,0.236860638952464,0
2432,40.5333333333333,0.650319449146863,0.792227034473595,0.236369082999655,0
2434,40.5666666666667,0.650415838574887,0.792329729310131,0.235875848271879,0
2436,40.6,0.650514533566766,0.792435249509021,0.235381017141727,0
2438,40.6333333333333,0.650615536682623,0.792543599332266,0.234884671584028,0
2440,40.6666666666667,0.650718850280943,0.792654782826571,0.234386893149609,0
2442,40.7,0.650824476514589,0.792768803818017,0.233887762939657,0
2444,40.7333333333333,0.650932417326879,0.792885665906805,0.233387361580702,0
2446,40.7666666666667,0.65104267444776,0.793005372462085,0.232885769200216,0
2448,40.8,0.651155249390054,0.79312792661686,0.232383065402853,0
2450,40.8333333333333,0.651270143445793,0.793253331262985,0.231879329247335,0
2452,40.8666666666667,0.651387357682639,0.793381589046248,0.231374639223987,0
2454,40.9,0.651506892940392,0.793512702361544,0.230869073232937,0
2456,40.9333333333333,0.65162874982759,0.793646673348143,0.230362708562981,0
2458,40.9666666666667,0.651752928718191,0.793783503885054,0.22985562187112,0
2460,41,0.651879429748358,0.79392319558649,0.229347889162784,0
2462,41.0333333333333,0.652008252813328,0.794065749797424,0.22883958577273,0
2464,41.0666666666667,0.652139397564378,0.79421116758926,0.228330786346634,0
2466,41.1,0.652272863405888,0.794359449755603,0.227821564823367,0
2468,41.1333333333333,0.652408649492493,0.794510596808128,0.22731199441797,0
2470,41.1666666666667,0.65254675472634,0.794664608972572,0.226802147605315,0
2472,41.2,0.652687177754433,0.794821486184819,0.226292096104466,0
2474,41.2333333333333,0.65282991696608,0.794981228087109,0.22578191086373,0
2476,41.2666666666667,0.652974970490441,0.79514383402435,0.225271662046402,0
2478,41.3,0.653122336194162,0.795309303040547,0.224761419017204,0
2480,41.3333333333333,0.653272011679124,0.795477633875343,0.224251250329404,0
2482,41.3666666666667,0.653423994280274,0.795648824960681,0.223741223712635,0
2484,41.4,0.653578281063567,0.795822874417569,0.223231406061386,0
2486,41.4333333333333,0.653734868823997,0.795999780052976,0.222721863424171,0
2488,41.4666666666667,0.65389375408373,0.796179539356835,0.222212660993379,0
2490,41.5,0.654054933090338,0.796362149499166,0.221703863095787,0
2492,41.5333333333333,0.654218401815123,0.796547607327317,0.221195533183734,0
2494,41.5666666666667,0.654384155951546,0.796735909363324,0.220687733826952,0
2496,41.6,0.654552190913744,0.796927051801387,0.220180526705045,0
2498,41.6333333333333,0.654722501835153,0.797121030505464,0.21967397260061,0
2500,41.6666666666667,0.654895083567217,0.79731784100698,0.219168131392989,0
2502,41.7,0.655069930678199,0.797517478502663,0.218663062052644,0
2504,41.7333333333333,0.65524703745208,0.797719937852483,0.218158822636149,0
2506,41.7666666666667,0.655426397887557,0.797925213577722,0.217655470281785,0
2508,41.8,0.655608005697127,0.798133299859148,0.217153061205734,0
2510,41.8333333333333,0.655791854306268,0.798344190535314,0.216651650698856,0
2512,41.8666666666667,0.655977936852706,0.798557879100964,0.216151293124038,0
2514,41.9,0.656166246185776,0.798774358705561,0.215652041914115,0
2516,41.9333333333333,0.656356774865862,0.79899362215192,0.215153949570333,0
2518,41.9666666666667,0.656549515163939,0.799215661894963,0.214657067661363,0
2520,42,0.656744459061183,0.799440470040573,0.214161446822836,0
2522,42.0333333333333,0.656941598248681,0.79966803834457,0.2136671367574,0
2524,42.0666666666667,0.657140924127216,0.799898358211791,0.213174186235281,0
2526,42.1,0.657342427807135,0.800131420695276,0.212682643095335,0
2528,42.1333333333333,0.657546100108299,0.800367216495563,0.212192554246584,0
2530,42.1666666666667,0.657751931560114,0.800605735960088,0.211703965670211,0
2532,42.2,0.657959912401635,0.800846969082692,0.211216922422017,0
2534,42.2333333333333,0.658170032581753,0.801090905503222,0.210731468635316,0
2536,42.2666666666667,0.658382281759452,0.801337534507245,0.210247647524256,0
2538,42.3,0.658596649304141,0.801586845025849,0.209765501387559,0
2540,42.3333333333333,0.65881312429606,0.801838825635552,0.209285071612658,0
2542,42.3666666666667,0.659031695526758,0.802093464558302,0.208806398680224,0
2544,42.4,0.659252351499633,0.802350749661577,0.208329522169069,0
2546,42.4333333333333,0.659475080430549,0.80261066845857,0.207854480761408,0
2548,42.4666666666667,0.659699870248517,0.80287320810847,0.207381312248468,0
2550,42.5,0.659926708596433,0.803138355416839,0.206910053536441,0
2552,42.5333333333333,0.660155582831893,0.803406096836066,0.206440740652743,0
2554,42.5666666666667,0.660386480028061,0.803676418465914,0.205973408752594,0
2556,42.6,0.660619386974597,0.803949306054153,0.20550809212589,0
2558,42.6333333333333,0.660854290178648,0.804224744997269,0.205044824204356,0
2560,42.6666666666667,0.661091175865898,0.804502720341265,0.204583637568967,0
2562,42.7,0.661330029981668,0.804783216782527,0.204124563957628,0
2564,42.7333333333333,0.661570838192078,0.805066218668785,0.2036676342731,0
2566,42.7666666666667,0.661813585885252,0.805351710000135,0.203212878591152,0
2568,42.8,0.662058258172591,0.805639674430145,0.202760326168937,0
2570,42.8333333333333,0.66230483989008,0.805930095267027,0.202310005453571,0
2572,42.8666666666667,0.662553315599655,0.806222955474885,0.201861944090913,0
2574,42.9,0.662803669590612,0.806518237675029,0.201416168934518,0
2576,42.9333333333333,0.66305588588107,0.80681592414736,0.200972706054775,0
2578,42.9666666666667,0.663309948219467,0.807115996831814,0.20053158074819,0
2580,43,0.663565840086114,0.807418437329878,0.200092817546834,0
2582,43.0333333333333,0.663823544694784,0.807723226906162,0.199656440227913,0
2584,43.0666666666667,0.664083044994341,0.808030346490038,0.199222471823477,0
2586,43.1,0.664344323670414,0.808339776677332,0.198790934630241,0
2588,43.1333333333333,0.664607363147111,0.808651497732079,0.198361850219512,0
2590,43.1666666666667,0.664872145588766,0.808965489588328,0.197935239447212,0
2592,43.2,0.665138652901725,0.809281731852011,0.197511122463987,0
2594,43.2333333333333,0.665406866736173,0.809600203802856,0.1970895187254,0
2596,43.2666666666667,0.665676768487989,0.809920884396354,0.196670447002177,0
2598,43.3,0.665948339300638,0.810243752265784,0.196253925390526,0
2600,43.3333333333333,0.666221560067097,0.810568785724271,0.195839971322496,0
2602,43.3666666666667,0.666496411431811,0.810895962766911,0.195428601576381,0
2604,43.4,0.66677287379268,0.811225261072925,0.195019832287156,0
2606,43.4333333333333,0.667050927303081,0.811556658007867,0.194613678956938,0
2608,43.4666666666667,0.667330551873913,0.811890130625878,0.194210156465463,0
2610,43.5,0.667611727175673,0.812225655671971,0.19380927908057,0
2612,43.5333333333333,0.667894432640564,0.812563209584372,0.193411060468691,0
2614,43.5666666666667,0.668178647464622,0.812902768496889,0.193015513705336,0
2616,43.6,0.668464350609878,0.813244308241328,0.192622651285561,0
2618,43.6333333333333,0.668751520806538,0.81358780434994,0.192232485134422,0
2620,43.6666666666667,0.669040136555195,0.813933232057914,0.191845026617403,0
2622,43.7,0.669330176129061,0.814280566305898,0.191460286550816,0
2624,43.7333333333333,0.669621617576224,0.814629781742557,0.191078275212154,0
2626,43.7666666666667,0.669914438721929,0.814980852727168,0.190699002350419,0
2628,43.8,0.670208617170881,0.815333753332248,0.190322477196388,0
2630,43.8333333333333,0.670504130309571,0.815688457346207,0.18994870847283,0
2632,43.8666666666667,0.670800955308625,0.816044938276046,0.189577704404673,0
2634,43.9,0.67109906912517,0.816403169350074,0.189209472729101,0
2636,43.9333333333333,0.671398448505228,0.816763123520657,0.188844020705583,0
2638,43.9666666666667,0.671699069986123,0.817124773467007,0.188481355125844,0
2640,44,0.672000909898915,0.817488091597985,0.188121482323747,0
2642,44.0333333333333,0.672303944370851,0.817853050054941,0.187764408185105,0
2644,44.0666666666667,0.672608149327833,0.818219620714582,0.187410138157411,0
2646,44.1,0.672913500496911,0.818587775191861,0.187058677259482,0
2648,44.1333333333333,0.673219973408793,0.8189574848429,0.186710030091012,0
2650,44.1666666666667,0.673527543400371,0.819328720767934,0.186364200842041,0
2652,44.2,0.673836185617267,0.819701453814283,0.18602119330232,0
2654,44.2333333333333,0.674145875016405,0.820075654579347,0.185681010870595,0
2656,44.2666666666667,0.674456586368586,0.82045129341363,0.185343656563773,0
2658,44.3,0.674768294261099,0.820828340423784,0.185009133026007,0
2660,44.3333333333333,0.675080973100335,0.821206765475679,0.184677442537663,0
2662,44.3666666666667,0.675394597114428,0.821586538197499,0.184348587024191,0
2664,44.4,0.675709140355913,0.821967627982856,0.184022568064885,0
2666,44.4333333333333,0.676024576704395,0.822350003993938,0.183699386901539,0
2668,44.4666666666667,0.676340879869247,0.822733635164665,0.183379044446993,0
2670,44.5,0.676658023392315,0.823118490203881,0.183061541293563,0
2672,44.5333333333333,0.67697598065065,0.823504537598565,0.182746877721371,0
2674,44.5666666666667,0.677294724859248,0.82389174561706,0.182435053706549,0
2676,44.6,0.677614229073817,0.824280082312331,0.182126068929341,0
2678,44.6333333333333,0.677934466193556,0.824669515525242,0.181819922782085,0
2680,44.6666666666667,0.678255408963952,0.825060012887855,0.18151661437708,0
2682,44.7,0.678577029979601,0.825451541826755,0.181216142554343,0
2684,44.7333333333333,0.678899301687036,0.82584406956639,0.180918505889247,0
2686,44.7666666666667,0.679222196387582,0.826237563132442,0.180623702700041,0
2688,44.8,0.679545686240225,0.826631989355214,0.180331731055262,0
2690,44.8333333333333,0.679869743264501,0.827027314873041,0.180042588781021,0
2692,44.8666666666667,0.6801943393434,0.827423506135724,0.179756273468183,0
2694,44.9,0.680519446226292,0.827820529407983,0.179472782479427,0
2696,44.9333333333333,0.680845035531865,0.828218350772936,0.179192112956189,0
2698,44.9666666666667,0.68117107875109,0.828616936135599,0.178914261825492,0
2700,45,0.681497547250197,0.829016251226409,0.178639225806663,0
2702,45.0333333333333,0.681824412273674,0.829416261604765,0.178367001417934,0
2704,45.0666666666667,0.68215164494728,0.829816932662597,0.178097584982927,0
2706,45.1,0.682479216281083,0.830218229627956,0.177830972637033,0
2708,45.1333333333333,0.682807097172507,0.830620117568622,0.177567160333671,0
2710,45.1666666666667,0.683135258409411,0.831022561395744,0.177306143850439,0
2712,45.2,0.683463670673174,0.831425525867491,0.177047918795156,0
2714,45.2333333333333,0.683792304541807,0.831828975592738,0.176792480611789,0
2716,45.2666666666667,0.68412113049308,0.832232875034761,0.176539824586277,0
2718,45.3,0.684450118907672,0.832637188514971,0.176289945852239,0
2720,45.3333333333333,0.684779240072334,0.833041880216656,0.176042839396587,0
2722,45.3666666666667,0.685108464183079,0.833446914188758,0.175798500065018,0
2724,45.4,0.685437761348384,0.833852254349662,0.175556922567409,0
2726,45.4333333333333,0.685767101592414,0.834257864491022,0.175318101483112,0
2728,45.4666666666667,0.686096454858269,0.834663708281595,0.175082031266138,0
2730,45.5,0.686425791011245,0.835069749271112,0.174848706250239,0
2732,45.5333333333333,0.686755079842117,0.835475950894161,0.1746181206539,0
2734,45.5666666666667,0.68708429107044,0.835882276474107,0.174390268585216,0
2736,45.6,0.687413394347873,0.836288689227018,0.174165144046686,0
2738,45.6333333333333,0.687742359261516,0.836695152265635,0.173942740939899,0
2740,45.6666666666667,0.688071155337273,0.837101628603345,0.173723053070129,0
2742,45.7,0.688399752043235,0.837508081158196,0.173506074150836,0
2744,45.7333333333333,0.688728118793069,0.837914472756924,0.17329179780807,0
2746,45.7666666666667,0.689056224949449,0.838320766139006,0.173080217584786,0
2748,45.8,0.689384039827483,0.838726923960743,0.172871326945073,0
2750,45.8333333333333,0.689711532698179,0.839132908799358,0.17266511927828,0
2752,45.8666666666667,0.690038672791913,0.839538683157123,0.172461587903071,0
2754,45.9,0.690365429301931,0.83994420946551,0.172260726071377,0
2756,45.9333333333333,0.690691771387861,0.840349450089363,0.172062526972279,0
2758,45.9666666666667,0.691017668179242,0.840754367331094,0.171866983735792,0
2760,46,0.691343088779085,0.841158923434904,0.171674089436575,0
2762,46.0333333333333,0.691668002267435,0.841563080591031,0.171483837097558,0
2764,46.0666666666667,0.691992377704962,0.841966800940009,0.171296219693489,0
2766,46.1,0.692316184136573,0.842370046576967,0.171111230154398,0
2768,46.1333333333333,0.692639390595032,0.842772779555939,0.170928861368993,0
2770,46.1666666666667,0.692961966104605,0.843174961894198,0.170749106187968,0
2772,46.2,0.693283879684723,0.843576555576622,0.170571957427245,0
2774,46.2333333333333,0.693605100353655,0.843977522560072,0.170397407871142,0
2776,46.2666666666667,0.693925597132212,0.844377824777798,0.170225450275462,0
2778,46.3,0.694245339047453,0.844777424143864,0.170056077370517,0
2780,46.3333333333333,0.694564295136418,0.845176282557601,0.169889281864081,0
2782,46.3666666666667,0.694882434449871,0.845574361908077,0.169725056444277,0
2784,46.4,0.695199726056064,0.845971624078585,0.169563393782387,0
2786,46.4333333333333,0.695516139044518,0.846368030951164,0.16940428653561,0
2788,46.4666666666667,0.695831642529809,0.846763544411126,0.169247727349745,0
2790,46.5,0.696146205655383,0.847158126351619,0.169093708861814,0
2792,46.5333333333333,0.696459797597376,0.847551738678197,0.168942223702623,0
2794,46.5666666666667,0.696772387568453,0.847944343313419,0.16879326449926,0
2796,46.6,0.697083944821661,0.848335902201463,0.168646823877534,0
2798,46.6333333333333,0.69739443865429,0.84872637731276,0.168502894464359,0
2800,46.6666666666667,0.697703838411756,0.84911573064865,0.168361468890071,0
2802,46.7,0.698012113491491,0.84950392424605,0.168222539790697,0
2804,46.7333333333333,0.698319233346845,0.849890920182147,0.168086099810167,0
2806,46.7666666666667,0.698625167491004,0.850276680579104,0.167952141602466,0
2808,46.8,0.698929885500912,0.850661167608785,0.16782065783374,0
2810,46.8333333333333,0.699233357021215,0.851044343497492,0.167691641184344,0
2812,46.8666666666667,0.699535551768204,0.851426170530729,0.167565084350843,0
2814,46.9,0.699836439533773,0.851806611057967,0.167440980047962,0
2816,46.9333333333333,0.700135990189388,0.852185627497435,0.167319321010481,0
2818,46.9666666666667,0.70043417369006,0.852563182340921,0.167200099995092,0
2820,47,0.700730960078328,0.852939238158585,0.167083309782199,0
2822,47.0333333333333,0.701026319488254,0.853313757603791,0.166968943177678,0
2824,47.0666666666667,0.701320222149414,0.853686703417942,0.166856993014592,0
2826,47.1,0.701612638390909,0.854058038435339,0.166747452154853,0
2828,47.1333333333333,0.70190353864537,0.854427725588039,0.166640313490852,0
2830,47.1666666666667,0.702192893452971,0.854795727910732,0.166535569947037,0
2832,47.2,0.702480673465454,0.855162008545625,0.166433214481459,0
2834,47.2333333333333,0.702766849450145,0.855526530747332,0.166333240087265,0
2836,47.2666666666667,0.703051392293983,0.855889257887777,0.166235639794158,0
2838,47.3,0.703334273007543,0.856250153461103,0.166140406669823,0
2840,47.3333333333333,0.703615462729071,0.856609181088586,0.166047533821299,0
2842,47.3666666666667,0.703894932728508,0.856966304523557,0.165957014396331,0
2844,47.4,0.70417265441152,0.857321487656327,0.165868841584672,0
2846,47.4333333333333,0.704448599323529,0.857674694519117,0.165783008619355,0
2848,47.4666666666667,0.704722739153739,0.858025889290996,0.165699508777928,0
2850,47.5,0.704995045739161,0.858375036302811,0.165618335383653,0
2852,47.5333333333333,0.705265491068631,0.858722100042132,0.165539481806676,0
2854,47.5666666666667,0.705534047286833,0.859067045158185,0.165462941465155,0
2856,47.6,0.705800686698306,0.859409836466793,0.165388707826365,0
2858,47.6333333333333,0.706065381771457,0.859750438955317,0.165316774407762,0
2860,47.6666666666667,0.706328105142555,0.860088817787583,0.165247134778022,0
2862,47.7,0.706588829619731,0.860424938308826,0.165179782558049,0
2864,47.7333333333333,0.706847528186956,0.860758766050608,0.165114711421946,0
2866,47.7666666666667,0.707104174008024,0.86109026673575,0.165051915097964,0
2868,47.8,0.707358740430513,0.861419406283245,0.164991387369418,0
2870,47.8333333333333,0.70761120098974,0.86174615081317,0.164933122075578,0
2872,47.8666666666667,0.707861529412711,0.862070466651591,0.164877113112527,0
2874,47.9,0.708109699622042,0.862392320335454,0.164823354433995,0
2876,47.9333333333333,0.708355685739886,0.86271167861747,0.164771840052166,0
2878,47.9666666666667,0.708599462091828,0.86302850847099,0.164722564038456,0
2880,48,0.708841003210779,0.86334277709486,0.164675520524269,0
2882,48.0333333333333,0.709080283840841,0.863654451918275,0.164630703701725,0
2884,48.0666666666667,0.709317278941167,0.863963500605608,0.164588107824362,0
2886,48.1,0.709551963689791,0.864269891061227,0.164547727207816,0
2888,48.1333333333333,0.70978431348745,0.8645735914343,0.164509556230477,0
2890,48.1666666666667,0.710014303961375,0.864874570123572,0.164473589334115,0
2892,48.2,0.71024191096907,0.865172795782136,0.164439821024493,0
2894,48.2333333333333,0.710467110602067,0.865468237322171,0.164408245871947,0
2896,48.2666666666667,0.71068987918965,0.865760863919671,0.164378858511954,0
2898,48.3,0.710910193302568,0.866050645019142,0.164351653645662,0
2900,48.3333333333333,0.711128029756712,0.866337550338282,0.164326626040416,0
2902,48.3666666666667,0.711343365616773,0.866621549872633,0.164303770530252,0
2904,48.4,0.71155617819987,0.866902613900208,0.164283082016369,0
2906,48.4333333333333,0.711766445079153,0.867180712986092,0.164264555467585,0
2908,48.4666666666667,0.711974144087368,0.867455817987016,0.16424818592077,0
2910,48.5,0.712179253320409,0.867727900055894,0.164233968481259,0
2912,48.5333333333333,0.712381751140821,0.867996930646343,0.164221898323243,0
2914,48.5666666666667,0.712581616181286,0.86826288151716,0.164211970690143,0
2916,48.6,0.712778827348065,0.868525724736771,0.164204180894963,0
2918,48.6333333333333,0.712973363824415,0.868785432687644,0.164198524320622,0
2920,48.6666666666667,0.713165205073964,0.869041978070668,0.164194996420272,0
2922,48.7,0.713354330844057,0.869295333909497,0.164193592717589,0
2924,48.7333333333333,0.713540721169061,0.869545473554854,0.164194308807054,0
2926,48.7666666666667,0.713724356373635,0.869792370688797,0.164197140354208,0
2928,48.8,0.713905217075957,0.870035999328944,0.164202083095893,0
2930,48.8333333333333,0.714083284190919,0.870276333832661,0.164209132840474,0
2932,48.8666666666667,0.714258538933274,0.870513348901201,0.164218285468041,0
2934,48.9,0.714430962820746,0.870747019583805,0.164229536930598,0
2936,48.9333333333333,0.714600537677099,0.870977321281758,0.164242883252225,0
2938,48.9666666666667,0.714767245635156,0.871204229752394,0.164258320529233,0
2940,49,0.714931069139783,0.87142772111306,0.164275844930296,0
2942,49.0333333333333,0.71509199095082,0.87164777184503,0.164295452696563,0
2944,49.0666666666667,0.715249994145969,0.871864358797366,0.16431714014176,0
2946,49.1,0.715405062123641,0.872077459190735,0.164340903652268,0
2948,49.1333333333333,0.715557178605741,0.872287050621168,0.164366739687187,0
2950,49.1666666666667,0.715706327640421,0.872493111063774,0.164394644778382,0
2952,49.2,0.715852493604771,0.872695618876387,0.164424615530514,0
2954,49.2333333333333,0.715995661207467,0.872894552803176,0.164456648621051,0
2956,49.2666666666667,0.716135815491363,0.873089891978182,0.164490740800262,0
2958,49.3,0.716272941836034,0.873281615928809,0.1645268888912,0
2960,49.3333333333333,0.716407025960264,0.87346970457925,0.164565089789661,0
2962,49.3666666666667,0.716538053924486,0.87365413825386,0.164605340464126,0
2964,49.4,0.716666012133156,0.873834897680461,0.164647637955696,0
2966,49.4333333333333,0.716790887337086,0.874011963993593,0.164691979377997,0
2968,49.4666666666667,0.716912666635707,0.874185318737699,0.16473836191708,0
2970,49.5,0.717031337479289,0.874354943870242,0.164786782831291,0
2972,49.5333333333333,0.717146887671092,0.874520821764768,0.164837239451142,0
2974,49.5666666666667,0.717259305369462,0.874682935213896,0.164889729179146,0
2976,49.6,0.717368579089876,0.87484126743224,0.164944249489649,0
2978,49.6333333333333,0.717474697706913,0.874995802059271,0.165000797928639,0
2980,49.6666666666667,0.717577650456177,0.875146523162104,0.165059372113537,0
2982,49.7,0.717677426936152,0.875293415238219,0.165119969732979,0
2984,49.7333333333333,0.71777401711,0.875436463218109,0.165182588546566,0
2986,49.7666666666667,0.717867411307291,0.875575652467863,0.165247226384615,0
2988,49.8,0.717957600225677,0.875710968791668,0.165313881147878,0
2990,49.8333333333333,0.718044574932497,0.875842398434244,0.16538255080725,0
2992,49.8666666666667,0.718128326866318,0.875969928083208,0.16545323340346,0
2994,49.9,0.718208847838417,0.876093544871355,0.165525927046742,0
2996,49.9333333333333,0.718286130034193,0.876213236378872,0.165600629916491,0
2998,49.9666666666667,0.718360166014509,0.876328990635469,0.1656773402609,0
3000,50,0.718430948716981,0.876440796122441,0.165756056396576,0
3002,50.0333333333333,0.718498471457188,0.876548641774645,0.165836776708144,0
3004,50.0666666666667,0.718562727929818,0.876652516982402,0.165919499647831,0
3006,50.1,0.718623712209751,0.876752411593322,0.166004223735027,0
3008,50.1333333333333,0.718681418753067,0.876848315914045,0.166090947555833,0
3010,50.1666666666667,0.718735842397991,0.876940220711906,0.166179669762591,0
3012,50.2,0.718786978365767,0.877028117216517,0.166270389073389,0
3014,50.2333333333333,0.718834822261462,0.877111997121266,0.166363104271556,0
3016,50.2666666666667,0.718879370074703,0.877191852584738,0.166457814205128,0
3018,50.3,0.71892061818034,0.877267676232049,0.166554517786305,0
3020,50.3333333333333,0.718958563339044,0.877339461156103,0.166653213990881,0
3022,50.3666666666667,0.718993202697831,0.877407200918757,0.166753901857658,0
3024,50.4,0.719024533790515,0.877470889551909,0.166856580487838,0
3026,50.4333333333333,0.719052554538095,0.877530521558498,0.166961249044401,0
3028,50.4666666666667,0.719077263249063,0.877586091913421,0.167067906751453,0
3030,50.5,0.719098658619645,0.877637596064364,0.167176552893564,0
3032,50.5333333333333,0.719116739733976,0.877685029932544,0.167287186815078,0
3034,50.5666666666667,0.719131506064191,0.877728389913373,0.167399807919404,0
3036,50.6,0.719142957470456,0.877767672877026,0.167514415668291,0
3038,50.6333333333333,0.719151094200919,0.877802876168929,0.167631009581075,0
3040,50.6666666666667,0.719155916891594,0.87783399761016,0.167749589233908,0
3042,50.7,0.71915742656617,0.877861035497757,0.167870154258964,0
3044,50.7333333333333,0.719155624635752,0.877883988604946,0.167992704343628,0
3046,50.7666666666667,0.719150512898526,0.877902856181278,0.168117239229654,0
3048,50.8,0.719142093539351,0.877917637952675,0.168243758712309,0
3050,50.8333333333333,0.719130369129285,0.877928334121398,0.16837226263949,0
3052,50.8666666666667,0.719115342625034,0.877934945365914,0.168502750910818,0
3054,50.9,0.719097017368332,0.877937472840687,0.168635223476712,0
3056,50.9333333333333,0.719075397085245,0.877935918175874,0.168769680337439,0
3058,50.9666666666667,0.71905048588541,0.877930283476937,0.168906121542134,0
3060,51,0.7190222882612,0.877920571324159,0.169044547187807,0
3062,51.0333333333333,0.718990809086811,0.877906784772087,0.169184957418318,0
3064,51.0666666666667,0.718956053617291,0.877888927348871,0.169327352423327,0
3066,51.1,0.718918027487487,0.877867003055526,0.169471732437227,0
3068,51.1333333333333,0.718876736710927,0.877841016365101,0.169618097738042,0
3070,51.1666666666667,0.718832187678631,0.877810972221766,0.169766448646308,0
3072,51.2,0.71878438715785,0.877776876039804,0.169916785523924,0
3074,51.2333333333333,0.718733342290737,0.877738733702519,0.170069108772976,0
3076,51.2666666666667,0.718679060592951,0.877696551561066,0.170223418834541,0
3078,51.3,0.718621549952184,0.877650336433176,0.170379716187456,0
3080,51.3333333333333,0.71856081862663,0.877600095601816,0.170538001347069,0
3082,51.3666666666667,0.718496875243381,0.877545836813742,0.170698274863955,0
3084,51.4,0.718429728796748,0.877487568277986,0.170860537322608,0
3086,51.4333333333333,0.718359388646529,0.877425298664243,0.17102478934011,0
3088,51.4666666666667,0.718285864516199,0.87735903710118,0.171191031564759,0
3090,51.5,0.718209166491039,0.877288793174661,0.171359264674684,0
3092,51.5333333333333,0.718129305016194,0.877214576925882,0.171529489376423,0
3094,51.5666666666667,0.718046290894673,0.877136398849434,0.171701706403468,0
3096,51.6,0.717960135285278,0.87705426989127,0.171875916514792,0
3098,51.6333333333333,0.717870849700469,0.876968201446596,0.172052120493336,0
3100,51.6666666666667,0.717778446004172,0.876878205357685,0.17223031914447,0
3102,51.7,0.717682936409514,0.876784293911596,0.172410513294428,0
3104,51.7333333333333,0.717584333476502,0.876686479837829,0.1725927037887,0
3106,51.7666666666667,0.717482650109641,0.876584776305885,0.172776891490407,0
3108,51.8,0.717377899555484,0.876479196922758,0.172963077278638,0
3110,51.8333333333333,0.717270095400132,0.876369755730342,0.17315126204675,0
3112,51.8666666666667,0.717159251566661,0.876256467202758,0.173341446700649,0
3114,51.9,0.7170453823125,0.876139346243612,0.173533632157024,0
3116,51.9333333333333,0.716928502226751,0.87601840818317,0.173727819341562,0
3118,51.9666666666667,0.716808626227441,0.875893668775458,0.173924009187118,0
3120,52,0.716685769558727,0.875765144195289,0.174122202631856,0
3122,52.0333333333333,0.716559947788044,0.875632851035211,0.174322400617362,0
3124,52.0666666666667,0.716431176803191,0.875496806302391,0.174524604086712,0
3126,52.1,0.716299472809369,0.875357027415417,0.174728813982516,0
3128,52.1333333333333,0.716164852326161,0.875213532201032,0.174935031244917,0
3130,52.1666666666667,0.716027332184463,0.875066338890797,0.175143256809562,0
3132,52.2,0.715886929523359,0.874915466117688,0.175353491605537,0
3134,52.2333333333333,0.715743661786946,0.874760932912617,0.175565736553261,0
3136,52.2666666666667,0.715597546721111,0.874602758700888,0.17577999256235,0
3138,52.3,0.715448602370254,0.874440963298589,0.175996260529439,0
3140,52.3333333333333,0.715296847073965,0.874275566908916,0.176214541335968,0
3142,52.3666666666667,0.715142299463654,0.874106590118427,0.176434835845937,0
3144,52.4,0.714984978459133,0.873934053893243,0.176657144903612,0
3146,52.4333333333333,0.71482490326515,0.873757979575173,0.176881469331205,0
3148,52.4666666666667,0.714662093367882,0.873578388877788,0.177107809926503,0
3150,52.5,0.714496568531379,0.873395303882429,0.177336167460472,0
3152,52.5333333333333,0.714328348793973,0.873208747034153,0.177566542674809,0
3154,52.5666666666667,0.714157454464634,0.873018741137627,0.177798936279465,0
3156,52.6,0.713983906119293,0.872825309352957,0.178033348950122,0
3158,52.6333333333333,0.71380772459712,0.872628475191469,0.178269781325628,0
3160,52.6666666666667,0.713628930996767,0.872428262511423,0.178508234005402,0
3162,52.7,0.713447546672569,0.872224695513684,0.178748707546787,0
3164,52.7333333333333,0.713263593230709,0.872017798737336,0.178991202462368,0
3166,52.7666666666667,0.713077092525345,0.871807597055238,0.179235719217247,0
3168,52.8,0.712888066654707,0.871594115669542,0.179482258226276,0
3170,52.8333333333333,0.712696537957152,0.871377380107147,0.179730819851248,0
3172,52.8666666666667,0.712502529007193,0.871157416215116,0.179981404398049,0
3174,52.9,0.712306062611488,0.870934250156041,0.180234012113763,0
3176,52.9333333333333,0.712107161804805,0.870707908403359,0.180488643183735,0
3178,52.9666666666667,0.711905849845955,0.870478417736633,0.180745297728592,0
3180,53,0.71170215021369,0.870245805236776,0.181003975801224,0
3182,53.0333333333333,0.711496086602581,0.870010098281244,0.181264677383712,0
3184,53.0666666666667,0.711287682918861,0.869771324539181,0.181527402384225,0
3186,53.1,0.711076963276251,0.869529511966532,0.18179215063386,0
3188,53.1333333333333,0.710863951991751,0.869284688801102,0.182058921883444,0
3190,53.1666666666667,0.710648673581413,0.8690368835576,0.182327715800296,0
3192,53.2,0.71043115275609,0.868786125022622,0.182598531964934,0
3194,53.2333333333333,0.710211414417162,0.868532442249621,0.182871369867744,0
3196,53.2666666666667,0.709989483652239,0.86827586455383,0.183146228905603,0
3198,53.3,0.709765385730851,0.868016421507156,0.183423108378454,0
3200,53.3333333333333,0.709539146100109,0.867754142933044,0.183702007485837,0
3202,53.3666666666667,0.709310790380357,0.867489058901311,0.183982925323377,0
3204,53.4,0.709080344360803,0.867221199722948,0.18426586087922,0
3206,53.4333333333333,0.708847833995133,0.866950595944902,0.184550813030431,0
3208,53.4666666666667,0.708613285397111,0.866677278344823,0.184837780539337,0
3210,53.5,0.708376724836169,0.866401277925793,0.185126762049831,0
3212,53.5333333333333,0.708138178732978,0.866122625911028,0.185417756083627,0
3214,53.5666666666667,0.707897673655013,0.865841353738555,0.18571076103647,0
3216,53.6,0.707655236312099,0.865557493055878,0.186005775174294,0
3218,53.6333333333333,0.707410893551958,0.865271075714613,0.186302796629345,0
3220,53.6666666666667,0.707164672355741,0.864982133765108,0.186601823396244,0
3222,53.7,0.706916599833548,0.86469069945105,0.186902853328017,0
3224,53.7333333333333,0.706666703219951,0.86439680520405,0.187205884132065,0
3226,53.7666666666667,0.706415009869504,0.864100483638216,0.187510913366101,0
3228,53.8,0.70616154725225,0.86380176754471,0.187817938434031,0
3230,53.8333333333333,0.705906342949226,0.863500689886298,0.188126956581792,0
3232,53.8666666666667,0.705649424647961,0.863197283791883,0.188437964893148,0
3234,53.9,0.705390820137975,0.86289158255103,0.188750960285433,0
3236,53.9333333333333,0.705130557306278,0.862583619608482,0.18906593950525,0
3238,53.9666666666667,0.704868664132867,0.862273428558672,0.189382899124134,0
3240,54,0.704605168686221,0.86196104314022,0.189701835534154,0
3242,54.0333333333333,0.704340099118803,0.861646497230436,0.19002274494348,0
3244,54.0666666666667,0.704073483662566,0.861329824839808,0.190345623371905,0
3246,54.1,0.703805350624453,0.861011060106496,0.190670466646319,0
3248,54.1333333333333,0.703535728381913,0.860690237290821,0.190997270396143,0
3250,54.1666666666667,0.703264645378413,0.86036739076975,0.191326030048711,0
3252,54.2,0.702992130118965,0.860042555031388,0.191656740824619,0
3254,54.2333333333333,0.702718211165653,0.859715764669465,0.191989397733026,0
3256,54.2666666666667,0.702442917133172,0.859387054377835,0.192323995566911,0
3258,54.3,0.702166276684376,0.85905645894497,0.19266052889829,0
3260,54.3333333333333,0.701888318525832,0.858724013248462,0.192998992073393,0
3262,54.3666666666667,0.70160907140339,0.858389752249536,0.193339379207796,0
3264,54.4,0.701328564097761,0.858053710987562,0.193681684181515,0
3266,54.4333333333333,0.701046825420112,0.857715924574585,0.194025900634066,0
3268,54.4666666666667,0.700763884207664,0.857376428189854,0.194372021959471,0
3270,54.5,0.700479769319317,0.857035257074371,0.194720041301243,0
3272,54.5333333333333,0.700194509631282,0.856692446525447,0.195069951547323,0
3274,54.5666666666667,0.699908134032728,0.856348031891272,0.195421745324982,0
3276,54.6,0.699620671421453,0.856002048565497,0.19577541499569,0
3278,54.6333333333333,0.69933215069956,0.855654531981832,0.196130952649946,0
3280,54.6666666666667,0.699042600769166,0.855305517608664,0.19648835010208,0
3282,54.7,0.698752050528115,0.854955040943682,0.196847598885014,0
3284,54.7333333333333,0.698460528865723,0.85460313750853,0.197208690245001,0
3286,54.7666666666667,0.698168064658535,0.854249842843473,0.197571615136322,0
3288,54.8,0.697874686766106,0.853895192502083,0.197936364215961,0
3290,54.8333333333333,0.697580424026807,0.85353922204595,0.19830292783825,0
3292,54.8666666666667,0.697285305253645,0.853181967039411,0.198671296049487,0
3294,54.9,0.696989359230115,0.8528234630443,0.199041458582524,0
3296,54.9333333333333,0.696692614706074,0.852463745614728,0.199413404851339,0
3298,54.9666666666667,0.696395100393635,0.85210285029188,0.199787123945573,0
3300,55,0.69609684496309,0.851740812598844,0.200162604625056,0
3302,55.0333333333333,0.695797877038862,0.851377668035464,0.200539835314307,0
3304,55.0666666666667,0.695498225195477,0.851013452073215,0.200918804097018,0
3306,55.1,0.695197917953569,0.850648200150118,0.201299498710518,0
3308,55.1333333333333,0.694896983775909,0.85028194766567,0.201681906540227,0
3310,55.1666666666667,0.694595451063468,0.849914729975819,0.20206601461409,0
3312,55.2,0.694293348151504,0.849546582387953,0.202451809597005,0
3314,55.2333333333333,0.693990703305679,0.849177540155936,0.202839277785236,0
3316,55.2666666666667,0.693687544718215,0.848807638475166,0.203228405100825,0
3318,55.3,0.69338390050407,0.848436912477674,0.203619177085992,0
3320,55.3333333333333,0.693079798697154,0.848065397227248,0.204011578897536,0
3322,55.3666666666667,0.692775267246573,0.847693127714603,0.204405595301227,0
3324,55.4,0.692470334012911,0.847320138852574,0.204801210666213,0
3326,55.4333333333333,0.692165026764539,0.846946465471361,0.205198408959414,0
3328,55.4666666666667,0.691859373173966,0.846572142313795,0.205597173739931,0
3330,55.5,0.691553400814216,0.846197204030654,0.205997488153463,0
3332,55.5333333333333,0.691247137155254,0.845821685176015,0.206399334926729,0
3334,55.5666666666667,0.690940609560433,0.845445620202638,0.206802696361909,0
3336,55.6,0.690633845282986,0.845069043457404,0.207207554331098,0
3338,55.6333333333333,0.690326871462559,0.844691989176785,0.207613890270776,0
3340,55.6666666666667,0.690019715121769,0.844314491482355,0.208021685176306,0
3342,55.7,0.689712403162817,0.843936584376348,0.20843091959645,0
3344,55.7333333333333,0.689404962364125,0.84355830173726,0.208841573627917,0
3346,55.7666666666667,0.689097419377024,0.84317967731549,0.209253626909937,0
3348,55.8,0.688789800722473,0.84280074472903,0.209667058618872,0
3350,55.8333333333333,0.688482132787828,0.8424215374592,0.210081847462861,0
3352,55.8666666666667,0.688174441823643,0.842042088846425,0.21049797167651,0
3354,55.9,0.68786675394052,0.841662432086068,0.210915409015617,0
3356,55.9333333333333,0.687559095105996,0.8412826002243,0.211334136751954,0
3358,55.9666666666667,0.687251491141481,0.840902626154027,0.211754131668092,0
3360,56,0.686943967719226,0.840522542610856,0.212175370052283,0
3362,56.0333333333333,0.686636550359349,0.840142382169127,0.212597827693398,0
3364,56.0666666666667,0.686329264426898,0.839762177237977,0.213021479875931,0
3366,56.1,0.68602213512896,0.839381960057464,0.213446301375065,0
3368,56.1333333333333,0.685715187511814,0.839001762694748,0.213872266451808,0
3370,56.1666666666667,0.685408446458137,0.838621617040312,0.214299348848201,0
3372,56.2,0.685101936684249,0.838241554804244,0.214727521782608,0
3374,56.2333333333333,0.684795682737406,0.837861607512574,0.215156757945086,0
3376,56.2666666666667,0.684489708993147,0.837481806503659,0.215587029492837,0
3378,56.3,0.684184039652684,0.837102182924627,0.21601830804576,0
3380,56.3333333333333,0.683878698740337,0.836722767727878,0.216450564682087,0
3382,56.3666666666667,0.683573710101029,0.836343591667637,0.216883769934127,0
3384,56.4,0.683269097397823,0.835964685296569,0.217317893784109,0
3386,56.4333333333333,0.682964884109508,0.835586078962444,0.217752905660139,0
3388,56.4666666666667,0.682661093528243,0.835207802804872,0.218188774432266,0
3390,56.5,0.682357748757245,0.834829886752083,0.218625468408665,0
3392,56.5333333333333,0.682054872708535,0.834452360517779,0.219062955331953,0
3394,56.5666666666667,0.681752488100731,0.834075253598038,0.219501202375622,0
3396,56.6,0.681450617456897,0.833698595268282,0.219940176140614,0
3398,56.6333333333333,0.681149283102446,0.833322414580304,0.220379842652025,0
3400,56.6666666666667,0.680848507163095,0.832946740359363,0.220820167355965,0
3402,56.7,0.680548311562873,0.832571601201335,0.22126111511656,0
3404,56.7333333333333,0.680248718022192,0.832197025469929,0.221702650213104,0
3406,56.7666666666667,0.67994974805596,0.83182304129397,0.222144736337381,0
3408,56.8,0.679651422971764,0.831449676564745,0.222587336591147,0
3410,56.8333333333333,0.679353763868101,0.831076958933412,0.223030413483779,0
3412,56.8666666666667,0.679056791632666,0.830704915808476,0.223473928930107,0
3414,56.9,0.678760526940704,0.830333574353335,0.223917844248424,0
3416,56.9333333333333,0.678464990253412,0.829962961483889,0.224362120158685,0
3418,56.9666666666667,0.678170201816408,0.829593103866217,0.224806716780898,0
3420,57,0.677876181658248,0.829224027914323,0.225251593633715,0
3422,57.0333333333333,0.677582949589016,0.828855759787956,0.225696709633227,0
3424,57.0666666666667,0.677290525198962,0.828488325390489,0.22614202309197,0
3426,57.1,0.676998927857209,0.828121750366878,0.226587491718149,0
3428,57.1333333333333,0.676708176710517,0.827756060101686,0.22703307261508,0
3430,57.1666666666667,0.676418290682108,0.827391279717183,0.227478722280864,0
3432,57.2,0.676129288470557,0.827027434071514,0.227924396608296,0
3434,57.2333333333333,0.675841188548743,0.826664547756942,0.228370050885009,0
3436,57.2666666666667,0.67555400916286,0.826302645098164,0.228815639793871,0
3438,57.3,0.675267768331501,0.8259417501507,0.229261117413625,0
3440,57.3333333333333,0.674982483844793,0.825581886699359,0.229706437219798,0
3442,57.3666666666667,0.674698173263608,0.825223078256775,0.230151552085864,0
3444,57.4,0.674414853918834,0.824865348062029,0.230596414284682,0
3446,57.4333333333333,0.67413254291071,0.82450871907933,0.23104097549021,0
3448,57.4666666666667,0.673851257108231,0.824153213996794,0.231485186779497,0
3450,57.5,0.673571013148614,0.823798855225284,0.231928998634967,0
3452,57.5333333333333,0.673291827436838,0.823445664897335,0.232372360946993,0
3454,57.5666666666667,0.673013716145245,0.823093664866157,0.232815223016771,0
3456,57.6,0.672736695213209,0.822742876704718,0.233257533559502,0
3458,57.6333333333333,0.672460780346881,0.822393321704905,0.233699240707882,0
3460,57.6666666666667,0.672185987018988,0.822045020876764,0.234140292015903,0
3462,57.7,0.671912330468717,0.821697994947826,0.23458063446299,0
3464,57.7333333333333,0.671639825701656,0.82135226436251,0.23502021445845,0
3466,57.7666666666667,0.671368487489811,0.821007849281608,0.235458977846265,0
3468,57.8,0.671098330371691,0.820664769581855,0.235896869910218,0
3470,57.8333333333333,0.670829368652463,0.820323044855581,0.236333835379361,0
3472,57.8666666666667,0.670561616404177,0.819982694410443,0.236769818433839,0
3474,57.9,0.67029508746607,0.819643737269248,0.237204762711059,0
3476,57.9333333333333,0.670029795444923,0.819306192169852,0.237638611312224,0
3478,57.9666666666667,0.669765753715513,0.81897007756515,0.238071306809226,0
3480,58,0.669502975421116,0.818635411623147,0.238502791251911,0
3482,58.0333333333333,0.669241473474097,0.818302212227121,0.238933006175714,0
3484,58.0666666666667,0.668981260556561,0.817970496975861,0.23936189260967,0
3486,58.1,0.668722349121088,0.817640283184006,0.239789391084812,0
3488,58.1333333333333,0.668464751391528,0.817311587882453,0.240215441642947,0
3490,58.1666666666667,0.668208479363882,0.816984427818869,0.240639983845825,0
3492,58.2,0.667953544807244,0.816658819458281,0.241062956784698,0
3494,58.2333333333333,0.667699959264824,0.816334778983754,0.241484299090285,0
3496,58.2666666666667,0.667447734055042,0.816012322297159,0.241903948943119,0
3498,58.3,0.667196880272694,0.815691465020032,0.242321844084315,0
3500,58.3333333333333,0.666947408790192,0.815372222494511,0.242737921826728,0
3502,58.3666666666667,0.66669933025888,0.815054609784374,0.243152119066534,0
3504,58.4,0.666452655110417,0.814738641676159,0.243564372295206,0
3506,58.4333333333333,0.666207393558239,0.814424332680372,0.243974617611919,0
3508,58.4666666666667,0.665963555599096,0.814111697032786,0.244382790736352,0
3510,58.5,0.665721151014649,0.81380074869583,0.244788827021921,0
3512,58.5333333333333,0.665480189373158,0.813491501360065,0.245192661469422,0
3514,58.5666666666667,0.665240680031228,0.813183968445748,0.245594228741093,0
3516,58.6,0.665002632135637,0.812878163104489,0.245993463175098,0
3518,58.6333333333333,0.664766054625229,0.812574098220991,0.246390298800425,0
3520,58.6666666666667,0.664530956232883,0.812271786414883,0.246784669352211,0
3522,58.7,0.664297345487554,0.811971240042641,0.247176508287484,0
3524,58.7333333333333,0.664065230716382,0.811672471199597,0.247565748801316,0
3526,58.7666666666667,0.663834620046874,0.811375491722033,0.24795232384341,0
3528,58.8,0.663605521409156,0.811080313189368,0.248336166135088,0
3530,58.8333333333333,0.663377942538291,0.810786946926428,0.248717208186704,0
3532,58.8666666666667,0.663151890976678,0.810495404005806,0.249095382315471,0
3534,58.9,0.662927374076499,0.810205695250307,0.249470620663687,0
3536,58.9333333333333,0.662704399002255,0.809917831235478,0.249842855217386,0
3538,58.9666666666667,0.662482972733359,0.80963182229223,0.250212017825384,0
3540,59,0.662263102066791,0.809347678509533,0.250578040218725,0
3542,59.0333333333333,0.662044793619829,0.809065409737207,0.250940854030537,0
3544,59.0666666666667,0.661828053832841,0.808785025588792,0.251300390816262,0
3546,59.1,0.661612888972134,0.808506535444499,0.251656582074299,0
3548,59.1333333333333,0.661399305132878,0.808229948454247,0.252009359267007,0
3550,59.1666666666667,0.661187308242081,0.807955273540777,0.252358653842102,0
3552,59.2,0.660976904061635,0.807682519402852,0.252704397254423,0
3554,59.2333333333333,0.660768098191408,0.807411694518531,0.253046520988056,0
3556,59.2666666666667,0.660560896072413,0.807142807148521,0.253384956578828,0
3558,59.3,0.660355302990015,0.806875865339614,0.253719635637144,0
3560,59.3333333333333,0.660151324077212,0.80661087692819,0.254050489871169,0
3562,59.3666666666667,0.659948964317954,0.8063478495438,0.254377451110354,0
3564,59.4,0.659748228550531,0.806086790612826,0.254700451329274,0
3566,59.4333333333333,0.659549121470998,0.805827707362203,0.255019422671796,0
3568,59.4666666666667,0.659351647636666,0.80557060682322,0.255334297475546,0
3570,59.5,0.659155811469626,0.80531549583539,0.255645008296685,0
3572,59.5333333333333,0.658961617260335,0.805062381050383,0.255951487934959,0
3574,59.5666666666667,0.658769069171234,0.80481126893603,0.256253669459035,0
3576,59.6,0.658578171240421,0.804562165780387,0.256551486232096,0
3578,59.6333333333333,0.658388927385358,0.804315077695865,0.256844871937697,0
3580,59.6666666666667,0.658201341406626,0.804070010623417,0.257133760605849,0
3582,59.7,0.658015416991708,0.80382697033679,0.257418086639343,0
3584,59.7333333333333,0.657831157718817,0.803585962446829,0.257697784840279,0
3586,59.7666666666667,0.657648567060756,0.803346992405833,0.257972790436803,0
3588,59.8,0.657467648388807,0.803110065511974,0.258243039110026,0
3590,59.8333333333333,0.657288404976653,0.802875186913757,0.258508467021114,0
3592,59.8666666666667,0.657110840004329,0.80264236161453,0.258769010838537,0
3594,59.9,0.656934956562193,0.802411594477045,0.259024607765462,0
3596,59.9333333333333,0.656760757654928,0.802182890228059,0.25927519556726,0
3598,59.9666666666667,0.656588246205557,0.801956253462972,0.259520712599137,0
3600,60,0.656417425059485,0.801731688650514,0.259761097833847,0
3602,60.0333333333333,0.656248296988546,0.801509200137458,0.25999629088948,0
3604,60.0666666666667,0.656080864695076,0.801288792153372,0.260226232057312,0
3606,60.1,0.655915130815986,0.8010704688154,0.260450862329693,0
3608,60.1333333333333,0.65575109792685,0.800854234133071,0.260670123427953,0
3610,60.1666666666667,0.655588768545999,0.800640092013133,0.260883957830316,0
3612,60.2,0.655428145138613,0.800428046264409,0.261092308799792,0
3614,60.2333333333333,0.655269230120814,0.800218100602673,0.261295120412035,0
3616,60.2666666666667,0.655112025863764,0.800010258655543,0.26149233758315,0
3618,60.3,0.654956534697748,0.79980452396738,0.261683906097417,0
3620,60.3333333333333,0.654802758916255,0.799600900004211,0.261869772634927,0
3622,60.3666666666667,0.654650700780044,0.799399390158643,0.262049884799098,0
3624,60.4,0.654500362521198,0.79919999775479,0.262224191144053,0
3626,60.4333333333333,0.654351746347163,0.799002726053201,0.262392641201844,0
3628,60.4666666666667,0.654204854444762,0.798807578255777,0.262555185509499,0
3630,60.5,0.654059688984191,0.79861455751069,0.26271177563586,0
3632,60.5333333333333,0.653916252122984,0.798423666917285,0.262862364208213,0
3634,60.5666666666667,0.653774546009956,0.798234909530974,0.263006904938661,0
3636,60.6,0.653634572789105,0.79804828836811,0.263145352650245,0
3638,60.6333333333333,0.653496334603486,0.797863806410841,0.263277663302767,0
3640,60.6666666666667,0.653359833599044,0.797681466611942,0.263403794018315,0
3642,60.7,0.653225071928405,0.797501271899612,0.263523703106449,0
3644,60.7333333333333,0.653092051754621,0.797323225182252,0.263637350089037,0
3646,60.7666666666667,0.652960775254875,0.797147329353195,0.263744695724723,0
3648,60.8,0.652831244624121,0.796973587295407,0.263845702032987,0
3650,60.8333333333333,0.652703462078689,0.796802001886141,0.263940332317796,0
3652,60.8666666666667,0.652577429859814,0.796632576001541,0.264028551190807,0
3654,60.9,0.652453150237116,0.79646531252121,0.26411032459412,0
3656,60.9333333333333,0.652330625512018,0.796300214332705,0.26418561982253,0
3658,60.9666666666667,0.652209858021089,0.796137284335993,0.264254405545289,0
3660,61,0.652090850139324,0.79597652544783,0.264316651827334,0
3662,61.0333333333333,0.651973604283353,0.795817940606091,0.264372330149968,0
3664,61.0666666666667,0.65185812291457,0.795661532774015,0.264421413430975,0
3666,61.1,0.651744408542186,0.795507304944394,0.26446387604414,0
3668,61.1333333333333,0.6516324637262,0.79535526014367,0.264499693838168,0
3670,61.1666666666667,0.651522291080286,0.795205401435969,0.264528844154966,0
3672,61.2,0.651413893274597,0.795057731927035,0.264551305847277,0
3674,61.2333333333333,0.651307273038469,0.79491225476809,0.264567059295654,0
3676,61.2666666666667,0.651202433163048,0.794768973159598,0.264576086424729,0
3678,61.3,0.651099376503804,0.794627890354937,0.264578370718794,0
3680,61.3333333333333,0.65099810598296,0.794489009663968,0.264573897236651,0
3682,61.3666666666667,0.650898624591818,0.794352334456512,0.264562652625714,0
3684,61.4,0.650800935392978,0.794217868165714,0.264544625135365,0
3686,61.4333333333333,0.650705041522456,0.794085614291308,0.264519804629524,0
3688,61.4666666666667,0.650610946191687,0.793955576402759,0.264488182598438,0
3690,61.5,0.650518652689432,0.793827758142306,0.264449752169652,0
3692,61.5333333333333,0.650428164383556,0.793702163227871,0.264404508118171,0
3694,61.5666666666667,0.650339484722703,0.793578795455864,0.264352446875783,0
3696,61.6,0.65025261723785,0.79345765870385,0.264293566539524,0
3698,61.6333333333333,0.650167565543741,0.793338756933098,0.264227866879302,0
3700,61.6666666666667,0.650084333340208,0.793222094190999,0.264155349344626,0
3702,61.7,0.650002924413359,0.793107674613351,0.26407601707047,0
3704,61.7333333333333,0.649923342636649,0.792995502426512,0.263989874882225,0
3706,61.7666666666667,0.649845591971826,0.792885581949409,0.263896929299763,0
3708,61.8,0.649769676469747,0.792777917595415,0.263797188540574,0
3710,61.8333333333333,0.649695600271069,0.792672513874081,0.263690662521987,0
3712,61.8666666666667,0.649623367606804,0.79256937539272,0.263577362862466,0
3714,61.9,0.64955298279875,0.792468506857852,0.263457302881965,0
3716,61.9333333333333,0.649484450259789,0.792369913076495,0.263330497601342,0
3718,61.9666666666667,0.649417774494048,0.792273598957304,0.263196963740834,0
3720,62,0.649352960096935,0.792179569511568,0.263056719717574,0
3722,62.0333333333333,0.649290011755029,0.792087829854038,0.262909785642166,0
3724,62.0666666666667,0.649228934245844,0.791998385203613,0.262756183314295,0
3726,62.1,0.649169732437458,0.791911240883863,0.262595936217394,0
3728,62.1333333333333,0.649112411288002,0.791826402323396,0.262429069512341,0
3730,62.1666666666667,0.649056975845014,0.791743875056063,0.262255610030219,0
3732,62.2,0.649003431244659,0.79166366472101,0.262075586264111,0
3734,62.2333333333333,0.648951782710816,0.791585777062559,0.261889028359946,0
3736,62.2666666666667,0.648902035554022,0.791510217929936,0.261695968106409,0
3738,62.3,0.648854195170288,0.791436993276836,0.261496438923899,0
3740,62.3333333333333,0.648808267039778,0.791366109160821,0.261290475852557,0
3742,62.3666666666667,0.648764256725351,0.791297571742559,0.261078115539363,0
3744,62.4,0.648722169870975,0.791231387284902,0.260859396224312,0
3746,62.4333333333333,0.648682012200002,0.791167562151794,0.260634357725679,0
3748,62.4666666666667,0.64864378951332,0.791106102807028,0.260403041424378,0
3750,62.5,0.648607507687366,0.79104701581283,0.260165490247428,0
3752,62.5333333333333,0.648573172672015,0.790990307828292,0.259921748650542,0
3754,62.5666666666667,0.64854079048834,0.790935985607631,0.259671862599838,0
3756,62.6,0.648510367226247,0.790884055998304,0.259415879552702,0
3758,62.6333333333333,0.648481909041979,0.790834525938951,0.259153848437805,0
3760,62.6666666666667,0.64845542215551,0.79078740245719,0.258885819634293,0
3762,62.7,0.648430912847802,0.790742692667247,0.258611844950165,0
3764,62.7333333333333,0.648408387457956,0.790700403767439,0.258331977599858,0
3766,62.7666666666667,0.648387852380242,0.790660543037498,0.258046272181051,0
3768,62.8,0.648369314061008,0.790623117835748,0.257754784650716,0
3770,62.8333333333333,0.648352778995488,0.790588135596131,0.257457572300425,0
3772,62.8666666666667,0.648338253724494,0.790555603825081,0.257154693730933,0
3774,62.9,0.648325744830996,0.790525530098264,0.256846208826071,0
3776,62.9333333333333,0.648315258936608,0.790497922057161,0.256532178725952,0
3778,62.9666666666667,0.648306802697964,0.790472787405524,0.256212665799524,0
3780,63,0.648300382802999,0.790450133905686,0.255887733616493,0
3782,63.0333333333333,0.648296005967133,0.790429969374736,0.255557446918625,0
3784,63.0666666666667,0.64829367892936,0.790412301680571,0.255221871590476,0
3786,63.1,0.648293408448251,0.790397138737808,0.254881074629545,0
3788,63.1333333333333,0.648295201297867,0.790384488503575,0.254535124115904,0
3790,63.1666666666667,0.648299064263592,0.790374358973184,0.254184089181302,0
3792,63.2,0.648305004137886,0.790366758175677,0.253828039977797,0
3794,63.2333333333333,0.648313027715955,0.790361694169265,0.253467047645918,0
3796,63.2666666666667,0.648323141791359,0.790359175036644,0.253101184282401,0
3798,63.3,0.648335353151544,0.790359208880216,0.252730522907518,0
3800,63.3333333333333,0.648349668573307,0.790361803817198,0.252355137432025,0
3802,63.3666666666667,0.648366094818206,0.790366967974631,0.251975102623768,0
3804,63.4,0.648384638627905,0.790374709484297,0.251590494073954,0
3806,63.4333333333333,0.648405306719469,0.790385036477536,0.251201388163146,0
3808,63.4666666666667,0.648428105780607,0.790397957079987,0.250807862026976,0
3810,63.5,0.64845304246487,0.790413479406236,0.250409993521631,0
3812,63.5333333333333,0.648480123386804,0.790431611554385,0.250007861189129,0
3814,63.5666666666667,0.648509355117064,0.790452361600553,0.249601544222419,0
3816,63.6,0.648540744177499,0.790475737593301,0.249191122430321,0
3818,63.6333333333333,0.648574297036199,0.790501747547992,0.248776676202361,0
3820,63.6666666666667,0.648610020102518,0.790530399441091,0.248358286473497,0
3820.2,63.67,0.643072476976783,0.790822055068618,0.248352081375643,0.332545141239719
3820.4,63.6733333333333,0.639050622876774,0.791008290162095,0.248332704056254,0.379367719205894
3820.6,63.6766666666667,0.635742667993499,0.791115403052102,0.248303390722325,0.384389641718016
3820.8,63.68,0.632954530465144,0.791157658372505,0.248265869918718,0.383534489559924
3821,63.6833333333333,0.630593452054358,0.791145930852789,0.248221454208355,0.382056103914945
3821.2,63.6866666666667,0.628591516959906,0.791089229489802,0.248171231048479,0.380691690576302
3821.4,63.69,0.626892853816186,0.79099513338363,0.248116116225681,0.379518110657151
3821.6,63.6933333333333,0.625450460614337,0.790870034656479,0.248056883140285,0.378519755749898
3821.8,63.6966666666667,0.624224644585176,0.790719325442249,0.247994185238302,0.377671547397621
3822,63.7,0.623181866776087,0.790547553335215,0.247928574642967,0.376950536970325
3822.2,63.7033333333333,0.622293787871701,0.790358552453173,0.247860517861919,0.37633707267483
3822.4,63.7066666666667,0.621536463918601,0.790155554193826,0.247790409061205,0.37581451104197
3822.6,63.71,0.620889666171489,0.789941280852416,0.247718581285864,0.375368784414568
3822.8,63.7133333333333,0.620336305739683,0.789718024744632,0.247645315943791,0.37498800716237
3823,63.7166666666667,0.619861946979086,0.789487715069709,0.24757085082057,0.374662138448191
3823.2,63.72,0.619454396038627,0.789251974406169,0.247495386851977,0.374382696409526
3823.4,63.7233333333333,0.619103353028171,0.789012166442446,0.24741909384609,0.374142516399942
3823.6,63.7266666666667,0.618800118023933,0.788769436298502,0.247342115317484,0.37393554660386
3823.8,63.73,0.618537342616762,0.788524744585736,0.247264572570974,0.373756675287374
3824,63.7333333333333,0.618308819975574,0.788278896175614,0.247186568151184,0.373601584811729
3824.2,63.7366666666667,0.618109307474755,0.78803256449755,0.247108188756277,0.373466628279303
3824.4,63.74,0.61793437684833,0.787786312059732,0.247029507698963,0.373348725314602
3824.6,63.7433333333333,0.617780287608848,0.787540607779217,0.246950586985059,0.373245274020008
3824.8,63.7466666666667,0.617643880125992,0.787295841616787,0.246871479068977,0.373154076601652
3825,63.75,0.617522485316517,0.787052336935275,0.246792228336332,0.373073276547001
3825.2,63.7533333333333,0.617413848368319,0.786810360935085,0.246712872356047,0.37300130556283
3825.4,63.7566666666667,0.617316064320277,0.786570133465785,0.246633442937801,0.372936838759221
3825.6,63.76,0.617227523656882,0.786331834466206,0.246553967025052,0.372878756799584
3825.8,63.7633333333333,0.617146866362007,0.786095610246308,0.246474467449213,0.372826113934941
3826,63.7666666666667,0.617072943117469,0.785861578790918,0.246394963566568,0.372778111008453
3826.2,63.77,0.617004782535965,0.78562983423746,0.246315471796143,0.372734072657858
3826.4,63.7733333333333,0.616941563490358,0.785400450656182,0.24623600607397,0.372693428063427
3826.6,63.7766666666667,0.616882591746974,0.785173485241355,0.246156578236707,0.372655694690256
3826.8,63.78,0.616827280233655,0.784948981005098,0.246077198345635,0.372620464559366
3827,63.7833333333333,0.616775132377318,0.784726969051215,0.24599787496029,0.372587392654385
3827.2,63.7866666666667,0.616725728033611,0.78450747049438,0.245918615369557,0.372556187131688
3827.4,63.79,0.616678711605504,0.784290498079866,0.245839425786868,0.372526601053519
3827.6,63.7933333333333,0.6166337820103,0.784076057550424,0.245760311515059,0.372498425407182
3827.8,63.7966666666667,0.616590684207533,0.783864148799643,0.245681277085628,0.372471483210271
3828,63.8,0.616549202044923,0.783654766845047,0.245602326376364,0.372445624532971
3828.2,63.8033333333333,0.616509152217326,0.78344790264897,0.245523462710711,0.372420722294773
3828.4,63.8066666666667,0.616470379165527,0.783243543810909,0.245444688941723,0.372396668715123
3828.6,63.81,0.616432750768641,0.783041675151368,0.245366007522987,0.372373372316252
3828.8,63.8133333333333,0.616396154706649,0.782842279204078,0.245287420568549,0.372350755392291
3829,63.8166666666667,0.6163604953888,0.782645336630867,0.245208929903566,0.372328751872112
3829.2,63.82,0.616325691359841,0.782450826571218,0.245130537107099,0.372307305514639
3829.4,63.8233333333333,0.616291673109718,0.782258726936697,0.245052243548301,0.372286368384898
3829.6,63.8266666666667,0.616258381223971,0.782069014658831,0.244974050417001,0.372265899567119
3829.8,63.83,0.616225764821824,0.781881665897686,0.24489595874957,0.372245864078021
3830,63.8333333333333,0.616193780237189,0.781696656217287,0.2448179694508,0.372226231949112
3830.2,63.8366666666667,0.616162389904795,0.781513960733019,0.244740083312406,0.372206977451719
3830.4,63.84,0.616131561419533,0.781333554235409,0.244662301028699,0.37218807844254
3830.6,63.8433333333333,0.616101266742048,0.781155411293954,0.244584623209841,0.372169515810959
3830.8,63.8466666666667,0.616071481527843,0.780979506344108,0.244507050393077,0.37215127301229
3831,63.85,0.616042184560661,0.780805813760073,0.244429583052257,0.372133335673592
3831.2,63.8533333333333,0.616013357273927,0.780634307915591,0.244352221605903,0.372115691260744
3831.4,63.8566666666667,0.615984983346557,0.780464963234629,0.244274966424054,0.372098328797271
3831.6,63.86,0.615957048361543,0.780297754233531,0.244197817834086,0.372081238626846
3831.8,63.8633333333333,0.615929539517575,0.78013265555597,0.244120776125646,0.372064412212695
3832,63.8666666666667,0.61590244538542,0.779969642001836,0.244043841554861,0.372047841968144
3832.2,63.87,0.615875755702117,0.779808688551003,0.243967014347913,0.37203152111348
3832.4,63.8733333333333,0.615849461197095,0.779649770382791,0.243890294704098,0.372015443555019
3832.6,63.8766666666667,0.615823553445252,0.779492862891787,0.243813682798429,0.371999603782934
3832.8,63.88,0.615798024742791,0.779337941700611,0.24373717878387,0.371983996784921
3833,63.8833333333333,0.615772868002295,0.779184982670106,0.243660782793251,0.371968617973243
3833.2,63.8866666666667,0.615748076664024,0.779033961907352,0.243584494940908,0.37195346312307
3833.4,63.89,0.615723644620925,0.778884855771867,0.243508315324105,0.371938528320351
3833.6,63.8933333333333,0.615699566155222,0.778737640880272,0.243432244024254,0.371923809917749
3833.8,63.8966666666667,0.615675835884782,0.778592294109666,0.243356281107977,0.371909304497372
3834,63.9,0.615652448717738,0.778448792599924,0.243280426628031,0.371895008839257
3834.2,63.9033333333333,0.615629399814083,0.778307113755098,0.243204680624109,0.371880919894694
3834.4,63.9066666666667,0.615606684553162,0.778167235244045,0.243129043123551,0.371867034763655
3834.6,63.91,0.615584298506124,0.778029135000442,0.243053514141964,0.371853350675685
3834.8,63.9133333333333,0.615562237412593,0.77789279122226,0.242978093683775,0.37183986497371
3835,63.9166666666667,0.615540497160872,0.777758182370807,0.242902781742717,0.371826575100317
3835.2,63.92,0.615519073771155,0.777625287169404,0.242827578302272,0.371813478586117
3835.4,63.9233333333333,0.615497963381266,0.777494084601766,0.242752483336064,0.371800573039875
3835.6,63.9266666666667,0.615477162234543,0.777364553910129,0.242677496808216,0.37178785614012
3835.8,63.93,0.615456666669521,0.777236674593181,0.242602618673673,0.371775325628016
3836,63.9333333333333,0.61543647311115,0.777110426403823,0.242527848878506,0.371762979301298
3836.2,63.9366666666667,0.6154165780633,0.776985789346805,0.242453187360179,0.371750815009102
3836.4,63.94,0.61539697810236,0.776862743676245,0.242378634047808,0.37173883064755
3836.6,63.9433333333333,0.615377669871754,0.776741269893076,0.242304188862395,0.371727024155985
3836.8,63.9466666666667,0.615358650077239,0.776621348742423,0.242229851717051,0.371715393513741
3837,63.95,0.615339915482865,0.776502961210931,0.242155622517207,0.371703936737371
3837.2,63.9533333333333,0.61532146290749,0.77638608852406,0.242081501160809,0.371692651878269
3837.4,63.9566666666667,0.615303289221765,0.776270712143353,0.242007487538503,0.371681537020609
3837.6,63.96,0.615285391345523,0.776156813763698,0.241933581533822,0.371670590279574
3837.8,63.9633333333333,0.615267766245499,0.77604437531057,0.241859783023351,0.371659809799808
3838,63.9666666666667,0.615250410933346,0.775933378937286,0.241786091876893,0.371649193754074
3838.2,63.97,0.615233322463884,0.775823807022257,0.241712507957629,0.371638740342078
3838.4,63.9733333333333,0.615216497933562,0.775715642166254,0.241639031122273,0.371628447789435
3838.6,63.9766666666667,0.615199934479089,0.775608867189686,0.241565661221217,0.371618314346757
3838.8,63.98,0.615183629276216,0.775503465129896,0.241492398098678,0.371608338288844
3839,63.9833333333333,0.615167579538646,0.775399419238476,0.241419241592838,0.371598517913962
3839.2,63.9866666666667,0.615151782517048,0.775296712978603,0.24134619153598,0.371588851543191
3839.4,63.99,0.615136235498162,0.775195330022399,0.241273247754623,0.371579337519846
3839.6,63.9933333333333,0.615120935803986,0.775095254248319,0.241200410069652,0.37156997420894
3839.8,63.9966666666667,0.615105880791024,0.774996469738556,0.241127678296443,0.3715607599967
3840,64,0.615091067849595,0.774898960776481,0.241055052244992,0.371551693290123
3840.2,64.0033333333333,0.615076494403191,0.774802711844108,0.240982531720035,0.371542772516558
3840.4,64.0066666666667,0.615062157907873,0.774707707619583,0.240910116521168,0.371533996123329
3840.6,64.01,0.615048055851711,0.77461393297471,0.240837806442965,0.371525362577369
3840.8,64.0133333333333,0.615034185754243,0.774521372972494,0.240765601275093,0.371516870364886
3841,64.0166666666667,0.615020545165975,0.77443001286472,0.240693500802426,0.371508517991041
3841.2,64.02,0.615007131667896,0.774339838089561,0.240621504805158,0.371500303979649
3841.4,64.0233333333333,0.614993942871013,0.774250834269211,0.240549613058908,0.371492226872883
3841.6,64.0266666666667,0.614980976415912,0.774162987207548,0.240477825334832,0.371484285231002
3841.8,64.03,0.614968229972326,0.774076282887826,0.240406141399726,0.371476477632084
3842,64.0333333333333,0.614955701238725,0.773990707470396,0.240334561016133,0.371468802671766
3842.2,64.0366666666667,0.61494338794191,0.773906247290453,0.24026308394244,0.371461258962998
3842.4,64.04,0.614931287836626,0.773822888855812,0.240191709932986,0.371453845135802
3842.6,64.0433333333333,0.614919398705184,0.773740618844712,0.240120438738154,0.371446559837036
3842.8,64.0466666666667,0.614907718357087,0.773659424103649,0.240049270104473,0.371439401730167
3843,64.05,0.614896244628674,0.773579291645232,0.239978203774712,0.371432369495047
3843.2,64.0533333333333,0.614884975382756,0.773500208646069,0.239907239487974,0.371425461827698
3843.4,64.0566666666667,0.614873908508282,0.773422162444683,0.239836376979789,0.371418677440097
3843.6,64.06,0.614863041919987,0.773345140539443,0.239765615982207,0.371412015059965
3843.8,64.0633333333333,0.614852373558066,0.773269130586538,0.239694956223886,0.371405473430567
3844,64.0666666666667,0.614841901387842,0.773194120397959,0.239624397430179,0.371399051310508
3844.2,64.07,0.614831623399447,0.77312009793952,0.239553939323227,0.371392747473537
3844.4,64.0733333333333,0.614821537607499,0.773047051328899,0.239483581622035,0.371386560708349
3844.6,64.0766666666667,0.614811642050797,0.772974968833702,0.239413324042568,0.3713804898184
3844.8,64.08,0.614801934792006,0.772903838869555,0.239343166297823,0.371374533621713
3845,64.0833333333333,0.614792413917361,0.77283364999822,0.239273108097918,0.371368690950698
3845.2,64.0866666666667,0.614783077536365,0.772764390925733,0.239203149150168,0.371362960651965
3845.4,64.09,0.614773923781493,0.772696050500566,0.239133289159167,0.371357341586147
3845.6,64.0933333333333,0.614764950807907,0.772628617711816,0.239063527826865,0.371351832627723
3845.8,64.0966666666667,0.614756156793167,0.772562081687412,0.238993864852642,0.371346432664839
3846,64.1,0.614747539936949,0.772496431692349,0.238924299933389,0.371341140599144
3846.2,64.1033333333333,0.614739098460768,0.772431657126941,0.238854832763574,0.371335955345611
3846.4,64.1066666666667,0.614730830607702,0.7723677475251,0.238785463035323,0.371330875832375
3846.6,64.11,0.614722734642124,0.772304692552635,0.238716190438487,0.371325901000567
3846.8,64.1133333333333,0.61471480884943,0.772242482005571,0.238647014660714,0.37132102980415
3847,64.1166666666667,0.614707051535783,0.772181105808494,0.238577935387518,0.371316261209756
3847.2,64.12,0.614699461027843,0.772120554012914,0.238508952302349,0.371311594196533
3847.4,64.1233333333333,0.614692035672519,0.772060816795647,0.238440065086656,0.371307027755981
3847.6,64.1266666666667,0.614684773836712,0.772001884457223,0.23837127341996,0.371302560891801
3847.8,64.13,0.614677673907064,0.771943747420309,0.238302576979912,0.371298192619745
3848,64.1333333333333,0.614670734289712,0.77188639622816,0.238233975442361,0.37129392196746
3848.2,64.1366666666667,0.614663953410043,0.771829821543075,0.238165468481416,0.371289747974341
3848.4,64.14,0.614657329712459,0.771774014144892,0.238097055769508,0.371285669691387
3848.6,64.1433333333333,0.61465086166013,0.771718964929486,0.238028736977452,0.371281686181051
3848.8,64.1466666666667,0.614644547734768,0.771664664907296,0.237960511774504,0.371277796517101
3849,64.15,0.61463838643639,0.771611105201864,0.237892379828424,0.371273999784477
3849.2,64.1533333333333,0.614632376283095,0.771558277048402,0.237824340805529,0.371270295079151
3849.4,64.1566666666667,0.614626515810831,0.771506171792363,0.237756394370755,0.371266681507992
3849.6,64.16,0.61462080357318,0.771454780888048,0.237688540187709,0.371263158188626
3849.8,64.1633333333333,0.614615238141132,0.771404095897212,0.237620777918728,0.371259724249306
3850,64.1666666666667,0.614609818102872,0.771354108487708,0.237553107224929,0.371256378828774
3850.2,64.17,0.614604542063562,0.771304810432127,0.237485527766264,0.371253121076136
3850.4,64.1733333333333,0.614599408645135,0.771256193606474,0.237418039201576,0.371249950150731
3850.6,64.1766666666667,0.614594416486079,0.771208249988847,0.237350641188643,0.371246865222002
3850.8,64.18,0.614589564241236,0.771160971658145,0.237283333384236,0.371243865469369
3851,64.1833333333333,0.614584850581597,0.771114350792781,0.237216115444164,0.37124095008211
3851.2,64.1866666666667,0.6145802741941,0.771068379669419,0.237148987023325,0.371238118259233
3851.4,64.19,0.614575833781433,0.771023050661727,0.237081947775754,0.371235369209357
3851.6,64.1933333333333,0.614571528061836,0.770978356239138,0.237014997354668,0.371232702150593
3851.8,64.1966666666667,0.614567355768909,0.770934288965641,0.236948135412518,0.371230116310425
3852,64.2,0.614563315651421,0.77089084149857,0.236881361601028,0.371227610925592
3852.2,64.2033333333333,0.614559406473121,0.770848006587427,0.236814675571243,0.371225185241977
3852.4,64.2066666666667,0.614555627012552,0.770805777072702,0.236748076973575,0.371222838514488
3852.6,64.21,0.614551976062866,0.770764145884723,0.236681565457843,0.371220570006949
3852.8,64.2133333333333,0.614548452431644,0.770723106042512,0.236615140673317,0.371218378991991
3853,64.2166666666667,0.614545054940717,0.770682650652657,0.23654880226876,0.371216264750937
3853.2,64.22,0.614541782425985,0.770642772908204,0.236482549892468,0.3712142265737
3853.4,64.2233333333333,0.61453863373725,0.770603466087552,0.236416383192312,0.371212263758671
3853.6,64.2266666666667,0.614535607738035,0.770564723553373,0.236350301815778,0.37121037561262
3853.8,64.23,0.614532703305419,0.770526538751544,0.236284305410002,0.371208561450584
3854,64.2333333333333,0.614529919329868,0.770488905210082,0.236218393621815,0.371206820595771
3854.2,64.2366666666667,0.614527254715068,0.770451816538111,0.236152566097772,0.371205152379457
3854.4,64.24,0.614524708377761,0.770415266424822,0.236086822484198,0.371203556140883
3854.6,64.2433333333333,0.614522279247583,0.770379248638465,0.236021162427217,0.371202031227161
3854.8,64.2466666666667,0.614519966266906,0.77034375702534,0.235955585572792,0.371200576993173
3855,64.25,0.614517768390677,0.770308785508808,0.235890091566758,0.371199192801473
3855.2,64.2533333333333,0.614515684586267,0.77027432808831,0.235824680054856,0.371197878022199
3855.4,64.2566666666667,0.61451371383331,0.770240378838407,0.235759350682768,0.371196632032972
3855.6,64.26,0.614511855123559,0.770206931907821,0.235694103096151,0.371195454218806
3855.8,64.2633333333333,0.61451010746073,0.770173981518494,0.235628936940664,0.371194343972015
3856,64.2666666666667,0.614508469860358,0.770141521964664,0.235563851862009,0.371193300692128
3856.2,64.27,0.614506941349647,0.770109547611942,0.235498847505953,0.371192323785792
3856.4,64.2733333333333,0.61450552096733,0.770078052896407,0.235433923518364,0.371191412666689
3856.6,64.2766666666667,0.614504207763521,0.770047032323716,0.235369079545241,0.371190566755447
3856.8,64.28,0.614503000799579,0.770016480468217,0.235304315232741,0.371189785479555
3857,64.2833333333333,0.614501899147969,0.76998639197208,0.23523963022721,0.371189068273279
3857.2,64.2866666666667,0.61450090189212,0.769956761544435,0.23517502417521,0.371188414577575
3857.4,64.29,0.614500008126294,0.769927583960525,0.235110496723551,0.37118782384001
3857.6,64.2933333333333,0.614499216955453,0.769898854060863,0.23504604751931,0.371187295514678
3857.8,64.2966666666667,0.61449852749512,0.76987056675041,0.234981676209868,0.371186829062121
3858,64.3,0.614497938871257,0.769842716997756,0.234917382442929,0.371186423949247
3858.2,64.3033333333333,0.614497450220132,0.76981529983431,0.234853165866547,0.371186079649255
3858.4,64.3066666666667,0.614497060688193,0.769788310353506,0.234789026129154,0.371185795641554
3858.6,64.31,0.614496769431939,0.769761743710019,0.234724962879584,0.371185571411688
3858.8,64.3133333333333,0.614496575617802,0.769735595118984,0.234660975767094,0.371185406451259
3859,64.3166666666667,0.614496478422019,0.769709859855233,0.234597064441394,0.371185300257857
3859.2,64.32,0.614496477030517,0.769684533252539,0.234533228552663,0.371185252334978
3859.4,64.3233333333333,0.614496570638788,0.769659610702865,0.234469467751578,0.371185262191959
3859.6,64.3266666666667,0.614496758451773,0.769635087655631,0.234405781689334,0.371185329343902
3859.8,64.33,0.614497039683746,0.769610959616984,0.234342170017666,0.371185453311603
3860,64.3333333333333,0.614497413558203,0.769587222149079,0.234278632388869,0.371185633621483
3860.2,64.3366666666667,0.614497879307739,0.769563870869371,0.234215168455823,0.371185869805519
3860.4,64.34,0.614498436173947,0.769540901449912,0.23415177787201,0.371186161401176
3860.6,64.3433333333333,0.614499083407298,0.769518309616664,0.234088460291538,0.371186507951337
3860.8,64.3466666666667,0.61449982026704,0.769496091148812,0.234025215369154,0.371186909004238
3861,64.35,0.614500646021083,0.76947424187809,0.233962042760272,0.371187364113404
3861.2,64.3533333333333,0.614501559945897,0.769452757688121,0.233898942120987,0.371187872837581
3861.4,64.3566666666667,0.614502561326406,0.769431634513752,0.233835913108093,0.371188434740672
3861.6,64.36,0.614503649455882,0.769410868340412,0.233772955379104,0.371189049391676
3861.8,64.3633333333333,0.614504823635846,0.76939045520347,0.233710068592269,0.371189716364625
3862,64.3666666666667,0.614506083175965,0.769370391187603,0.233647252406592,0.371190435238519
3862.2,64.37,0.61450742739395,0.769350672426168,0.233584506481849,0.371191205597268
3862.4,64.3733333333333,0.614508855615462,0.769331295100594,0.233521830478601,0.371192027029633
3862.6,64.3766666666667,0.61451036717401,0.769312255439766,0.233459224058214,0.371192899129163
3862.8,64.38,0.614511961410859,0.769293549719429,0.233396686882875,0.371193821494138
3863,64.3833333333333,0.614513637674929,0.769275174261595,0.233334218615604,0.371194793727511
3863.2,64.3866666666667,0.614515395322709,0.769257125433955,0.233271818920274,0.371195815436851
3863.4,64.39,0.614517233718157,0.769239399649305,0.233209487461621,0.371196886234285
3863.6,64.3933333333333,0.614519152232613,0.769221993364973,0.233147223905263,0.371198005736446
3863.8,64.3966666666667,0.614521150244709,0.769204903082257,0.233085027917711,0.371199173564412
3864,64.4,0.614523227140275,0.769188125345867,0.233022899166384,0.371200389343656
3864.2,64.4033333333333,0.614525382312256,0.76917165674338,0.232960837319625,0.371201652703992
3864.4,64.4066666666667,0.614527615160624,0.769155493904697,0.232898842046708,0.371202963279519
3864.6,64.41,0.61452992509229,0.769139633501503,0.232836913017857,0.371204320708572
3864.8,64.4133333333333,0.61453231152102,0.769124072246748,0.232775049904257,0.371205724633669
3865,64.4166666666667,0.614534773867352,0.769108806894117,0.232713252378062,0.371207174701457
3865.2,64.42,0.614537311558516,0.76909383423752,0.232651520112416,0.371208670562667
3865.4,64.4233333333333,0.614539924028344,0.769079151110583,0.232589852781454,0.37121021187206
3865.6,64.4266666666667,0.6145426107172,0.769064754386148,0.232528250060322,0.37121179828838
3865.8,64.43,0.614545371071892,0.769050640975771,0.232466711625184,0.371213429474303
3866,64.4333333333333,0.614548204545597,0.769036807829242,0.232405237153233,0.371215105096392
3866.2,64.4366666666667,0.614551110597784,0.769023251934097,0.232343826322702,0.371216824825048
3866.4,64.44,0.614554088694135,0.769009970315141,0.232282478812876,0.371218588334462
3866.6,64.4433333333333,0.614557138306471,0.768996960033981,0.232221194304098,0.371220395302572
3866.8,64.4466666666667,0.614560258912677,0.768984218188557,0.232159972477783,0.371222245411015
3867,64.45,0.614563449996628,0.768971741912687,0.232098813016425,0.371224138345081
3867.2,64.4533333333333,0.614566711048115,0.768959528375614,0.232037715603607,0.371226073793671
3867.4,64.4566666666667,0.614570041562775,0.768947574781556,0.231976679924009,0.371228051449254
3867.6,64.46,0.614573441042019,0.768935878369267,0.231915705663418,0.37123007100782
3867.8,64.4633333333333,0.614576908992962,0.768924436411603,0.231854792508737,0.371232132168837
3868,64.4666666666667,0.614580444928351,0.768913246215086,0.231793940147991,0.371234234635213
3868.2,64.47,0.614584048366503,0.768902305119486,0.231733148270335,0.371236378113252
3868.4,64.4733333333333,0.614587718831231,0.768891610497399,0.231672416566065,0.371238562312611
3868.6,64.4766666666667,0.61459145585178,0.768881159753831,0.231611744726623,0.371240786946262
3868.8,64.48,0.61459525896276,0.768870950325792,0.231551132444602,0.37124305173045
3869,64.4833333333333,0.614599127704083,0.768860979681892,0.231490579413761,0.371245356384654
3869.2,64.4866666666667,0.614603061620896,0.768851245321944,0.231430085329021,0.371247700631546
3869.4,64.49,0.61460706026352,0.768841744776567,0.23136964988648,0.371250084196957
3869.6,64.4933333333333,0.614611123187387,0.7688324756068,0.231309272783417,0.371252506809834
3869.8,64.4966666666667,0.614615249952974,0.768823435403721,0.231248953718297,0.371254968202203
3870,64.5,0.614619440125749,0.768814621788065,0.231188692390777,0.371257468109133
3870.2,64.5033333333333,0.614623693276104,0.768806032409852,0.231128488501714,0.371260006268701
3870.4,64.5066666666667,0.6146280089793,0.768797664948017,0.231068341753168,0.371262582421949
3870.6,64.51,0.614632386815404,0.768789517110048,0.23100825184841,0.371265196312856
3870.8,64.5133333333333,0.614636826369236,0.768781586631625,0.230948218491925,0.371267847688297
3871,64.5166666666667,0.614641327230307,0.768773871276265,0.230888241389416,0.371270536298011
3871.2,64.52,0.614645888992763,0.768766368834971,0.230828320247814,0.371273261894565
3871.4,64.5233333333333,0.614650511255334,0.76875907712589,0.230768454775277,0.371276024233318
3871.6,64.5266666666667,0.614655193621271,0.768751993993964,0.230708644681197,0.371278823072394
3871.8,64.53,0.614659935698295,0.768745117310602,0.230648889676203,0.371281658172639
3872,64.5333333333333,0.614664737098547,0.768738444973338,0.230589189472169,0.371284529297596
3872.2,64.5366666666667,0.614669597438527,0.768731974905509,0.230529543782213,0.371287436213469
3872.4,64.54,0.614674516339047,0.768725705055928,0.230469952320701,0.371290378689091
3872.6,64.5433333333333,0.614679493425177,0.768719633398562,0.230410414803256,0.371293356495894
3872.8,64.5466666666667,0.614684528326196,0.768713757932218,0.230350930946756,0.371296369407876
3873,64.55,0.614689620675536,0.768708076680232,0.230291500469339,0.371299417201569
3873.2,64.5533333333333,0.614694770110739,0.768702587690156,0.230232123090406,0.371302499656013
3873.4,64.5566666666667,0.614699976273401,0.768697289033458,0.230172798530624,0.37130561655272
3873.6,64.56,0.614705238809129,0.76869217880522,0.230113526511929,0.37130876767565
3873.8,64.5633333333333,0.614710557367488,0.768687255123838,0.23005430675753,0.371311952811177
3874,64.5666666666667,0.614715931601956,0.768682516130738,0.229995138991909,0.371315171748061
3874.2,64.57,0.614721361169877,0.768677959990075,0.229936022940822,0.371318424277423
3874.4,64.5733333333333,0.614726845732414,0.768673584888456,0.229876958331308,0.37132171019271
3874.6,64.5766666666667,0.614732384954504,0.768669389034658,0.229817944891685,0.371325029289674
3874.8,64.58,0.614737978504809,0.768665370659342,0.229758982351551,0.371328381366339
3875,64.5833333333333,0.614743626055678,0.768661528014787,0.229700070441791,0.371331766222976
3875.2,64.5866666666667,0.614749327283098,0.768657859374616,0.229641208894578,0.371335183662078
3875.4,64.59,0.614755081866649,0.768654363033522,0.229582397443368,0.371338633488329
3875.6,64.5933333333333,0.614760889489467,0.768651037307016,0.229523635822909,0.371342115508581
3875.8,64.5966666666667,0.614766749838195,0.768647880531152,0.229464923769238,0.371345629531827
3876,64.6,0.614772662602947,0.76864489106228,0.229406261019685,0.371349175369175
3876.2,64.6033333333333,0.614778627477261,0.768642067276787,0.229347647312871,0.371352752833824
3876.4,64.6066666666667,0.614784644158061,0.768639407570846,0.229289082388711,0.371356361741037
3876.6,64.61,0.614790712345617,0.768636910360166,0.229230565988414,0.371360001908118
3876.8,64.6133333333333,0.614796831743502,0.768634574079751,0.229172097854484,0.371363673154388
3877,64.6166666666667,0.614803002058558,0.768632397183658,0.229113677730719,0.371367375301158
3877.2,64.62,0.614809223000849,0.768630378144753,0.229055305362216,0.371371108171709
3877.4,64.6233333333333,0.614815494283632,0.768628515454481,0.228996980495365,0.371374871591266
3877.6,64.6266666666667,0.61482181562331,0.768626807622632,0.228938702877854,0.371378665386975
3877.8,64.63,0.614828186739401,0.768625253177108,0.228880472258668,0.371382489387881
3878,64.6333333333333,0.614834607354497,0.7686238506637,0.228822288388086,0.371386343424905
3878.2,64.6366666666667,0.614841077194231,0.768622598645863,0.228764151017686,0.371390227330822
3878.4,64.64,0.614847595987236,0.768621495704494,0.228706059900341,0.371394140940238
3878.6,64.6433333333333,0.614854163465113,0.768620540437713,0.228648014790222,0.371398084089569
3878.8,64.6466666666667,0.614860779362395,0.768619731460649,0.228590015442792,0.371402056617018
3879,64.65,0.614867443416512,0.768619067405229,0.228532061614813,0.371406058362556
3879.2,64.6533333333333,0.614874155367755,0.768618546919962,0.228474153064338,0.371410089167901
3879.4,64.6566666666667,0.614880914959244,0.768618168669738,0.228416289550717,0.371414148876495
3879.6,64.66,0.614887721936895,0.768617931335618,0.228358470834591,0.371418237333483
3879.8,64.6633333333333,0.614894576049384,0.768617833614637,0.228300696677895,0.371422354385698
3880,64.6666666666667,0.614901477048115,0.768617874219598,0.228242966843853,0.371426499881635
3880.2,64.67,0.538920600980882,0.768222233188551,0.228134794019134,0.356728836602069
3880.4,64.6733333333333,0.474612497242286,0.766380214857546,0.227841282601171,0.317719956153015
3880.6,64.6766666666667,0.420188535222235,0.763337974972565,0.227392270095595,0.280761191470936
3880.8,64.68,0.374154050292069,0.759303763512289,0.226813038705844,0.248902961323452
3881,64.6833333333333,0.33522855266126,0.754453859657689,0.226125029079044,0.221870355680714
3881.2,64.6866666666667,0.30231455060381,0.748937172293454,0.225346390418044,0.198998982512684
3881.4,64.69,0.274474491838584,0.742879201882955,0.224492454435017,0.179656391881191
3881.6,64.6933333333333,0.250910219413679,0.736385494328268,0.223576149091078,0.163293248016677
3881.8,64.6966666666667,0.23094432527595,0.729544640141958,0.222608358329351,0.149440705270455
3882,64.7,0.214003392928458,0.722430863810233,0.221598232992577,0.137700776000337
3882.2,64.7033333333333,0.19960311847009,0.715106247530721,0.220553458082132,0.127736631841861
3882.4,64.7066666666667,0.187335237436919,0.707622632278078,0.219480481411935,0.11926385065135
3882.6,64.71,0.176856137966813,0.700023236758935,0.218384708457026,0.112042712214345
3882.8,64.7133333333333,0.167877013885326,0.692344031634022,0.21727066783852,0.105871490699478
3883,64.7166666666667,0.160155399975172,0.684614902800835,0.216142151473376,0.100580658112242
3883.2,64.72,0.153487931205584,0.676860633835305,0.215002332985587,0.0960279043844083
3883.4,64.7233333333333,0.147704174251315,0.66910173408633,0.213853867550603,0.0920938796688675
3883.6,64.7266666666667,0.142661390373224,0.661355135522866,0.212698975942578,0.0886785686599026
3883.8,64.73,0.138240101636484,0.653634778320699,0.21153951518363,0.0856982133956428
3884,64.7333333333333,0.134340346116822,0.645952102375939,0.210377037860245,0.0830827088176794
3884.2,64.7366666666667,0.130878521278613,0.638316459447847,0.209212841874721,0.0807734035637542
3884.4,64.74,0.127784727542918,0.630735458457303,0.208048012138897,0.0787212465384153
3884.6,64.7433333333333,0.12500053588189,0.623215254574865,0.206883455490344,0.0768852274269266
3884.8,64.7466666666667,0.122477113934063,0.61576079110052,0.205719929915221,0.0752310663165178
3885,64.75,0.120173654596998,0.608376001738309,0.204558068993872,0.073730113887871
3885.2,64.7533333333333,0.118056059353263,0.601063979673398,0.203398402341382,0.0723584292228397
3885.4,64.7566666666667,0.11609583579898,0.593827118844336,0.202241372693205,0.0710960071666729
3885.6,64.76,0.114269175066194,0.586667231941587,0.201087350182221,0.0699261314304377
3885.8,64.7633333333333,0.112556180166334,0.579585648935531,0.199936644265844,0.0688348332809185
3886,64.7666666666667,0.110940220836437,0.572583299323632,0.19878951368798,0.0678104388036172
3886.2,64.77,0.10940739434154,0.565660780768506,0.197646174798072,0.0668431904015815
3886.4,64.7733333333333,0.107946074968451,0.558818416364701,0.196506808497279,0.0659249304682747
3886.6,64.7766666666667,0.106546537719879,0.552056302406348,0.195371566037656,0.0650488371003899
3886.8,64.78,0.105200644057738,0.545374348221551,0.194240573863291,0.0642092033456883
3887,64.7833333333333,0.10390157951468,0.538772309383168,0.193113937651481,0.0634012528549352
3887.2,64.7866666666667,0.102643634649191,0.532249815389795,0.19199174568592,0.0626209859635465
3887.4,64.79,0.101422022210697,0.525806392731581,0.190874071672333,0.0618650512010112
3887.6,64.7933333333333,0.100232724547913,0.519441484104429,0.189760977088699,0.061130638042501
3887.8,64.7966666666667,0.0990723662716724,0.51315446441018,0.188652513147031,0.0604153874018921
3888,64.8,0.0979381080027192,0.506944654075665,0.187548722431069,0.0597173169394141
3888.2,64.8033333333333,0.0968275577204868,0.500811330134719,0.186449640263461,0.0590347587377219
3888.4,64.8066666666667,0.0957386968026764,0.494753735444577,0.185355295847313,0.0583663073025986
3888.6,64.81,0.0946698183250828,0.488771086346173,0.184265713219459,0.0577107761810204
3888.8,64.8133333333333,0.0936194755921565,0.482862579026633,0.183180912046641,0.0570671617707711
3889,64.8166666666667,0.0925864392040115,0.477027394799912,0.182100908290694,0.0564346131311246
3889.2,64.82,0.0915696612454582,0.471264704485083,0.181025714764377,0.0558124068006456
3889.4,64.8233333333333,0.0905682454166523,0.465573672032679,0.179955341596065,0.055199925792502
3889.6,64.8266666666667,0.0895814221201793,0.459953457524161,0.178889796618364,0.0545966420748287
3889.8,64.83,0.0886085276824798,0.454403219648788,0.177829085693267,0.0540021019582645
3890,64.8333333333333,0.0876489870237479,0.448922117745332,0.176773212984414,0.0534159139084909
3890.2,64.8366666666667,0.0867022992039524,0.443509313480882,0.175722181185169,0.0528377383813951
3890.4,64.84,0.085768025367612,0.438163972227628,0.174675991709898,0.0522672793452154
3890.6,64.8433333333333,0.0848457786890303,0.432885264188033,0.173634644854513,0.0517042772096174
3890.8,64.8466666666667,0.0839352159857571,0.427672365310363,0.172598139931368,0.0511485029280867
3891,64.85,0.0830360307232272,0.422524458030039,0.171566475382796,0.05059975307881
3891.2,64.8533333333333,0.0821479471794024,0.417440731865696,0.170539648876772,0.0500578457614771
3891.4,64.8566666666667,0.0812707155767132,0.412420383894687,0.169517657387695,0.0495226171744788
3891.6,64.86,0.0804041080205341,0.407462619128249,0.168500497264749,0.0489939187594328
3891.8,64.8633333333333,0.0795479151101176,0.402566650803183,0.167488164289855,0.0484716148187418
3892,64.8666666666667,0.078701943110252,0.397731700604483,0.16648065372699,0.0479555805275887
3892.2,64.87,0.0778660115903706,0.392956998830345,0.165477960364235,0.0474457002747683
3892.4,64.8733333333333,0.0770399514534374,0.388241784509674,0.164480078549795,0.0469418662777141
3892.6,64.8766666666667,0.0762236032897848,0.383585305480139,0.16348700222296,0.0464439774261217
3892.8,64.88,0.0754168160018526,0.378986818433516,0.162498724940814,0.0459519383161493
3893,64.8833333333333,0.074619445654828,0.374445588934245,0.161515239901439,0.045465658443532
3893.2,64.8866666666667,0.073831354515572,0.369960891415621,0.160536539964122,0.0449850515291576
3893.4,64.89,0.0730524102485709,0.365532009157834,0.159562617667095,0.0445100349551015
3893.6,64.8933333333333,0.0722824852427911,0.361158234251017,0.158593465243193,0.0440405292927483
3893.8,64.8966666666667,0.0715214560476604,0.356838867545951,0.157629074633741,0.0435764579076808
3894,64.9,0.0707692029000839,0.352573218594939,0.156669437500996,0.0431177466285995
3894.2,64.9033333333333,0.0700256093273193,0.348360605584456,0.155714545239322,0.0426643234696059
3894.4,64.9066666666667,0.0692905618131548,0.344200355261386,0.154764388985333,0.0422161183970051
3894.6,64.91,0.0685639495168651,0.340091802854056,0.153818959627155,0.0417730631332285
3894.8,64.9133333333333,0.0678456640361733,0.336034291989077,0.152878247812914,0.041335090991703
3895,64.9166666666667,0.0671355992069618,0.33202717460511,0.151942243958621,0.0409021367375576
3895.2,64.92,0.0664336509336,0.32806981086404,0.151010938255477,0.0404741364698572
3895.4,64.9233333333333,0.0657397170448589,0.324161569060418,0.150084320676735,0.0400510275218198
3895.6,64.9266666666667,0.0650536971711702,0.320301825529578,0.149162380984164,0.039632748376034
3895.8,64.93,0.0643754926396924,0.316489964554782,0.148245108734144,0.0392192385921893
3896,64.9333333333333,0.0637050063842881,0.312725378273961,0.147332493283495,0.0388104387452765
3896.2,64.9366666666667,0.0630421428679171,0.309007466586093,0.146424523795013,0.0384062903725082
3896.4,64.94,0.0623868080154471,0.305335637057651,0.145521189242798,0.038006735927549
3896.6,64.9433333333333,0.061738909155164,0.301709304829265,0.144622478417377,0.0376117187408478
3896.8,64.9466666666667,0.0610983549675521,0.298127892522652,0.143728379930638,0.0372211829850686
3897,64.95,0.0604650554401997,0.294590830148165,0.14283888222062,0.0368350736448092
3897.2,64.9533333333333,0.0598389218278007,0.291097555012821,0.141953973556135,0.0364533364898901
3897.4,64.9566666666667,0.0592198666164689,0.287647511629108,0.141073642041283,0.0360759180516569
3897.6,64.96,0.0586078034916649,0.284240151624543,0.140197875619844,0.0357027656018065
3897.8,64.9633333333333,0.0580026473091524,0.280874933651979,0.139326662079536,0.035333827133328
3898,64.9666666666667,0.057404314068542,0.277551323300882,0.138459989056207,0.0349690513432425
3898.2,64.97,0.0568127208889839,0.274268793009403,0.137597844037906,0.0346083876168407
3898.4,64.9733333333333,0.0562277859867137,0.271026821977443,0.136740214368871,0.0342517860132037
3898.6,64.9766666666667,0.05564942865416,0.267824896080672,0.13588708725345,0.033899197251805
3898.8,64.98,0.0550775692403714,0.264662507785423,0.135038449759913,0.0335505727000252
3899,64.9833333333333,0.0545121291326022,0.261539156064687,0.134194288824219,0.0332058643614614
3899.2,64.9866666666667,0.0539530307388567,0.258454346314954,0.133354591253686,0.0328650248648975
3899.4,64.99,0.0534001974712915,0.255407590274127,0.132519343730606,0.0325280074538578
3899.6,64.9933333333333,0.0528535537303488,0.252398405940404,0.131688532815795,0.0321947659766598
3899.8,64.9966666666667,0.0523130248895152,0.249426317492078,0.130862144952063,0.0318652548768907
3900,65,0.0517785372806579,0.246490855208414,0.130040166467644,0.0315394291842727
3900.2,65.0033333333333,0.0512500181798359,0.243591555391394,0.129222583579541,0.0312172445058472
3900.4,65.0066666666667,0.0507273957935612,0.240727960288502,0.128409382396829,0.030898657017459
3900.6,65.01,0.0502105992454502,0.23789961801646,0.127600548923903,0.0305836234554995
3900.8,65.0133333333333,0.0496995585632165,0.235106082485855,0.126796069063645,0.0302721011088751
3901,65.0166666666667,0.049194204666,0.232346913326805,0.125995928620572,0.0299640478111954
3901.2,65.02,0.0486944693519697,0.229621675815465,0.125200113303897,0.0296594219331406
3901.4,65.0233333333333,0.048200285286206,0.226929940801517,0.124408608730556,0.0293581823750095
3901.6,65.0266666666667,0.0477115859888309,0.22427128463658,0.123621400428186,0.0290602885594273
3901.8,65.03,0.0472283058233577,0.221645289103459,0.122838473838031,0.0287657004241938
3902,65.0333333333333,0.0467503799852733,0.219051541346392,0.122059814317827,0.0284743784152802
3902.2,65.0366666666667,0.0462777444908086,0.216489633802075,0.12128540714461,0.0281862834799451
3902.4,65.04,0.0458103361659125,0.213959164131643,0.120515237517494,0.0279013770599791
3902.6,65.0433333333333,0.0453480926354102,0.211459735153498,0.119749290560404,0.0276196210850649
3902.8,65.0466666666667,0.0448909523123261,0.208990954776948,0.118987551324742,0.0273409779662419
3903,65.05,0.0444388543873925,0.206552435936769,0.118230004792031,0.0270654105894846
3903.2,65.0533333333333,0.0439917388187044,0.20414379652852,0.117476635876494,0.0267928823093743
3903.4,65.0566666666667,0.0435495463215427,0.201764659344741,0.116727429427604,0.0265233569428741
3903.6,65.06,0.0431122183583491,0.199414652011964,0.115982370232584,0.0262567987631983
3903.8,65.0633333333333,0.0426796971288402,0.197093406928472,0.115241443018858,0.0259931724937674
3904,65.0666666666667,0.0422519255602791,0.194800561202938,0.114504632456475,0.0257324433022618
3904.2,65.07,0.0418288472978746,0.19253575659377,0.113771923160471,0.0254745767947521
3904.4,65.0733333333333,0.0414104066953262,0.19029863944928,0.113043299693206,0.0252195390099211
3904.6,65.0766666666667,0.0409965488055042,0.18808886064862,0.112318746566661,0.0249672964133674
3904.8,65.08,0.0405872193712515,0.185906075543429,0.111598248244676,0.024717815891985
3905,65.0833333333333,0.0401823648163286,0.183749943900295,0.110881789145176,0.0244710647484302
3905.2,65.0866666666667,0.0397819322364716,0.18162012984388,0.110169353642336,0.0242270106956574
3905.4,65.09,0.0393858693905826,0.179516301800832,0.109460926068715,0.0239856218515373
3905.6,65.0933333333333,0.0389941246920433,0.177438132444408,0.108756490717364,0.0237468667335494
3905.8,65.0966666666667,0.0386066472001388,0.175385298639757,0.108056031843873,0.0235107142535428
3906,65.1,0.038223386611613,0.173357481389983,0.10735953366841,0.0232771337125773
3906.2,65.1033333333333,0.0378442932523268,0.171354365782827,0.106666980377696,0.0230460947958272
3906.4,65.1066666666667,0.0374693180690391,0.169375640938077,0.105978356126964,0.0228175675675609
3906.6,65.11,0.0370984126213006,0.167420999955655,0.105293645041885,0.0225915224661886
3906.8,65.1133333333333,0.036731529073449,0.165490139864325,0.104612831220435,0.0223679302993732
3907,65.1166666666667,0.0363686201867265,0.163582761571125,0.103935898734763,0.0221467622392149
3907.2,65.12,0.0360096393114917,0.161698569811386,0.103262831632995,0.0219279898174939
3907.4,65.1233333333333,0.0356545403795461,0.159837273099433,0.102593613941023,0.0217115849209839
3907.6,65.1266666666667,0.0353032778965639,0.157998583679918,0.101928229664263,0.0214975197868273
3907.8,65.13,0.0349558069346169,0.156182217479742,0.101266662789359,0.0212857669979701
3908,65.1333333333333,0.0346120831248127,0.154387894060649,0.100608897285892,0.0210762994786651
3908.2,65.1366666666667,0.0342720626500205,0.152615336572376,0.099954917108022,0.0208690904900283
3908.4,65.14,0.0339357022377025,0.150864271706439,0.0993047061961191,0.0206641136256616
3908.6,65.1433333333333,0.0336029591528432,0.14913442965052,0.0986582484783688,0.0204613428073332
3908.8,65.1466666666667,0.0332737911909656,0.147425544043391,0.0980155278723276,0.0202607522807123
3909,65.15,0.0329481566712531,0.145737351930487,0.0973765282864739,0.0200623166111686
3909.2,65.1533333333333,0.0326260144297531,0.144069593719988,0.0967412336217077,0.0198660106796207
3909.4,65.1566666666667,0.0323073238126794,0.1424220131395,0.0961096277728374,0.0196718096784461
3909.6,65.16,0.0319920446698045,0.140794357193301,0.0954816946300377,0.0194796891074449
3909.8,65.1633333333333,0.0316801373479338,0.139186376120094,0.0948574180802669,0.0192896247698547
3910,65.1666666666667,0.0313715626844781,0.137597823351363,0.0942367820086774,0.0191015927684247
3910.2,65.17,0.0310662820011017,0.136028455470206,0.0936197702999796,0.0189155695015367
3910.4,65.1733333333333,0.030764257097463,0.13447803217074,0.0930063668397928,0.0187315316593818
3910.6,65.1766666666667,0.0304654502450389,0.132946316218022,0.0923965555159709,0.0185494562201892
3910.8,65.18,0.0301698241810248,0.131433073408454,0.0917903202198882,0.0183693204465004
3911,65.1833333333333,0.0298773421023275,0.129938072530753,0.0911876448477218,0.0181911018815009
3911.2,65.1866666666667,0.0295879676596269,0.128461085327367,0.0905885133016877,0.0180147783453932
3911.4,65.19,0.0293016649515255,0.127001886456424,0.0899929094912672,0.0178403279318242
3911.6,65.1933333333333,0.0290183985187749,0.125560253454173,0.0894008173344091,0.0176677290043586
3911.8,65.1966666666667,0.0287381333385735,0.124135966697873,0.0888122207586947,0.0174969601929973
3912,65.2,0.0284608348189498,0.122728809369211,0.0882271037024996,0.0173280003907468
3912.2,65.2033333333333,0.0281864687932117,0.121338567418141,0.0876454501161135,0.0171608287502292
3912.4,65.2066666666667,0.0279150015144751,0.119965029527227,0.0870672439628499,0.0169954246803412
3912.6,65.21,0.0276463996502666,0.118607987076433,0.0864924692201339,0.016831767842958
3912.8,65.2133333333333,0.0273806302771915,0.117267234108354,0.0859211098805554,0.0166698381496766
3913,65.2166666666667,0.0271176608756816,0.115942567293923,0.08535314995292,0.0165096157586092
3913.2,65.22,0.0268574593248048,0.114633785898525,0.0847885734632596,0.0163510810712126
3913.4,65.2233333333333,0.0265999938971487,0.11334069174858,0.0842273644558347,0.0161942147291645
3913.6,65.2266666666667,0.0263452332537735,0.112063089198546,0.0836695069941167,0.0160389976112806
3913.8,65.23,0.0260931464392245,0.110800785098331,0.0831149851617367,0.0158854108304698
3914,65.2333333333333,0.0258437028766216,0.109553588761161,0.0825637830634341,0.0157334357307345
3914.2,65.2366666666667,0.0255968723628035,0.108321311931819,0.0820158848259659,0.0155830538842061
3914.4,65.24,0.0253526250635434,0.107103768755328,0.08147127459901,0.0154342470882231
3914.6,65.2433333333333,0.0251109315088275,0.105900775746033,0.0809299365560489,0.0152869973624477
3914.8,65.2466666666667,0.0248717625881908,0.104712151757058,0.0803918548952229,0.0151412869460181
3915,65.25,0.0246350895461228,0.103537717950191,0.0798570138401831,0.0149970982947423
3915.2,65.2533333333333,0.0244008839775263,0.102377297766129,0.0793253976409074,0.0148544140783257
3915.4,65.2566666666667,0.0241691178232413,0.101230716895123,0.078796990574512,0.0147132171776373
3915.6,65.26,0.0239397633656285,0.100097803248005,0.0782717769460442,0.0145734906820127
3915.8,65.2633333333333,0.0237127932242056,0.0989783869275662,0.0777497410892466,0.0144352178865902
3916,65.2666666666667,0.0234881803513494,0.0978723002003416,0.0772308673673217,0.0142983822896855
3916.2,65.27,0.0232658980280471,0.0967793774687176,0.0767151401736622,0.0141629675901977
3916.4,65.2733333333333,0.0230459198597083,0.0956994552434289,0.0762025439325767,0.0140289576850521
3916.6,65.2766666666667,0.0228282197720331,0.0946323721164092,0.075693063099999,0.0138963366666767
3916.8,65.28,0.0226127720069289,0.0935779687339673,0.0751866821641694,0.0137650888205094
3917,65.2833333333333,0.0223995511184894,0.0925360877703465,0.0746833856463185,0.0136351986225422
3917.2,65.2866666666667,0.0221885319690181,0.0915065739015902,0.0741831581013174,0.0135066507368938
3917.4,65.29,0.0219796897251105,0.0904892737797675,0.0736859841183242,0.0133794300134164
3917.6,65.2933333333333,0.0217729998537868,0.0894840360075327,0.0731918483214163,0.0132535214853349
3917.8,65.2966666666667,0.0215684381186713,0.0884907111129898,0.0727007353701953,0.0131289103669141
3918,65.3,0.0213659805762288,0.0875091515249163,0.0722126299603955,0.01300558205116
3918.2,65.3033333333333,0.0211656035720443,0.0865392115482729,0.0717275168244601,0.0128835221075487
3918.4,65.3066666666667,0.0209672837371551,0.0855807473400525,0.0712453807321154,0.0127627162797868
3918.6,65.31,0.0207709979844322,0.0846336168854404,0.0707662064909309,0.0126431504836016
3918.8,65.3133333333333,0.0205767235050041,0.0836976799742617,0.0702899789468542,0.0125248108045575
3919,65.3166666666667,0.0203844377647346,0.0827727981777646,0.0698166829847494,0.0124076834959055
3919.2,65.32,0.0201941185007398,0.081858834825672,0.0693463035289058,0.0122917549764567
3919.4,65.3233333333333,0.0200057437179557,0.0809556549835514,0.0688788255435448,0.0121770118284862
3919.6,65.3266666666667,0.0198192916857508,0.0800631254304761,0.068414234033313,0.012063440795665
3919.8,65.33,0.0196347409345782,0.0791811146369552,0.0679525140437529,0.0119510287810157
3920,65.3333333333333,0.0194520702526785,0.0783094927431797,0.0674936506617768,0.0118397628448995
3920.2,65.3366666666667,0.0192712586828198,0.0774481315375189,0.0670376290161131,0.0117296302030257
3920.4,65.34,0.0190922855190839,0.0765969044353152,0.0665844342777498,0.0116206182244893
3920.6,65.3433333333333,0.0189151303036952,0.0757556864579526,0.0661340516603678,0.011512714429835
3920.8,65.3466666666667,0.0187397728238864,0.0749243542121767,0.0656864664207515,0.0114059064891436
3921,65.35,0.0185661931088119,0.0741027858697108,0.0652416638592028,0.0113001822201471
3921.2,65.3533333333333,0.0183943714264949,0.0732908611471069,0.0647996293199295,0.0111955295863649
3921.4,65.3566666666667,0.0182242882808193,0.0724884612858759,0.0643603481914322,0.0110919366952672
3921.6,65.36,0.0180559244085597,0.0716954690328751,0.0639238059068808,0.0109893917964617
3921.8,65.3633333333333,0.0178892607764472,0.0709117686209306,0.0634899879444694,0.010887883279902
3922,65.3666666666667,0.017724278578279,0.0701372457497377,0.0630588798277765,0.0107873996741228
3922.2,65.37,0.0175609592320599,0.0693717875669808,0.0626304671260995,0.0106879296444949
3922.4,65.3733333333333,0.0173992843771849,0.0686152826497161,0.0622047354547888,0.010589461991505
3922.6,65.3766666666667,0.0172392358716587,0.0678676209859942,0.0617816704755724,0.0104919856490578
3922.8,65.38,0.0170807957893476,0.0671286939567035,0.0613612578968599,0.0103954896827984
3923,65.3833333333333,0.0169239464172725,0.0663983943176739,0.0609434834740524,0.0102999632884597
3923.2,65.3866666666667,0.0167686702529323,0.0656766161819864,0.0605283330098279,0.0102053957902279
3923.4,65.39,0.0166149500016648,0.0649632550025287,0.0601157923544266,0.0101117766391318
3923.6,65.3933333333333,0.016462768574043,0.064258207554776,0.0597058474059275,0.0100190954114524
3923.8,65.3966666666667,0.0163121090833009,0.063561371919778,0.059298484110506,0.009927341807152
3924,65.4,0.0161629548427987,0.0628726474673908,0.0588936884626975,0.0098365056483261
3924.2,65.4033333333333,0.0160152893635147,0.0621919348397008,0.0584914465056366,0.00974657687767267
3924.4,65.4066666666667,0.0158690963515746,0.0615191359346798,0.058091744331299,0.00965754555698328
3924.6,65.41,0.0157243597058119,0.0608541538900508,0.0576945680807329,0.0095694018656539
3924.8,65.4133333333333,0.0155810635153568,0.060196893067347,0.0572999039442748,0.0094821360992129
3925,65.4166666666667,0.0154391920572614,0.0595472590362004,0.0569077381617689,0.00939573866787123
3925.2,65.42,0.0152987297941511,0.0589051585588105,0.0565180570227662,0.00931020009508846
3925.4,65.4233333333333,0.0151596613719092,0.058270499574629,0.0561308468667243,0.00922551101615933
3925.6,65.4266666666667,0.0150219716173919,0.0576431911852426,0.055746094083199,0.00914166217681864
3925.8,65.43,0.0148856455361694,0.0570231436394368,0.0553637851120199,0.00905864443186229
3926,65.4333333333333,0.0147506683103011,0.0564102683184741,0.0549839064434713,0.00897644874378909
3926.2,65.4366666666667,0.0146170252961351,0.055804477721542,0.0546064446184527,0.00889506618145723
3926.4,65.44,0.0144847020221391,0.0552056854514026,0.0542313862286408,0.00881448791876011
3926.6,65.4433333333333,0.0143536841867594,0.054613806200228,0.0538587179166444,0.00873470523331924
3926.8,65.4466666666667,0.0142239576563044,0.0540287557356058,0.0534884263761433,0.00865570950519224
3927,65.45,0.0140955084628599,0.0534504508867446,0.0531204983520332,0.00857749221560027
3927.2,65.4533333333333,0.0139683228022278,0.0528788095308391,0.0527549206405519,0.00850004494566918
3927.4,65.4566666666667,0.0138423870318927,0.0523137505796247,0.0523916800894058,0.00842335937518875
3927.6,65.46,0.0137176876690164,0.0517551939661049,0.052030763597891,0.00834742728138791
3927.8,65.4633333333333,0.0135942113884543,0.0512030606314385,0.0516721581169993,0.00827224053772407
3928,65.4666666666667,0.013471945020802,0.0506572725120156,0.05131585064953,0.0081977911126906
3928.2,65.47,0.0133508755504634,0.0501177525266808,0.0509618282501837,0.00812407106863719
3928.4,65.4733333333333,0.0132309901137453,0.0495844245641355,0.0506100780256575,0.00805107256060711
3928.6,65.4766666666667,0.0131122759969777,0.0490572134705019,0.0502605871347348,0.0079787878351894
3928.8,65.48,0.0129947206346551,0.0485360450370365,0.0499133427883606,0.00790720922938427
3929,65.4833333333333,0.0128783116076057,0.0480208459880201,0.0495683322497236,0.00783632916948549
3929.2,65.4866666666667,0.0127630366411803,0.0475115439687867,0.0492255428343204,0.0077661401699748
3929.4,65.49,0.0126488836034672,0.0470080675339195,0.0488849619100216,0.00769663483243215
3929.6,65.4933333333333,0.0125358405035297,0.0465103461355983,0.0485465768971333,0.00762780584445991
3929.8,65.4966666666667,0.0124238954896644,0.0460183101120875,0.0482103752684447,0.0075596459786194
3930,65.5,0.0123130368476848,0.0455318906763892,0.0478763445492822,0.00749214809138337
3930.2,65.5033333333333,0.0122032529992239,0.0450510199050263,0.0475444723175469,0.00742530512209972
3930.4,65.5066666666667,0.012094532500061,0.0445756307269819,0.0472147462037548,0.00735911009196993
3930.6,65.51,0.0119868640384691,0.044105656912782,0.0468871538910715,0.00729355610304071
3930.8,65.5133333333333,0.0118802364335827,0.0436410330637076,0.0465616831153347,0.00722863633720707
3931,65.5166666666667,0.0117746386337884,0.0431816946011636,0.0462383216650834,0.00716434405523038
3931.2,65.52,0.0116700597151339,0.0427275777561683,0.0459170573815707,0.00710067259576684
3931.4,65.5233333333333,0.0115664888797588,0.0422786195589897,0.0455978781587798,0.00703761537440988
3931.6,65.5266666666667,0.0114639154543466,0.0418347578289159,0.045280771943435,0.00697516588274479
3931.8,65.53,0.0113623288885926,0.0413959311641473,0.0449657267350013,0.00691331768741405
3932,65.5333333333333,0.0112617187536969,0.0409620789318345,0.0446527305856905,0.0068520644291968
3932.2,65.5366666666667,0.011162074740871,0.0405331412582306,0.0443417716004516,0.0067913998220979
3932.4,65.54,0.0110633866598681,0.0401090590189802,0.0440328379369651,0.00673131765245013
3932.6,65.5433333333333,0.01096564443753,0.039689773829534,0.0437259178056323,0.00667181177802781
3932.8,65.5466666666667,0.0108688381163522,0.0392752280356779,0.0434209994695539,0.00661287612717041
3933,65.55,0.0107729578530692,0.0388653647041985,0.0431180712445149,0.00655450469791939
3933.2,65.5533333333333,0.0106779939172556,0.0384601276136553,0.0428171214989558,0.00649669155716407
3933.4,65.5566666666667,0.010583936689947,0.0380594612452818,0.0425181386539454,0.00643943083979974
3933.6,65.56,0.0104907766622777,0.0376633107740036,0.0422211111831519,0.00638271674789647
3933.8,65.5633333333333,0.0103985044341348,0.0372716220595639,0.0419260276128016,0.00632654354987729
3934,65.5666666666667,0.0103071107128322,0.0368843416377773,0.0416328765216454,0.00627090557970877
3934.2,65.57,0.010216586311798,0.0365014167118827,0.0413416465409108,0.00621579723609998
3934.4,65.5733333333333,0.0101269221492812,0.0361227951440174,0.041052326354258,0.00616121298171294
3934.6,65.5766666666667,0.0100381092470745,0.0357484254468012,0.0407649046977318,0.00610714734238316
3934.8,65.58,0.0099501387292517,0.0353782567750204,0.0404793703597039,0.00605359490634884
3935,65.5833333333333,0.0098630018209239,0.0350122389174324,0.0401957121808219,0.00600055032349171
3935.2,65.5866666666667,0.00977668984700865,0.034650322288663,0.0399139190539452,0.00594800830458576
3935.4,65.59,0.00969119423101675,0.0342924579212176,0.0396339799240839,0.00589596362055671
3935.6,65.5933333333333,0.00960650649385439,0.0339385974575946,0.0393558837883355,0.00584441110175085
3935.8,65.5966666666667,0.00952261825263868,0.0335886931424935,0.039079619695811,0.0057933456372121
3936,65.6,0.00943952121953103,0.033242697815135,0.0388051767475688,0.00574276217396989
3936.2,65.6033333333333,0.00935720720058252,0.0329005649016688,0.0385325440965353,0.00569265571633445
3936.4,65.6066666666667,0.00927566809459583,0.0325622484076871,0.0382617109474295,0.00564302132520216
3936.6,65.61,0.00919489589200161,0.0322277029108352,0.0379926665566845,0.00559385411736968
3936.8,65.6133333333333,0.00911488267374719,0.031896883553509,0.0377254002323607,0.00554514926485573
3937,65.6166666666667,0.00903562061020224,0.0315697460356594,0.0374599013340643,0.00549690199423308
3937.2,65.62,0.00895710196007548,0.0312462466076773,0.0371961592728558,0.0054491075859674
3937.4,65.6233333333333,0.00887931906934696,0.0309263420633787,0.0369341635111605,0.00540176137376557
3937.6,65.6266666666667,0.00880226437021387,0.0306099897330797,0.0366739035626774,0.0053548587439322
3937.8,65.63,0.00872593038004792,0.0302971474767542,0.0364153689922792,0.00530839513473332
3938,65.6333333333333,0.00865030970036851,0.0299877736772904,0.0361585494159193,0.00526236603576963
3938.2,65.6366666666667,0.00857539501582633,0.029681827233824,0.0359034345005272,0.00521676698735617
3938.4,65.64,0.00850117909320153,0.0293792675551641,0.0356500139639079,0.00517159357991081
3938.6,65.6433333333333,0.00842765478041453,0.0290800545533042,0.0353982775746384,0.00512684145335055
3938.8,65.6466666666667,0.00835481500554763,0.0287841486370104,0.0351482151519573,0.00508250629649437
3939,65.65,0.00828265277588155,0.0284915107055017,0.0348998165656599,0.00503858384647516
3939.2,65.6533333333333,0.00821116117694157,0.0282021021422028,0.0346530717359829,0.00499506988815758
3939.4,65.6566666666667,0.00814033337155741,0.0279158848085833,0.0344079706334936,0.00495196025356426
3939.6,65.66,0.00807016259893492,0.0276328210380773,0.0341645032789758,0.00490925082130924
3939.8,65.6633333333333,0.00800064217373791,0.0273528736300737,0.0339226597433091,0.00486693751603757
3940,65.6666666666667,0.00793176548518393,0.0270760058439953,0.0336824301473542,0.00482501630787345
3940.2,65.67,0.00786352599614905,0.0268021813934431,0.0334438046618285,0.00478348321187386
3940.4,65.6733333333333,0.00779591724228551,0.0265313644404238,0.0332067735071849,0.00474233428749006
3940.6,65.6766666666667,0.0077289328311505,0.0262635195896511,0.0329713269534892,0.00470156563803583
3940.8,65.68,0.00766256644134426,0.0259986118829143,0.0327374553202903,0.0046611734101615
3941,65.6833333333333,0.00759681182166148,0.0257366067935287,0.0325051489764966,0.00462115379333598
3941.2,65.6866666666667,0.00753166279025092,0.0254774702208492,0.0322743983402432,0.00458150301933389
3941.4,65.69,0.00746711323378725,0.0252211684848595,0.0320451938787624,0.00454221736173017
3941.6,65.6933333333333,0.00740315710665316,0.024967668320832,0.0318175261082526,0.00450329313540087
3941.8,65.6966666666667,0.00733978843013039,0.0247169368740503,0.0315913855937411,0.00446472669602945
3942,65.7,0.00727700129160302,0.0244689416946085,0.0313667629489525,0.00442651443962054
3942.2,65.7033333333333,0.0072147898437686,0.0242236507322689,0.0311436488361685,0.00438865280201854
3942.4,65.7066666666667,0.00715314830386066,0.0239810323313918,0.0309220339660908,0.00435113825843306
3942.6,65.71,0.00709207095288092,0.0237410552259305,0.0307019090977033,0.0043139673229704
3942.8,65.7133333333333,0.00703155213483971,0.0235036885344853,0.0304832650381277,0.00427713654816995
3943,65.7166666666667,0.00697158625600802,0.0232689017554298,0.0302660926424851,0.00424064252454775
3943.2,65.72,0.00691216778417685,0.023036664762091,0.030050382813749,0.00420448188014449
3943.4,65.7233333333333,0.00685329124792718,0.0228069477979982,0.0298361265026028,0.00416865128007997
3943.6,65.7266666666667,0.00679495123590908,0.0225797214721916,0.0296233147072945,0.00413314742611315
3943.8,65.73,0.00673714239612848,0.0223549567545876,0.0294119384734871,0.00409796705620694
3944,65.7333333333333,0.00667985943524491,0.0221326249714102,0.0292019888941138,0.00406310694409954
3944.2,65.7366666666667,0.00662309711787592,0.0219126978006745,0.0289934571092263,0.00402856389888004
3944.4,65.74,0.00656685026591163,0.0216951472677333,0.0287863343058449,0.00399433476457007
3944.6,65.7433333333333,0.00651111375783775,0.0214799457408806,0.02858061171781,0.00396041641971064
3944.8,65.7466666666667,0.00645588252806577,0.0212670659270074,0.0283762806256257,0.00392680577695344
3945,65.75,0.00640115156627347,0.0210564808673199,0.0281733323563106,0.00389349978265835
3945.2,65.7533333333333,0.00634691591675169,0.0208481639331069,0.0279717582832409,0.00386049541649479
3945.4,65.7566666666667,0.00629317067776054,0.0206420888215649,0.0277715498259966,0.00382778969104888
3945.6,65.76,0.00623991100089363,0.0204382295516782,0.0275726984502068,0.00379537965143542
3945.8,65.7633333333333,0.00618713209044893,0.0202365604601468,0.0273751956673906,0.00376326237491402
3946,65.7666666666667,0.00613482920280936,0.0200370561973737,0.0271790330348024,0.00373143497051103
3946.2,65.77,0.00608299764582925,0.019839691723497,0.0269842021552715,0.0036998945786452
3946.4,65.7733333333333,0.0060316327782296,0.0196444423044773,0.0267906946770436,0.00366863837075863
3946.6,65.7766666666667,0.00598073000900088,0.0194512835082365,0.0265985022936231,0.0036376635489523
3946.8,65.78,0.00593028479681211,0.0192601912008401,0.0264076167436095,0.00360696734562552
3947,65.7833333333333,0.00588029264942891,0.0190711415427369,0.0262180298105396,0.00357654702312078
3947.2,65.7866666666667,0.00583074912313722,0.0188841109850393,0.0260297333227232,0.00354639987337209
3947.4,65.79,0.00578164982217511,0.0186990762658567,0.0258427191530817,0.00351652321755829
3947.6,65.7933333333333,0.00573299039817184,0.0185160144066751,0.0256569792189868,0.00348691440576068
3947.8,65.7966666666667,0.00568476654959257,0.0183349027087798,0.025472505482094,0.00345757081662424
3948,65.8,0.00563697402119174,0.0181557187497301,0.0252892899481817,0.00342848985702406
3948.2,65.8033333333333,0.00558960860347152,0.0179784403798729,0.0251073246669841,0.00339966896173487
3948.4,65.8066666666667,0.00554266613214807,0.0178030457189057,0.0249266017320273,0.00337110559310533
3948.6,65.81,0.00549614248762439,0.0176295131524831,0.0247471132804651,0.00334279724073638
3948.8,65.8133333333333,0.00545003359446859,0.0174578213288634,0.0245688514929098,0.00331474142116289
3949,65.8166666666667,0.00540433542090032,0.0172879491556042,0.0243918085932697,0.00328693567754026
3949.2,65.82,0.00535904397828179,0.0171198757962944,0.0242159768485788,0.00325937757933384
3949.4,65.8233333333333,0.00531415532061627,0.016953580667332,0.0240413485688313,0.00323206472201292
3949.6,65.8266666666667,0.00526966554405271,0.0167890434347436,0.0238679161068152,0.00320499472674847
3949.8,65.83,0.00522557078639544,0.0166262440110407,0.0236956718579411,0.00317816524011396
3950,65.8333333333333,0.00518186722662151,0.0164651625521218,0.0235246082600778,0.00315157393379081
3950.2,65.8366666666667,0.00513855108440235,0.0163057794542096,0.0233547177933807,0.00312521850427655
3950.4,65.84,0.00509561861963246,0.0161480753508297,0.0231859929801238,0.00309909667259726
3950.6,65.8433333333333,0.0050530661319638,0.0159920311098297,0.0230184263845324,0.0030732061840234
3950.8,65.8466666666667,0.00501088996034495,0.0158376278304317,0.0228520106126105,0.00304754480778868
3951,65.85,0.00496908648256746,0.0156848468403288,0.0226867383119747,0.0030221103368132
3951.2,65.8533333333333,0.00492765211481624,0.0155336696928129,0.0225226021716811,0.00299690058742916
3951.4,65.8566666666667,0.00488658331122651,0.0153840781639435,0.0223595949220572,0.00297191339911052
3951.6,65.86,0.00484587656344615,0.0152360542497522,0.0221977093345322,0.00294714663420593
3951.8,65.8633333333333,0.00480552840020248,0.0150895801634801,0.0220369382214642,0.00292259817767442
3952,65.8666666666667,0.00476553538687581,0.0149446383328554,0.0218772744359731,0.0028982659368252
3952.2,65.87,0.00472589412507673,0.0148012113974013,0.0217187108717664,0.00287414784105975
3952.4,65.8733333333333,0.00468660125222964,0.014659282205781,0.0215612404629707,0.00285024184161767
3952.6,65.8766666666667,0.00464765344116123,0.0145188338131774,0.021404856183961,0.00282654591132565
3952.8,65.88,0.00460904739969324,0.014379849478703,0.0212495510491878,0.00280305804434897
3953,65.8833333333333,0.00457077987024144,0.0142423126628477,0.0210953181130087,0.0027797762559468
3953.2,65.8866666666667,0.00453284762941823,0.0141062070249544,0.0209421504695149,0.00275669858222977
3953.4,65.89,0.00449524748764103,0.0139715164207302,0.0207900412523611,0.00273382307992098
3953.6,65.8933333333333,0.00445797628874531,0.01383822489979,0.0206389836345956,0.00271114782611999
3953.8,65.8966666666667,0.00442103090960168,0.0137063167032273,0.0204889708284868,0.00268867091806909
3954,65.9,0.00438440825973875,0.013575776261222,0.0203399960853543,0.00266639047292328
3954.2,65.9033333333333,0.00434810528096946,0.0134465881906735,0.0201920526953961,0.00264430462752224
3954.4,65.9066666666667,0.00431211894702275,0.0133187372928669,0.0200451339875178,0.00262241153816562
3954.6,65.91,0.00427644626317971,0.0131922085511702,0.0198992333291635,0.00260070938039105
3954.8,65.9133333333333,0.00424108426591336,0.0130669871287567,0.0197543441261414,0.00257919634875436
3955,65.9166666666667,0.00420603002253405,0.0129430583663617,0.0196104598224565,0.00255787065661325
3955.2,65.92,0.00417128063083792,0.0128204077800633,0.0194675739001368,0.0025367305359128
3955.4,65.9233333333333,0.00413683321876052,0.0126990210590948,0.019325679879064,0.00251577423697414
3955.6,65.9266666666667,0.00410268494403452,0.0125788840636844,0.0191847713168034,0.00249500002828563
3955.8,65.93,0.00406883299385093,0.0124599828229206,0.0190448418084316,0.00247440619629617
3956,65.9333333333333,0.00403527458452549,0.0123423035326479,0.0189058849863684,0.00245399104521167
3956.2,65.9366666666667,0.00400200696116803,0.0122258325533869,0.0187678945202044,0.0024337528967933
3956.4,65.94,0.00396902739735652,0.0121105564082819,0.0186308641165317,0.0024136900901587
3956.6,65.9433333333333,0.00393633319481522,0.0119964617810762,0.0184947875187752,0.00239380098158555
3956.8,65.9466666666667,0.0039039216830958,0.0118835355141097,0.0183596585070206,0.00237408394431707
3957,65.95,0.00387179021926356,0.0117717646063463,0.018225470897847,0.0023545373683706
3957.2,65.9533333333333,0.0038399361875863,0.0116611362114231,0.0180922185441558,0.00233515966034774
3957.4,65.9566666666667,0.00380835699922773,0.0115516376357261,0.0179598953350022,0.00231594924324735
3957.6,65.96,0.00377705009194449,0.0114432563364913,0.0178284951954271,0.00229690455628071
3957.8,65.9633333333333,0.00374601292978622,0.0113359799199269,0.0176980120862865,0.00227802405468855
3958,65.9666666666667,0.00371524300280025,0.0112297961393641,0.017568440004085,0.00225930620956084
3958.2,65.97,0.00368473782673884,0.0111246928934268,0.0174397729808058,0.00224074950765826
3958.4,65.9733333333333,0.00365449494277062,0.0110206582242276,0.0173120050837436,0.00222235245123613
3958.6,65.9766666666667,0.00362451191719555,0.0109176803155869,0.0171851304153374,0.00220411355787051
3958.8,65.98,0.00359478634116254,0.0108157474912719,0.017059143113001,0.00218603136028599
3959,65.9833333333333,0.00356531583039163,0.0107148482132623,0.0169340373489587,0.00216810440618611
3959.2,65.9866666666667,0.00353609802489837,0.0106149710800337,0.0168098073300754,0.00215033125808534
3959.4,65.99,0.00350713058872227,0.0105161048248663,0.0166864472976917,0.00213271049314334
3959.6,65.9933333333333,0.00347841120965848,0.0104182383141739,0.0165639515274579,0.00211524070300129
3959.8,65.9966666666667,0.00344993759899202,0.010321360545853,0.0164423143291662,0.0020979204936198
3960,66,0.00342170749123625,0.0102254606476558,0.016321530046587,0.00208074848511933
3960.2,66.0033333333333,0.00339371864387342,0.0101305278755806,0.016201593057302,0.00206372331162196
3960.4,66.0066666666667,0.00336596883709901,0.0100365516122851,0.0160824977725394,0.00204684362109539
3960.6,66.01,0.0033384558735692,0.0099435213655198,0.0159642386370106,0.00203010807519892
3960.8,66.0133333333333,0.00331117757815061,0.00985142676657887,0.0158468101287435,0.00201351534913078
3961,66.0166666666667,0.00328413179767405,0.00976025756877467,0.0157302067589206,0.00199706413147793
3961.2,66.02,0.00325731640069032,0.00967000364592788,0.015614423071714,0.00198075312406708
3961.4,66.0233333333333,0.00323072927722947,0.0095806549908792,0.015499453644122,0.00196458104181784
3961.6,66.0266666666667,0.00320436833856295,0.00949220171401993,0.0153852930858079,0.00194854661259765
3961.8,66.03,0.00317823151696806,0.00940463404183924,0.015271936038935,0.00193264857707809
3962,66.0333333333333,0.00315231676549604,0.00931794231549285,0.0151593771780065,0.00191688568859339
3962.2,66.0366666666667,0.00312662205774207,0.00923211698938703,0.0150476112097024,0.00190125671300019
3962.4,66.04,0.00310114538761859,0.00914714862978254,0.0149366328727183,0.0018857604285392
3962.6,66.0433333333333,0.00307588476913134,0.00906302791341624,0.0148264369376055,0.00187039562569866
3962.8,66.0466666666667,0.00305083823615744,0.00897974562613839,0.0147170182066087,0.00185516110707893
3963,66.05,0.00302600384222705,0.00889729266157005,0.0146083715135074,0.00184005568725931
3963.2,66.0533333333333,0.00300137966030668,0.00881566001977475,0.0145004917234549,0.0018250781926659
3963.4,66.0566666666667,0.00297696378258574,0.0087348388059489,0.0143933737328194,0.00181022746144136
3963.6,66.06,0.00295275432026554,0.00865482022912875,0.014287012469026,0.00179550234331624
3963.8,66.0633333333333,0.00292874940335026,0.00857559560091207,0.0141814028903963,0.00178090169948149
3964,66.0666666666667,0.0029049471804413,0.0084971563341986,0.0140765399859924,0.00176642440246298
3964.2,66.07,0.0028813458185331,0.00841949394194398,0.0139724187754576,0.001752069335997
3964.4,66.0733333333333,0.00285794350281211,0.00834260003593111,0.0138690343088601,0.00173783539490762
3964.6,66.0766666666667,0.00283473843645795,0.00826646632555715,0.0137663816665366,0.00172372148498544
3964.8,66.08,0.00281172884044653,0.00819108461663422,0.0136644559589347,0.00170972652286747
3965,66.0833333333333,0.00278891295335621,0.00811644681020776,0.013563252326459,0.00169584943591894
3965.2,66.0866666666667,0.00276628903117555,0.00804254490138743,0.0134627659393139,0.00168208916211598
3965.4,66.09,0.00274385534711371,0.00796937097819445,0.0133629919973495,0.00166844464993006
3965.6,66.0933333333333,0.00272161019141324,0.00789691722042356,0.013263925729908,0.00165491485821376
3965.8,66.0966666666667,0.0026995518711645,0.00782517589851772,0.0131655623956678,0.00164149875608755
3966,66.1,0.00267767871012295,0.00775413937245958,0.0130678972824923,0.00162819532282844
3966.2,66.1033333333333,0.00265598904852803,0.00768380009067445,0.012970925707275,0.00161500354775943
3966.4,66.1066666666667,0.00263448124292445,0.00761415058894888,0.012874643015788,0.00160192243014057
3966.6,66.11,0.00261315366598576,0.00754518348936281,0.0127790445825301,0.00158895097906131
3966.8,66.1133333333333,0.00259200470633938,0.00747689149923374,0.0126841258105742,0.00157608821333386
3967,66.1166666666667,0.00257103276839452,0.00740926741007657,0.0125898821314179,0.00156333316138812
3967.2,66.12,0.00255023627217128,0.00734230409657424,0.0124963090048313,0.00155068486116759
3967.4,66.1233333333333,0.00252961365313235,0.00727599451556297,0.0124034019187077,0.00153814236002661
3967.6,66.1266666666667,0.00250916336201659,0.0072103317050303,0.0123111563889147,0.00152570471462894
3967.8,66.13,0.00248888386467416,0.00714530878312427,0.0122195679591435,0.00151337099084717
3968,66.1333333333333,0.00246877364190421,0.00708091894717741,0.0121286322007625,0.00150114026366374
3968.2,66.1366666666667,0.00244883118929383,0.00701715547274075,0.012038344712667,0.00148901161707275
3968.4,66.14,0.00242905501705936,0.00695401171263161,0.0119487011211333,0.00147698414398311
3968.6,66.1433333333333,0.00240944364988944,0.00689148109599327,0.0118596970796713,0.00146505694612293
3968.8,66.1466666666667,0.00238999562678959,0.00682955712736522,0.0117713282688774,0.00145322913394462
3969,66.15,0.00237070950092916,0.00676823338576715,0.0116835903962896,0.00144149982653164
3969.2,66.1533333333333,0.00235158383948946,0.00670750352379249,0.011596479196241,0.00142986815150583
3969.4,66.1566666666667,0.00233261722351407,0.00664736126671464,0.0115099904297152,0.00141833324493617
3969.6,66.16,0.0023138082477609,0.00658780041160465,0.0114241198842025,0.00140689425124852
3969.8,66.1633333333333,0.00229515552055558,0.00652881482645846,0.0113388633735548,0.0013955503231362
3970,66.1666666666667,0.0022766576636471,0.00647039844933733,0.0112542167378437,0.00138430062147203
3970.2,66.17,0.00225831331206457,0.00641254528751698,0.0111701758432163,0.00137314431522089
3970.4,66.1733333333333,0.00224012111397607,0.00635524941664885,0.0110867365817534,0.00136208058135371
3970.6,66.1766666666667,0.00222207973054906,0.00629850497993185,0.0110038948713285,0.00135110860476232
3970.8,66.18,0.00220418783581208,0.00624230618729332,0.0109216466554651,0.00134022757817509
3971,66.1833333333333,0.00218644411651863,0.00618664731458211,0.0108399879031973,0.00132943670207395
3971.2,66.1866666666667,0.00216884727201198,0.00613152270277005,0.0107589146089288,0.00131873518461198
3971.4,66.19,0.00215139601409202,0.00607692675716457,0.0106784227922935,0.00130812224153213
3971.6,66.1933333333333,0.00213408906688359,0.00602285394663137,0.0105985084980169,0.00129759709608702
3971.8,66.1966666666667,0.00211692516670595,0.00596929880282549,0.0105191677957764,0.0012871589789593
3972,66.2,0.00209990306194438,0.005916255919434,0.0104403967800648,0.00127680712818334
3972.2,66.2033333333333,0.00208302151292262,0.00586371995142627,0.0103621915700515,0.00126654078906747
3972.4,66.2066666666667,0.00206627929177718,0.00581168561431495,0.0102845483094458,0.00125635921411733
3972.6,66.21,0.00204967518233315,0.0057601476834262,0.0102074631663617,0.00124626166296016
3972.8,66.2133333333333,0.00203320797998099,0.0057091009931779,0.0101309323331803,0.00123624740226962
3973,66.2166666666667,0.00201687649155533,0.00565854043636864,0.010054952026416,0.00122631570569195
3973.2,66.22,0.00200067953521462,0.00560846096347395,0.00997951848658054,0.00121646585377255
3973.4,66.2233333333333,0.00198461594032248,0.00555885758195246,0.00990462797804952,0.00120669713388362
3973.6,66.2266666666667,0.00196868454733047,0.00550972535556082,0.00983027678892896,0.00119700884015273
3973.8,66.23,0.00195288420766182,0.00546105940367597,0.00975646123092118,0.00118740027339185
3974,66.2333333333333,0.001937213783597,0.00541285490062769,0.0096831776391935,0.00117787074102766
3974.2,66.2366666666667,0.00192167214816011,0.00536510707503781,0.0096104223722451,0.0011684195570322
3974.4,66.24,0.00190625818500689,0.00531781120916876,0.00953819181177601,0.00115904604185465
3974.6,66.2433333333333,0.00189097078831402,0.00527096263828035,0.00946648236255673,0.00114974952235379
3974.8,66.2466666666667,0.00187580886266935,0.00522455674999343,0.0093952904522967,0.0011405293317311
3975,66.25,0.00186077132296388,0.0051785889836632,0.00932461253151575,0.00113138480946487
3975.2,66.2533333333333,0.00184585709428447,0.00513305482975871,0.00925444507341376,0.0011223153012448
3975.4,66.2566666666667,0.00183106511180808,0.00508794982925122,0.00918478457374237,0.00111332015890754
3975.6,66.26,0.00181639432069728,0.00504326957301017,0.00911562755067733,0.00110439874037291
3975.8,66.2633333333333,0.00180184367599655,0.00499900970120566,0.00904697054468973,0.00109555040958077
3976,66.2666666666667,0.00178741214253027,0.00495516590271996,0.00897881011842025,0.00108677453642874
3976.2,66.27,0.00177309869480142,0.00491173391456482,0.00891114285655147,0.00107807049671049
3976.4,66.2733333333333,0.00175890231689167,0.00486870952130711,0.00884396536568245,0.0010694376720548
3976.6,66.2766666666667,0.00174482200236269,0.00482608855450156,0.00877727427420371,0.00106087544986542
3976.8,66.28,0.00173085675415819,0.00478386689212963,0.00871106623217135,0.00105238322326132
3977,66.2833333333333,0.0017170055845076,0.00474204045804683,0.00864533791118389,0.00104396039101795
3977.2,66.2866666666667,0.00170326751483032,0.00470060522143552,0.00858008600425747,0.00103560635750891
3977.4,66.29,0.00168964157564139,0.00465955719626543,0.0085153072257031,0.00102732053264841
3977.6,66.2933333333333,0.00167612680645821,0.00461889244076095,0.00845099831100441,0.00101910233183443
3977.8,66.2966666666667,0.00166272225570804,0.00457860705687406,0.00838715601669449,0.00101095117589225
3978,66.3,0.00164942698063693,0.0045386971897653,0.00832377712023553,0.00100286649101905
3978.2,66.3033333333333,0.0016362400472193,0.00449915902728975,0.00826085841989671,0.000994847708728674
3978.4,66.3066666666667,0.00162316053006878,0.00445998879949034,0.00819839673463423,0.000986894265797344
3978.6,66.31,0.0016101875123501,0.00442118277809749,0.00813638890397174,0.000979005604209905
3978.8,66.3133333333333,0.0015973200856916,0.00438273727603403,0.00807483178788001,0.000971181171106525
3979,66.3166666666667,0.00158455735009925,0.00434464864692761,0.00801372226665918,0.00096342041873025
3979.2,66.32,0.00157189841387116,0.00430691328462794,0.00795305724081951,0.000955722804374889
3979.4,66.3233333333333,0.00155934239351331,0.00426952762273074,0.00789283363096404,0.000948087790333653
3979.6,66.3266666666667,0.00154688841365624,0.00423248813410777,0.0078330483776718,0.000940514843848377
3979.8,66.33,0.00153453560697241,0.00419579133044168,0.00777369844138018,0.000933003437059124
3980,66.3333333333333,0.00152228311409491,0.00415943376176806,0.0077147808022699,0.000925553046954624
3980.2,66.3366666666667,0.00151013008353659,0.00412341201602176,0.00765629246014848,0.000918163155323005
3980.4,66.34,0.00149807567161046,0.0040877227185898,0.00759823043433562,0.00091083324870324
3980.6,66.3433333333333,0.0014861190423509,0.00405236253186971,0.0075405917635491,0.000903562818337143
3980.8,66.3466666666667,0.00147425936743555,0.00401732815483265,0.00748337350578987,0.000896351360121724
3981,66.35,0.00146249582610838,0.003982616322593,0.0074265727382297,0.000889198374562332
3981.2,66.3533333333333,0.00145082760510332,0.00394822380598223,0.00737018655709738,0.000882103366726066
3981.4,66.3566666666667,0.00143925389856891,0.00391414741112873,0.00731421207756676,0.000875065846195871
3981.6,66.36,0.00142777390799386,0.0038803839790429,0.00725864643364534,0.00086808532702514
3981.8,66.3633333333333,0.00141638684213311,0.00384693038520658,0.00720348677806208,0.00086116132769266
3982,66.3666666666667,0.00140509191693514,0.00381378353916867,0.00714873028215767,0.000854293371058303
3982.2,66.37,0.00139388835546969,0.00378094038414468,0.00709437413577345,0.000847480984318956
3982.4,66.3733333333333,0.00138277538785654,0.00374839789662193,0.00704041554714211,0.000840723698965114
3982.6,66.3766666666667,0.00137175225119504,0.0037161530859696,0.00698685174277891,0.000834021050737936
3982.8,66.38,0.00136081818949423,0.00368420299405296,0.00693367996737219,0.000827372579586632
3983,66.3833333333333,0.00134997245360404,0.00365254469485334,0.00688089748367629,0.000820777829626543
3983.2,66.3866666666667,0.00133921430114691,0.00362117529409176,0.00682850157240307,0.000814236349097463
3983.4,66.39,0.00132854299645042,0.00359009192885792,0.00677648953211534,0.00080774769032256
3983.6,66.3933333333333,0.00131795781048063,0.00355929176724378,0.0067248586791206,0.000801311409667761
3983.8,66.3966666666667,0.00130745802077593,0.00352877200798085,0.00667360634736431,0.000794927067501428
3984,66.4,0.00129704291138198,0.00349852988008314,0.00662272988832529,0.000788594228154694
3984.2,66.4033333333333,0.00128671177278698,0.00346856264249336,0.00657222667091003,0.000782312459882029
3984.4,66.4066666666667,0.00127646390185792,0.00343886758373422,0.00652209408134856,0.000776081334822369
3984.6,66.41,0.00126629860177748,0.00340944202156397,0.00647232952309095,0.000769900428960678
3984.8,66.4133333333333,0.00125621518198149,0.00338028330263553,0.00642293041670304,0.000763769322089786
3985,66.4166666666667,0.00124621295809725,0.00335138880216085,0.00637389419976457,0.00075768759777286
3985.2,66.42,0.00123629125188236,0.0033227559235783,0.00632521832676597,0.000751654843306067
3985.4,66.4233333333333,0.00122644939116431,0.00329438209822491,0.00627690026900688,0.000745670649681792
3985.6,66.4266666666667,0.00121668670978083,0.00326626478501255,0.00622893751449516,0.000739734611552255
3985.8,66.43,0.00120700254752056,0.0032384014701075,0.00618132756784529,0.000733846327193379
3986,66.4333333333333,0.0011973962500648,0.00321078966661488,0.00613406795017893,0.00072800539846927
3986.2,66.4366666666667,0.00118786716892948,0.00318342691426598,0.0060871561990244,0.000722211430796866
3986.4,66.44,0.00117841466140806,0.00315631077911011,0.00604058986821766,0.000716464033111118
3986.6,66.4433333333333,0.00116903809051495,0.00312943885321012,0.00599436652780387,0.000710762817830534
3986.8,66.4466666666667,0.00115973682492945,0.00310280875434121,0.00594848376393836,0.000705107400822979
3987,66.45,0.00115051023894047,0.0030764181256941,0.0059029391787897,0.000699497401372032
3987.2,66.4533333333333,0.00114135771239168,0.00305026463558115,0.00585773039044166,0.000693932442143515
3987.4,66.4566666666667,0.00113227863062736,0.00302434597714656,0.0058128550327968,0.000688412149152516
3987.6,66.46,0.00112327238443885,0.0029986598680801,0.00576831075548042,0.000682936151730765
3987.8,66.4633333333333,0.00111433837001145,0.00297320405033382,0.00572409522374414,0.000677504082494233
3988,66.4666666666667,0.00110547598887205,0.00294797628984302,0.00568020611837135,0.000672115577311275
3988.2,66.47,0.00109668464783719,0.00292297437624981,0.00563664113558176,0.000666770275270926
3988.4,66.4733333333333,0.00108796375896173,0.00289819612263064,0.00559339798693738,0.000661467818651658
3988.6,66.4766666666667,0.00107931273948818,0.00287363936522703,0.00555047439924899,0.000656207852890481
3988.8,66.48,0.00107073101179633,0.00284930196317917,0.00550786811448217,0.000650990026552248
3989,66.4833333333333,0.00106221800335368,0.00282518179826354,0.00546557688966519,0.000645813991299472
3989.2,66.4866666666667,0.00105377314666619,0.00280127677463284,0.00542359849679601,0.000640679401862287
3989.4,66.49,0.00104539587922968,0.00277758481855973,0.00538193072275072,0.00063558591600885
3989.6,66.4933333333333,0.0010370856434818,0.00275410387818365,0.00534057136919241,0.000630533194516059
3989.8,66.4966666666667,0.00102884188675429,0.00273083192326014,0.00529951825247962,0.00062552090114047
3990,66.5,0.001020664061226,0.0027077669449141,0.00525876920357669,0.000620548702589689
3990.2,66.5033333333333,0.00101255162387624,0.00268490695539515,0.00521832206796311,0.000615616268493912
3990.4,66.5066666666667,0.00100450403643871,0.00266224998783655,0.0051781747055444,0.000610723271377868
3990.6,66.51,0.000996520765355953,0.00263979409601705,0.00513832499056334,0.000605869386633066
3990.8,66.5133333333333,0.000988601281734098,0.0026175373541251,0.00509877081151083,0.000601054292490231
3991,66.5166666666667,0.000980745061298396,0.00259547785652664,0.00505951007103856,0.000596277669992189
3991.2,66.52,0.000972951584348912,0.00257361371753505,0.00502054068587082,0.000591539202966881
3991.4,66.5233333333333,0.000965220335716886,0.00255194307118428,0.00498186058671766,0.000586838578000772
3991.6,66.5266666666667,0.000957550804721551,0.0025304640710048,0.00494346771818847,0.00058217548441254
3991.8,66.53,0.000949942485127234,0.00250917488980174,0.00490536003870523,0.000577549614226936
3992,66.5333333333333,0.000942394875101169,0.00248807371943646,0.00486753552041748,0.000572960662149085
3992.2,66.5366666666667,0.0009349074771715,0.00246715877061001,0.00482999214911647,0.000568408325538888
3992.4,66.54,0.000927479798185894,0.00244642827264973,0.0047927279241506,0.000563892304385814
3992.6,66.5433333333333,0.000920111349270593,0.00242588047329839,0.00475574085834136,0.000559412301283948
3992.8,66.5466666666667,0.000912801645789722,0.00240551363850541,0.00471902897789885,0.0005549680214072
3993,66.55,0.00090555020730529,0.00238532605222131,0.00468259032233905,0.000550559172484929
3993.2,66.5533333333333,0.000898356557537342,0.00236531601619398,0.00464642294440021,0.000546185464777675
3993.4,66.5566666666667,0.000891220224324711,0.00234548184976777,0.00461052490996066,0.000541846611053238
3993.6,66.56,0.00088414073958617,0.00232582188968512,0.00457489429795692,0.000537542326563014
3993.8,66.5633333333333,0.000877117639281836,0.00230633448989002,0.00453952920030153,0.00053327232901848
3994,66.5666666666667,0.000870150463375215,0.00228701802133459,0.00450442772180253,0.000529036338568069
3994.2,66.57,0.000863238755795402,0.00226787087178725,0.00446958798008216,0.000524834077774143
3994.4,66.5733333333333,0.000856382064399842,0.00224889144564372,0.00443500810549681,0.000520665271590304
3994.6,66.5766666666667,0.000849579940937468,0.00223007816374022,0.0044006862410574,0.000516529647338936
3994.8,66.58,0.000842831941012078,0.00221142946316851,0.00436662054234946,0.000512426934688895
3995,66.5833333333333,0.000836137624046315,0.00219294379709379,0.00433280917745474,0.000508356865633568
3995.2,66.5866666666667,0.000829496553245801,0.00217461963457414,0.00429925032687216,0.000504319174469015
3995.4,66.59,0.000822908295563787,0.00215645546038259,0.00426594218343992,0.000500313597772442
3995.6,66.5933333333333,0.000816372421666175,0.00213844977483125,0.00423288295225809,0.000496339874380887
3995.8,66.5966666666667,0.00080988850589675,0.00212060109359721,0.00420007085061083,0.000492397745370043
3996,66.6,0.000803456126242996,0.00210290794755105,0.00416750410789018,0.00048848695403343
3996.2,66.6033333333333,0.000797074864302044,0.00208536888258691,0.00413518096551914,0.000484607245861655
3996.4,66.6066666666667,0.000790744305247118,0.00206798245945488,0.00410309967687598,0.000480758368521969
3996.6,66.61,0.000784464037794328,0.00205074725359545,0.0040712585072189,0.000476940071838038
3996.8,66.6133333333333,0.000778233654169658,0.00203366185497558,0.00403965573361042,0.000473152107769836
3997,66.6166666666667,0.000772052750076513,0.00201672486792722,0.00400828964484326,0.000469394230393872
3997.2,66.62,0.000765920924663382,0.00199993491098725,0.00397715854136556,0.000465666195883496
3997.4,66.6233333333333,0.000759837780491979,0.0019832906167397,0.00394626073520729,0.000461967762489487
3997.6,66.6266666666667,0.00075380292350571,0.00196679063165981,0.00391559454990694,0.00045829869052085
3997.8,66.63,0.00074781596299832,0.00195043361595965,0.00388515832043809,0.000454658742325713
3998,66.6333333333333,0.00074187651158307,0.00193421824343604,0.00385495039313728,0.000451047682272558
3998.2,66.6366666666667,0.000735984185162031,0.00191814320131983,0.00382496912563138,0.000447465276731508
3998.4,66.64,0.000730138602895818,0.00190220719012724,0.00379521288676596,0.000443911294055899
3998.6,66.6433333333333,0.000724339387173635,0.00188640892351303,0.00376568005653411,0.000440385504564032
3998.8,66.6466666666667,0.000718586163583499,0.00187074712812506,0.00373636902600501,0.000436887680521031
3999,66.65,0.000712878560882955,0.00185522054346104,0.00370727819725384,0.000433417596121015
3999.2,66.6533333333333,0.000707216210969902,0.00183982792172654,0.00367840598329117,0.000429975027469319
3999.4,66.6566666666667,0.000701598748853842,0.00182456802769499,0.00364975080799334,0.000426559752564986
3999.6,66.66,0.000696025812627418,0.00180943963856932,0.00362131110603331,0.000423171551283431
3999.8,66.6633333333333,0.000690497043438116,0.00179444154384496,0.00359308532281118,0.000419810205359204
4000,66.6666666666667,0.000685012085460445,0.00177957254517486,0.00356507191438613,0.000416475498369047
4000.2,66.67,0.000679570585868208,0.00176483145623575,0.00353726934740778,0.000413167215715002
4000.4,66.6733333333333,0.000674172194807179,0.00175021710259618,0.00350967609904851,0.000409885144607774
4000.6,66.6766666666667,0.000668816565368055,0.00173572832158624,0.00348229065693632,0.000406629074050251
4000.8,66.68,0.000663503353559559,0.00172136396216833,0.00345511151908724,0.000403398794821128
4001,66.6833333333333,0.000658232218281997,0.00170712288481015,0.00342813719383929,0.000400194099458799
4001.2,66.6866666666667,0.0006530028213009,0.00169300396135851,0.00340136619978569,0.000397014782245303
4001.4,66.69,0.000647814827221051,0.00167900607491509,0.0033747970657092,0.000393860639190507
4001.6,66.6933333333333,0.000642667903460773,0.00166512811971357,0.00334842833051678,0.000390731468016446
4001.8,66.6966666666667,0.000637561720226354,0.00165136900099795,0.00332225854317407,0.000387627068141746
4002,66.7,0.000632495950486912,0.00163772763490272,0.00329628626264107,0.000384547240666318
4002.2,66.7033333333333,0.000627470269949328,0.00162420294833405,0.00327051005780736,0.000381491788356089
4002.4,66.7066666666667,0.000622484357033551,0.0016107938788526,0.00324492850742832,0.000378460515627967
4002.6,66.71,0.00061753789284815,0.00159749937455775,0.0032195402000616,0.000375453228534945
4002.8,66.7133333333333,0.000612630561165993,0.00158431839397288,0.00319434373400349,0.000372469734751296
4003,66.7166666666667,0.000607762048400339,0.00157124990593246,0.0031693377172265,0.000369509843558009
4003.2,66.72,0.000602932043581001,0.00155829288946998,0.0031445207673164,0.000366573365828276
4003.4,66.7233333333333,0.00059814023833086,0.00154544633370752,0.00311989151141023,0.000363660114013184
4003.6,66.7266666666667,0.000593386326842607,0.00153270923774661,0.0030954485861347,0.000360769902127555
4003.8,66.73,0.000588670005855608,0.00152008061056005,0.0030711906375443,0.000357902545735859
4004,66.7333333333333,0.000583990974633165,0.00150755947088549,0.00304711632106073,0.000355057861938362
4004.2,66.7366666666667,0.000579348934939836,0.00149514484711971,0.00302322430141173,0.000352235669357318
4004.4,66.74,0.000574743591019093,0.00148283577721456,0.00299951325257093,0.00034943578812336
4004.6,66.7433333333333,0.000570174649571189,0.00147063130857401,0.00297598185769795,0.000346658039862028
4004.8,66.7466666666667,0.000565641819731153,0.00145853049795215,0.0029526288090784,0.000343902247680363
4005,66.75,0.000561144813047147,0.00144653241135282,0.00292945280806498,0.000341168236153732
4005.2,66.7533333333333,0.000556683343458889,0.00143463612392996,0.00290645256501816,0.000338455831312682
4005.4,66.7566666666667,0.000552257127276382,0.00142284071988941,0.00288362679924771,0.000335764860630001
4005.6,66.76,0.000547865883158866,0.00141114529239187,0.0028609742389546,0.000333095153007883
4005.8,66.7633333333333,0.000543509332093861,0.00139954894345666,0.00283849362117271,0.000330446538765183
4006,66.7666666666667,0.000539187197376573,0.00138805078386708,0.00281618369171166,0.000327818849624867
4006.2,66.77,0.000534899204589356,0.0013766499330764,0.00279404320509924,0.000325211918701512
4006.4,66.7733333333333,0.000530645081581467,0.00136534551911525,0.0027720709245246,0.000322625580488972
4006.6,66.7766666666667,0.000526424558449023,0.00135413667850005,0.00275026562178191,0.000320059670848182
4006.8,66.78,0.000522237367515055,0.00134302255614228,0.00272862607721374,0.000317514026995006
4007,66.7833333333333,0.000518083243309901,0.00133200230525913,0.00270715107965557,0.000314988487488302
4007.2,66.7866666666667,0.000513961922551652,0.00132107508728487,0.00268583942637988,0.000312482892218015
4007.4,66.79,0.000509873144126873,0.00131024007178342,0.00266468992304109,0.00030999708239344
4007.6,66.7933333333333,0.000505816649071521,0.00129949643636203,0.00264370138362081,0.000307530900531598
4007.8,66.7966666666667,0.000501792180551953,0.00128884336658558,0.00262287263037288,0.00030508419044568
4008,66.8,0.00049779948384625,0.00127828005589236,0.00260220249376956,0.000302656797233669
4008.2,66.8033333333333,0.000493838306325596,0.00126780570551038,0.00258168981244725,0.000300248567267007
4008.4,66.8066666666667,0.000489908397435919,0.00125741952437492,0.00256133343315304,0.000297859348179416
4008.6,66.81,0.000486009508679716,0.00124712072904697,0.00254113221069157,0.00029548898885583
4008.8,66.8133333333333,0.000482141393597958,0.00123690854363251,0.00252108500787175,0.000293137339421379
4009,66.8166666666667,0.000478303807752309,0.00122678219970288,0.00250119069545448,0.000290804251230566
4009.2,66.82,0.000474496508707379,0.00121674093621587,0.00248144815210002,0.000288489576856459
4009.4,66.8233333333333,0.000470719256013241,0.00120678399943787,0.00246185626431609,0.000286193170080046
4009.6,66.8266666666667,0.00046697181118811,0.00119691064286695,0.00244241392640635,0.000283914885879692
4009.8,66.83,0.000463253937701107,0.00118712012715654,0.00242312004041867,0.000281654580420646
4010,66.8333333333333,0.000459565400955315,0.00117741172004041,0.00240397351609442,0.000279412111044723
4010.2,66.8366666666667,0.000455905968270872,0.00116778469625806,0.00238497327081738,0.00027718733626001
4010.4,66.84,0.000452275408868306,0.00115823833748132,0.00236611822956345,0.000274980115730725
4010.6,66.8433333333333,0.000448673493852032,0.00114877193224165,0.0023474073248506,0.000272790310267165
4010.8,66.8466666666667,0.00044509999619393,0.00113938477585814,0.00232883949668869,0.00027061778181571
4011,66.85,0.000441554690717188,0.00113007617036667,0.00231041369253033,0.000268462393448989
4011.2,66.8533333333333,0.000438037354080194,0.00112084542444944,0.00229212886722128,0.000266324009356071
4011.4,66.8566666666667,0.000434547764760648,0.00111169185336568,0.00227398398295164,0.000264202494832794
4011.6,66.86,0.000431085703039839,0.001102614778883,0.00225597800920733,0.000262097716272194
4011.8,66.8633333333333,0.000427650950986977,0.00109361352920943,0.00223810992272146,0.000260009541154965
4012,66.8666666666667,0.000424243292443805,0.00108468743892642,0.00222037870742656,0.000257937838040091
4012.2,66.87,0.000420862513009233,0.00107583584892244,0.00220278335440654,0.000255882476555495
4012.4,66.8733333333333,0.000417508400024197,0.00106705810632739,0.00218532286184936,0.000253843327388818
4012.6,66.8766666666667,0.000414180742556657,0.00105835356444788,0.00216799623499993,0.000251820262278294
4012.8,66.88,0.000410879331386673,0.00104972158270293,0.00215080248611294,0.000249813154003652
4013,66.8833333333333,0.00040760395899172,0.0010411615265608,0.00213374063440656,0.000247821876377189
4013.2,66.8866666666667,0.000404354419532037,0.00103267276747618,0.00211680970601586,0.000245846304234848
4013.4,66.89,0.000401130508836192,0.00102425468282827,0.00210000873394686,0.000243886313427427
4013.6,66.8933333333333,0.000397932024386774,0.00101590665585962,0.00208333675803088,0.000241941780811874
4013.8,66.8966666666667,0.000394758765306154,0.00100762807561542,0.00206679282487882,0.000240012584242618
4014,66.9,0.000391610532342483,0.000999418336883751,0.00205037598783622,0.000238098602563046
4014.2,66.9033333333333,0.00038848712785572,0.000991276840136311,0.00203408530693812,0.000236199715596996
4014.4,66.9066666666667,0.000385388355803855,0.000983202991469876,0.00201791984886447,0.000234315804140375
4014.6,66.91,0.000382314021729267,0.000975196202548509,0.00200187868689594,0.000232446749952853
4014.8,66.9133333333333,0.000379263932745135,0.000967255890546192,0.00198596090086947,0.00023059243574959
4015,66.9166666666667,0.000376237897522084,0.000959381478090398,0.00197016557713483,0.000228752745193112
4015.2,66.92,0.000373235726274852,0.000951572393206007,0.00195449180851072,0.000226927562885189
4015.4,66.9233333333333,0.000370257230749146,0.000943828069260044,0.00193893869424167,0.00022511677435884
4015.6,66.9266666666667,0.000367302224208623,0.000936147944907033,0.00192350533995507,0.000223320266070408
4015.8,66.93,0.000364370521421928,0.000928531464034779,0.00190819085761819,0.000221537925391667
4016,66.9333333333333,0.000361461938649944,0.000920978075711032,0.00189299436549596,0.000219769640602068
4016.2,66.9366666666667,0.000358576293633073,0.000913487234130474,0.00187791498810852,0.000218015300880989
4016.4,66.94,0.00035571340557869,0.000906058398562482,0.00186295185618932,0.000216274796300105
4016.6,66.9433333333333,0.000352873095148719,0.000898691033299466,0.00184810410664356,0.000214548017815826
4016.8,66.9466666666667,0.000350055184447256,0.000891384607605615,0.00183337088250648,0.000212834857261761
4017,66.95,0.000347259497008409,0.000884138595666472,0.00181875133290245,0.000211135207341318
4017.2,66.9533333333333,0.000344485857784145,0.00087695247653881,0.00180424461300381,0.00020944896162031
4017.4,66.9566666666667,0.000341734093132322,0.000869825734101243,0.00178984988399027,0.000207776014519665
4017.6,66.96,0.000339004030804825,0.000862757857005379,0.00177556631300861,0.000206116261308213
4017.8,66.9633333333333,0.000336295499935754,0.00085574833862735,0.00176139307313226,0.000204469598095489
4018,66.9666666666667,0.000333608331029805,0.00084879667702013,0.00174732934332164,0.00020283592182467
4018.2,66.97,0.000330942355950677,0.000841902374866135,0.00173337430838428,0.000201215130265511
4018.4,66.9733333333333,0.000328297407909637,0.000835064939430513,0.00171952715893547,0.000199607122007391
4018.6,66.9766666666667,0.000325673321454197,0.000828283882514945,0.0017057870913592,0.000198011796452422
4018.8,66.98,0.000323069932456826,0.000821558720411801,0.00169215330776897,0.000196429053808575
4019,66.9833333333333,0.000320487078103866,0.000814888973859042,0.00167862501596938,0.000194858795082939
4019.2,66.9866666666667,0.000317924596884449,0.000808274167995384,0.00166520142941747,0.000193300922074974
4019.4,66.99,0.000315382328579583,0.000801713832316106,0.00165188176718458,0.000191755337369869
4019.6,66.9933333333333,0.000312860114251333,0.000795207500629355,0.0016386652539185,0.000190221944331956
4019.8,66.9966666666667,0.000310357796232045,0.00078875471101277,0.00162555111980553,0.000188700647098157
4020,67,0.000307875218113749,0.000782355005770817,0.00161253860053319,0.000187191350571531
4020.2,67.0033333333333,0.000305412224737582,0.000776007931392365,0.00159962693725282,0.000185693960414838
4020.4,67.0066666666667,0.000302968662183356,0.000769713038508881,0.00158681537654261,0.000184208383044191
4020.6,67.01,0.000300544377759223,0.000763469881853074,0.00157410317037088,0.000182734525622767
4020.8,67.0133333333333,0.00029813921999138,0.000757278020217857,0.00156148957605939,0.000181272296054541
4021,67.0166666666667,0.000295753038613947,0.000751137016415971,0.00154897385624716,0.000179821602978127
4021.2,67.02,0.000293385684558856,0.000745046437239835,0.00153655527885426,0.000178382355760625
4021.4,67.0233333333333,0.000291037009945885,0.000739005853421982,0.00152423311704596,0.000176954464491558
4021.6,67.0266666666667,0.000288706868072786,0.000733014839595918,0.0015120066491972,0.000175537839976861
4021.8,67.03,0.000286395113405441,0.00072707297425728,0.00149987515885699,0.000174132393732894
4022,67.0333333333333,0.000284101601568192,0.000721179839725619,0.00148783793471341,0.000172738037980554
4022.2,67.0366666666667,0.000281826189334178,0.000715335022106392,0.0014758942705585,0.000171354685639401
4022.4,67.04,0.00027956873461581,0.000709538111253509,0.00146404346525352,0.000169982250321855
4022.6,67.0433333333333,0.000277329096455333,0.000703788700732286,0.00145228482269458,0.00016862064632746
4022.8,67.0466666666667,0.000275107135015422,0.000698086387782661,0.0014406176517781,0.000167269788637152
4023,67.05,0.000272902711569932,0.000692430773283021,0.00142904126636695,0.000165929592907643
4023.2,67.0533333333333,0.000270715688494668,0.000686821461714209,0.00141755498525638,0.000164599975465793
4023.4,67.0566666666667,0.000268545929258273,0.000681258061124065,0.00140615813214046,0.000163280853303073
4023.6,67.06,0.00026639329841321,0.000675740183092341,0.0013948500355787,0.000161972144070073
4023.8,67.0633333333333,0.000264257661586768,0.000670267442695875,0.00138363002896264,0.000160673766071034
4024,67.0666666666667,0.000262138885472222,0.000664839458474327,0.00137249745048304,0.000159385638258465
4024.2,67.07,0.000260036837820001,0.000659455852396098,0.00136145164309689,0.000158107680227771
4024.4,67.0733333333333,0.000257951387428986,0.000654116249824743,0.0013504919544949,0.000156839812211958
4024.6,67.0766666666667,0.000255882404137876,0.000648820279485743,0.00133961773706917,0.000155581955076379
4024.8,67.08,0.000253829758816593,0.000643567573433514,0.00132882834788083,0.000154334030313504
4025,67.0833333333333,0.000251793323357827,0.000638357767018957,0.00131812314862829,0.000153095960037777
4025.2,67.0866666666667,0.000249772970668594,0.000633190498857166,0.00130750150561524,0.000151867666980479
4025.4,67.09,0.000247768574661901,0.000628065410795617,0.0012969627897192,0.000150649074484656
4025.6,67.0933333333333,0.000245780010248505,0.000622982147882682,0.00128650637636023,0.000149440106500105
4025.8,67.0966666666667,0.000243807153328678,0.000617940358336379,0.00127613164546953,0.000148240687578363
4026,67.1,0.000241849880784128,0.000612939693513618,0.00126583798145876,0.000147050742867795
4026.2,67.1033333333333,0.000239908070469919,0.000607979807879613,0.00125562477318902,0.000145870198108671
4026.4,67.1066666666667,0.000237981601206503,0.000603060358977729,0.0012454914139404,0.000144698979628326
4026.6,67.11,0.00023607035277183,0.000598181007399656,0.00123543730138166,0.000143537014336354
4026.8,67.1133333333333,0.000234174205893473,0.000593341416755783,0.00122546183753988,0.000142384229719819
4027,67.1166666666667,0.000232293042240902,0.00058854125364606,0.00121556442877069,0.000141240553838554
4027.2,67.12,0.000230426744417745,0.000583780187631007,0.00120574448572829,0.000140105915320454
4027.4,67.1233333333333,0.000228575195954173,0.000579057891203131,0.00119600142333592,0.000138980243356839
4027.6,67.1266666666667,0.000226738281299344,0.000574374039758656,0.00118633466075654,0.000137863467697861
4027.8,67.13,0.000224915885813873,0.000569728311569446,0.00117674362136343,0.000136755518647923
4028,67.1333333333333,0.000223107895762433,0.000565120387755375,0.00116722773271136,0.000135656327061174
4028.2,67.1366666666667,0.000221314198306353,0.000560549952256849,0.00115778642650756,0.000134565824337008
4028.4,67.14,0.00021953468149633,0.000556016691807705,0.00114841913858317,0.000133483942415631
4028.6,67.1433333333333,0.000217769234265197,0.000551520295908413,0.0011391253088648,0.000132410613773659
4028.8,67.1466666666667,0.000216017746420715,0.000547060456799448,0.00112990438134612,0.000131345771419734
4029,67.15,0.000214280108638494,0.000542636869435098,0.00112075580405991,0.000130289348890219
4029.2,67.1533333333333,0.000212556212454907,0.000538249231457403,0.00111167902904997,0.000129241280244883
4029.4,67.1566666666667,0.000210845950260111,0.000533897243170458,0.00110267351234349,0.000128201500062659
4029.6,67.16,0.000209149215291127,0.000529580607515,0.00109373871392351,0.000127169943437435
4029.8,67.1633333333333,0.000207465901624943,0.00052529903004315,0.00108487409770143,0.000126146545973853
4030,67.1666666666667,0.000205795904171729,0.000521052218893581,0.00107607913148993,0.000125131243783187
4030.2,67.17,0.000204139118668061,0.000516839884766786,0.00106735328697581,0.000124123973479215
4030.4,67.1733333333333,0.000202495441670237,0.000512661740900717,0.00105869603969324,0.000123124672174161
4030.6,67.1766666666667,0.000200864770547648,0.000508517503046669,0.00105010686899708,0.000122133277474654
4030.8,67.18,0.000199247003476178,0.000504406889445326,0.00104158525803628,0.000121149727477718
4031,67.1833333333333,0.00019764203943171,0.000500329620803198,0.00103313069372769,0.00012017396076682
4031.2,67.1866666666667,0.000196049778183628,0.000496285420269162,0.00102474266672978,0.000119205916407919
4031.4,67.19,0.000194470120288427,0.000492274013411344,0.00101642067141667,0.000118245533945573
4031.6,67.1933333333333,0.00019290296708336,0.000488295128194243,0.00100816420585242,0.000117292753399083
4031.8,67.1966666666667,0.000191348220680118,0.000484348494955996,0.00099997277176521,0.000116347515258642
4032,67.2,0.000189805783958608,0.00048043384638602,0.000991845874522025,0.000115409760481551
4032.2,67.2033333333333,0.000188275560560737,0.000476550917502756,0.000983783023103194,0.000114479430488441
4032.4,67.2066666666667,0.000186757454884282,0.00047269944563172,0.000975783730077305,0.000113556467159543
4032.6,67.21,0.000185251372076816,0.000468879170383799,0.000967847511576269,0.000112640812830987
4032.8,67.2133333333333,0.000183757218029643,0.000465089833633671,0.000959973887270371,0.000111732410291124
4033,67.2166666666667,0.000182274899371849,0.000461331179498583,0.000952162380343753,0.000110831202776897
4033.2,67.22,0.000180804323464338,0.000457602954317224,0.000944412517469787,0.000109937133970221
4033.4,67.2233333333333,0.000179345398393967,0.000453904906628895,0.000936723828786797,0.000109050147994408
4033.6,67.2266666666667,0.000177898032967723,0.000450236787152898,0.000929095847873928,0.000108170189410631
4033.8,67.23,0.000176462136706915,0.000446598348768052,0.000921528111727002,0.00010729720321439
4034,67.2333333333333,0.00017503761984147,0.000442989346492549,0.000914020160734802,0.00010643113483204
4034.2,67.2366666666667,0.000173624393304227,0.000439409537463886,0.000906571538655237,0.000105571930117321
4034.4,67.24,0.000172222368725311,0.000435858680919095,0.000899181792591854,0.000104719535347937
4034.6,67.2433333333333,0.000170831458426553,0.000432336538175166,0.000891850472970486,0.000103873897222164
4034.8,67.2466666666667,0.00016945157541593,0.000428842872609599,0.000884577133515895,0.000103034962855463
4035,67.25,0.000168082633382098,0.000425377449641271,0.000877361331228824,0.000102202679777156
4035.2,67.2533333333333,0.000166724546688917,0.000421940036711381,0.000870202626362939,0.000101376995927102
4035.4,67.2566666666667,0.00016537723037007,0.000418530403264668,0.000863100582402099,0.000100557859652414
4035.6,67.26,0.00016404060012371,0.000415148320730826,0.000856054766037767,9.97452197042098e-05
4035.8,67.2633333333333,0.000162714572307129,0.00041179356250602,0.000849064747146416,9.89390252343708e-05
4036,67.2666666666667,0.000161399063931524,0.00040846590393472,0.000842130098767321,9.81392257923517e-05
4036.2,67.27,0.000160093992656747,0.000405165122291595,0.000835250397080258,9.7345771321994e-05
4036.4,67.2733333333333,0.000158799276786147,0.000401890996763677,0.000828425221383509,9.65586121583836e-05
4036.6,67.2766666666667,0.000157514835261437,0.000398643308432691,0.000821654154072018,9.57776990247336e-05
4036.8,67.28,0.000156240587657591,0.000395421840257511,0.000814936780615524,9.50029830292767e-05
4037,67.2833333333333,0.000154976454177819,0.000392226377056884,0.000808272689537086,9.42344156622098e-05
4037.2,67.2866666666667,0.000153722355648539,0.000389056705492238,0.000801661472391504,9.34719487926385e-05
4037.4,67.29,0.00015247821351443,0.00038591261405072,0.00079510272374405,9.27155346655637e-05
4037.6,67.2933333333333,0.000151243949833514,0.000382793893028423,0.00078859604114933,9.19651258988945e-05
4037.8,67.2966666666667,0.000150019487272259,0.000379700334513692,0.00078214102513014,9.12206754804687e-05
4038,67.3,0.000148804749100766,0.000376631732370725,0.000775737279156685,9.04821367651234e-05
4038.2,67.3033333333333,0.000147599659187947,0.000373587882223217,0.000769384409625716,8.97494634717653e-05
4038.4,67.3066666666667,0.000146404141996778,0.00037056858143825,0.000763082025839952,8.90226096804823e-05
4038.6,67.31,0.00014521812257959,0.000367573629110339,0.000756829739987634,8.83015298296786e-05
4038.8,67.3133333333333,0.00014404152657337,0.000364602826045573,0.000750627167122079,8.75861787132184e-05
4039,67.3166666666667,0.000142874280195142,0.000361655974746017,0.000744473925141577,8.68765114776167e-05
4039.2,67.32,0.000141716310237352,0.000358732879394171,0.000738369634769215,8.61724836192301e-05
4039.4,67.3233333333333,0.000140567544063308,0.000355833345837646,0.000732313919532973,8.54740509814869e-05
4039.6,67.3266666666667,0.000139427909602666,0.000352957181574,0.000726306405745953,8.47811697521401e-05
4039.8,67.33,0.000138297335346927,0.000350104195735658,0.000720346722486599,8.40937964605274e-05
4040,67.3333333333333,0.000137175750345004,0.000347274199075079,0.000714434501579265,8.34118879748782e-05
4040.2,67.3366666666667,0.000136063084198793,0.000344467003949977,0.000708569377574693,8.27354014996185e-05
4040.4,67.34,0.000134959267058806,0.000341682424308751,0.00070275098773077,8.20642945727148e-05
4040.6,67.3433333333333,0.000133864229619839,0.000338920275676064,0.000696978971993407,8.13985250630392e-05
4040.8,67.3466666666667,0.000132777903116649,0.000336180375138497,0.000691252972977414,8.07380511677415e-05
4041,67.35,0.000131700219319706,0.000333462541330444,0.000685572635947701,8.00828314096657e-05
4041.2,67.3533333333333,0.000130631110530944,0.000330766594420053,0.000679937608800407,7.94328246347653e-05
4041.4,67.3566666666667,0.000129570509579571,0.000328092356095371,0.000674347542044293,7.87879900095553e-05
4041.6,67.36,0.000128518349817913,0.000325439649550619,0.000668802088782245,7.81482870185845e-05
4041.8,67.3633333333333,0.000127474565117268,0.000322808299472549,0.000663300904692789,7.75136754619147e-05
4042,67.3666666666667,0.000126439089863829,0.000320198132027025,0.000657843648011908,7.68841154526421e-05
4042.2,67.37,0.000125411858954612,0.000317608974845647,0.0006524299795148,7.62595674144181e-05
4042.4,67.3733333333333,0.000124392807793428,0.000315040657012564,0.00064705956249788,7.56399920790038e-05
4042.6,67.3766666666667,0.000123381872286904,0.000312493009051421,0.000641732062760903,7.50253504838461e-05
4042.8,67.38,0.000122378988840498,0.000309965862912375,0.000636447148589085,7.44156039696582e-05
4043,67.3833333333333,0.000121384094354594,0.000307459051959323,0.000631204490735528,7.3810714178042e-05
4043.2,67.3866666666667,0.000120397126220588,0.000304972410957175,0.000626003762403576,7.32106430491088e-05
4043.4,67.39,0.00011941802231703,0.000302505776059303,0.000620844639229423,7.26153528191334e-05
4043.6,67.3933333333333,0.000118446721005797,0.000300058984795119,0.000615726799264821,7.20248060182274e-05
4043.8,67.3966666666667,0.000117483161128279,0.000297631876057714,0.000610649922959799,7.14389654680183e-05
4044,67.4,0.000116527282001623,0.000295224290091706,0.000605613693145671,7.08577942793676e-05
4044.2,67.4033333333333,0.000115579023414981,0.000292836068481119,0.000600617795017979,7.02812558500871e-05
4044.4,67.4066666666667,0.000114638325625809,0.000290467054137442,0.000595661916119677,6.97093138626884e-05
4044.6,67.41,0.000113705129356189,0.000288117091287797,0.000590745746324417,6.91419322821494e-05
4044.8,67.4133333333333,0.000112779375789174,0.000285786025463175,0.000585868977819842,6.85790753536871e-05
4045,67.4166666666667,0.00011186100656518,0.000283473703486864,0.00058103130509116,6.80207076005671e-05
4045.2,67.42,0.000110949963778387,0.000281179973462912,0.000576232424904655,6.74667938219128e-05
4045.4,67.4233333333333,0.00011004618997318,0.000278904684764752,0.000571472036291431,6.69172990905442e-05
4045.6,67.4266666666667,0.00010914962814063,0.000276647688023937,0.000566749840531257,6.63721887508347e-05
4045.8,67.43,0.000108260221714977,0.00027440883511894,0.000562065541136417,6.58314284165732e-05
4046,67.4333333333333,0.000107377914570168,0.000272187979164132,0.000557418843835828,6.52949839688617e-05
4046.2,67.4366666666667,0.000106502651016404,0.000269984974498791,0.000552809456559111,6.47628215540118e-05
4046.4,67.44,0.000105634375796726,0.000267799676676274,0.000548237089420869,6.42349075814707e-05
4046.6,67.4433333333333,0.000104773034083629,0.000265631942453285,0.000543701454705074,6.37112087217632e-05
4046.8,67.4466666666667,0.000103918571475693,0.000263481629779207,0.000539202266849462,6.31916919044399e-05
4047,67.45,0.000103070933994257,0.0002613485977856,0.000534739242430178,6.26763243160586e-05
4047.2,67.4533333333333,0.000102230068080102,0.000259232706775738,0.000530312100146378,6.21650733981647e-05
4047.4,67.4566666666667,0.000101395920590175,0.000257133818214285,0.000525920560805039,6.16579068453003e-05
4047.6,67.46,0.00010056843879434,0.00025505179471708,0.000521564347305868,6.11547926030285e-05
4047.8,67.4633333333333,9.97475703721395e-05,0.000252986500040962,0.000517243184626215,6.06556988659628e-05
4048,67.4666666666667,9.89332634096034e-05,0.000250937799073775,0.000512956799806239,6.01605940758296e-05
4048.2,67.47,9.81254663960637e-05,0.00024890555782439,0.000508704921934023,5.96694469195288e-05
4048.4,67.4733333333333,9.73241282210084e-05,0.000246889643412873,0.000504487282130897,5.9182226327222e-05
4048.6,67.4766666666667,9.65291981709628e-05,0.000244889924060745,0.000500303613536848,5.86989014704359e-05
4048.8,67.48,9.57406259263766e-05,0.000242906269081293,0.000496153651295948,5.82194417601696e-05
4049,67.4833333333333,9.49583615585645e-05,0.000240938548870037,0.000492037132542009,5.77438168450342e-05
4049.2,67.4866666666667,9.41823555266433e-05,0.000238986634895225,0.000487953796384209,5.72719966093907e-05
4049.4,67.49,9.34125586745127e-05,0.000237050399688461,0.000483903383892899,5.68039511715136e-05
4049.6,67.4933333333333,9.26489222278589e-05,0.000235129716835419,0.000479885638085512,5.63396508817701e-05
4049.8,67.4966666666667,9.18913977911665e-05,0.00023322446096661,0.000475900303912475,5.58790663208021e-05
4050,67.5,9.11399373447792e-05,0.000231334507748294,0.000471947128243352,5.54221682977394e-05
4050.2,67.5033333333333,9.03944932419586e-05,0.000229459733873418,0.000468025859852953,5.49689278484116e-05
4050.4,67.5066666666667,8.96550182059841e-05,0.000227600017052679,0.000464136249407619,5.45193162335848e-05
4050.6,67.51,8.89214653272756e-05,0.000225755236005678,0.000460278049451605,5.40733049372115e-05
4050.8,67.5133333333333,8.81937880605228e-05,0.000223925270452109,0.000456451014393472,5.3630865664686e-05
4051,67.5166666666667,8.74719402218625e-05,0.000222110001103098,0.000452654900492692,5.31919703411272e-05
4051.2,67.52,8.6755875986053e-05,0.000220309309652559,0.00044888946584623,5.27565911096617e-05
4051.4,67.5233333333333,8.6045549883689e-05,0.000218523078768677,0.000445154470375293,5.23247003297294e-05
4051.6,67.5266666666667,8.53409167984373e-05,0.000216751192085467,0.00044144967581217,5.18962705754033e-05
4051.8,67.53,8.46419319642795e-05,0.000214993534194373,0.000437774845687086,5.14712746337129e-05
4052,67.5333333333333,8.39485509627999e-05,0.00021324999063601,0.000434129745315262,5.10496855029955e-05
4052.2,67.5366666666667,8.32607297204724e-05,0.000211520447891917,0.000430514141783949,5.06314763912458e-05
4052.4,67.54,8.25784245059834e-05,0.000209804793376432,0.000426927803939625,5.02166207144894e-05
4052.6,67.5433333333333,8.19015919275773e-05,0.000208102915428647,0.000423370502375284,4.98050920951677e-05
4052.8,67.5466666666667,8.12301889304071e-05,0.000206414703304387,0.000419842009417732,4.93968643605279e-05
4053,67.55,8.05641727939292e-05,0.000204740047168336,0.00041634209911509,4.89919115410387e-05
4053.2,67.5533333333333,7.99035011292962e-05,0.000203078838086169,0.000412870547224263,4.85902078688049e-05
4053.4,67.5566666666667,7.92481318767856e-05,0.000201430968016803,0.000409427131198575,4.81917277760048e-05
4053.6,67.56,7.8598023303249e-05,0.000199796329804714,0.000406011630175488,4.77964458933384e-05
4053.8,67.5633333333333,7.79531339995664e-05,0.000198174817172294,0.000402623824964333,4.74043370484803e-05
4054,67.5666666666667,7.73134228781434e-05,0.000196566324712329,0.000399263498034231,4.70153762645579e-05
4054.2,67.57,7.6678849170406e-05,0.000194970747880498,0.000395930433501995,4.6629538758628e-05
4054.4,67.5733333333333,7.60493724243299e-05,0.000193387982987974,0.00039262441712018,4.62467999401752e-05
4054.6,67.5766666666667,7.54249525019895e-05,0.000191817927194094,0.000389345236265225,4.5867135409621e-05
4054.8,67.58,7.48055495771118e-05,0.000190260478499066,0.000386092679925597,4.54905209568372e-05
4055,67.5833333333333,7.41911241326715e-05,0.000188715535736787,0.000382866538690127,4.51169325596835e-05
4055.2,67.5866666666667,7.35816369584832e-05,0.000187182998567689,0.00037966660473632,4.4746346382544e-05
4055.4,67.59,7.2977049148828e-05,0.000185662767471669,0.000376492671818819,4.43787387748835e-05
4055.6,67.5933333333333,7.23773221000971e-05,0.000184154743741101,0.000373344535257946,4.40140862698156e-05
4055.8,67.5966666666667,7.17824175084422e-05,0.000182658829473869,0.000370221991928249,4.36523655826738e-05
4056,67.6,7.11922973674636e-05,0.000181174927566513,0.000367124840247242,4.32935536096062e-05
4056.2,67.6033333333333,7.06069239658966e-05,0.000179702941707397,0.000364052880164112,4.29376274261685e-05
4056.4,67.6066666666667,7.00262598853303e-05,0.000178242776369965,0.000361005913148573,4.25845642859376e-05
4056.6,67.61,6.94502679979433e-05,0.000176794336806064,0.000357983742179804,4.22343416191348e-05
4056.8,67.6133333333333,6.88789114642451e-05,0.000175357529039292,0.000354986171735386,4.18869370312525e-05
4057,67.6166666666667,6.83121537308545e-05,0.000173932259858458,0.000352013007780424,4.15423283017036e-05
4057.2,67.62,6.77499585282759e-05,0.000172518436811055,0.000349064057756644,4.12004933824699e-05
4057.4,67.6233333333333,6.71922898687065e-05,0.000171115968196822,0.000346139130571629,4.08614103967686e-05
4057.6,67.6266666666667,6.66391120438603e-05,0.000169724763061365,0.000343238036588132,4.05250576377295e-05
4057.8,67.63,6.6090389622797e-05,0.000168344731189807,0.000340360587613396,4.01914135670752e-05
4058,67.6333333333333,6.55460874497865e-05,0.000166975783100544,0.000337506596888646,3.98604568138229e-05
4058.2,67.6366666666667,6.50061706421719e-05,0.000165617830039006,0.000334675879078562,3.95321661729845e-05
4058.4,67.64,6.44706045882614e-05,0.00016427078397151,0.000331868250260883,3.92065206042861e-05
4058.6,67.6433333333333,6.39393549452367e-05,0.00016293455757917,0.000329083527916085,3.88834992308955e-05
4058.8,67.6466666666667,6.3412387637066e-05,0.00016160906425183,0.000326321530917073,3.85630813381541e-05
4059,67.65,6.28896688524514e-05,0.000160294218082096,0.000323582079519028,3.82452463723282e-05
4059.2,67.6533333333333,6.23711650427744e-05,0.000158989933859381,0.000320864995349246,3.79299739393611e-05
4059.4,67.6566666666667,6.18568429200694e-05,0.00015769612706403,0.000318170101397096,3.761724380364e-05
4059.6,67.66,6.13466694550132e-05,0.000156412713861502,0.000315497222004057,3.73070358867745e-05
4059.8,67.6633333333333,6.08406118749186e-05,0.000155139611096573,0.000312846182853758,3.69993302663765e-05
4060,67.6666666666667,6.0338637661761e-05,0.000153876736287638,0.000310216810962184,3.66941071748608e-05
4062,67.7,5.5449798697182e-05,0.000141576822088202,0.000284620379189673,3.37217014107861e-05
4064,67.7333333333333,5.09483673795397e-05,0.000130247256963737,0.000261082861944493,3.09897471911991e-05
4066,67.7666666666667,4.68044294529863e-05,0.000119811903038109,0.000239443293787972,2.86077440229681e-05
4068,67.8,4.29803855866821e-05,0.000110200861590224,0.00021955292253445,2.9950445877826e-05
4070,67.8333333333333,3.91914069489789e-05,0.000101353853752975,0.00020127481140992,0.000125295854020044
4072,67.8666666666667,3.6121703235516e-05,9.33248548176158e-05,0.000184496339067717,0.000146095618009411
4074,67.9,3.32550337264558e-05,8.59756277826007e-05,0.00016909073697917,0.000136027318785547
4076,67.9333333333333,3.05574154785757e-05,7.91976840575635e-05,0.000154942443659139,0.000125113842268492
4078,67.9666666666667,2.80692846157709e-05,7.29388703963824e-05,0.000141950398302945,0.000114944825766891
4080,68,2.57784133500361e-05,6.71602024893381e-05,0.000130022471815358,0.000105573683472742
4082,68.0333333333333,2.36698705284439e-05,6.1826120725132e-05,0.000119073741543575,9.69469915125372e-05
4084,68.0666666666667,2.1729574749358e-05,5.69036213604963e-05,0.000109025874749061,8.90078313476011e-05
4086,68.1,1.994447830646e-05,5.23620418918168e-05,9.98066281844203e-05,8.1702990398781e-05
4088,68.1333333333333,1.83025108808647e-05,4.8172902778825e-05,9.13493891510214e-05,7.49832020747438e-05
4090,68.1666666666667,1.67925104535342e-05,4.43097616537223e-05,8.35927503014585e-05,6.88028989397364e-05
4092,68.2,1.54041577227196e-05,4.0748076452664e-05,7.6480115473068e-05,6.3119948439908e-05
4094,68.2333333333333,1.41279149348165e-05,3.74650768414806e-05,6.99593343491354e-05,5.78954042254958e-05
4096,68.2666666666667,1.29549689302367e-05,3.44396435235977e-05,6.39823639167841e-05,5.30932744072853e-05
4098,68.3,1.18771781397913e-05,3.1652195038584e-05,5.85049548295007e-05,4.86803058347973e-05
4100,68.3333333333333,1.08870232764176e-05,2.90845816681081e-05,5.34863609105862e-05,4.46257833761927e-05
4102,68.3666666666667,9.97756148135168e-06,2.67199860752614e-05,4.88890701536946e-05,4.0901343226501e-05
4104,68.4,9.14238369788229e-06,2.45428303137871e-05,4.46785556886787e-05,3.74807993263404e-05
4106,68.4333333333333,8.37557505924447e-06,2.25386888554489e-05,4.08230452857027e-05,3.43399820271606e-05
4108,68.4666666666667,7.67167809000101e-06,2.06942072962923e-05,3.72933080684639e-05,3.14565881904802e-05
4110,68.5,7.0256585324255e-06,1.89970264156421e-05,3.40624571988141e-05,2.88100419575504e-05
4112,68.5333333333333,6.43287362095339e-06,1.74357112751324e-05,3.11057673805074e-05,2.63813654724199e-05
4114,68.5666666666667,5.88904263872396e-06,1.59996850587028e-05,2.84005061095836e-05,2.41530588855414e-05
4116,68.6,5.39021960061348e-06,1.46791673681735e-05,2.59257776734016e-05,2.2108989006924e-05
4118,68.6333333333333,4.93276791697711e-06,1.34651167026102e-05,2.36623789698856e-05,2.02342860174617e-05
4120,68.6666666666667,4.5133369015939e-06,1.23491768631118e-05,2.15926662834622e-05,1.85152476845383e-05
4122,68.7,4.12883999606719e-06,1.1323627037822e-05,1.97004322147385e-05,1.69392505633953e-05
4124,68.7333333333333,3.77643459119211e-06,1.03813353348123e-05,1.79707920174802e-05,1.54946676991455e-05
4126,68.7666666666667,3.45350333358406e-06,9.51571554296927e-06,1.6390078649155e-05,1.41707923757929e-05
4128,68.8,3.15763681318964e-06,8.72068691309692e-06,1.49457458904513e-05,1.29577674882684e-05
4130,68.8333333333333,2.88661753419371e-06,7.99063676309628e-06,1.36262789349971e-05,1.18465201413968e-05
4132,68.8666666666667,2.63840507831575e-06,7.32038572228297e-06,1.24211118932053e-05,1.08287011059484e-05
4134,68.9,2.41112237557474e-06,6.70515544064579e-06,1.13205516939592e-05,9.89662878658746e-06
4136,68.9333333333333,2.20304300331545e-06,6.14053859912233e-06,1.03157079049138e-05,9.04323737968331e-06
4138,68.9666666666667,2.0125794396482e-06,5.62247106677431e-06,9.39842802670792e-06,8.2620289206796e-06
4140,69,1.83827220247962e-06,5.14720606008717e-06,8.5612378485181e-06,7.5470289410941e-06
4142,69.0333333333333,1.67877981001995e-06,4.71129016850226e-06,7.79728648230171e-06,6.89274547432187e-06
4144,69.0666666666667,1.53286950306185e-06,4.31154111872345e-06,7.10029572091426e-06,6.29413116730552e-06
4146,69.1,1.39940867345238e-06,3.9450271583354e-06,6.46451339118448e-06,5.74654827188669e-06
4148,69.1333333333333,1.27735694704084e-06,3.60904794683919e-06,5.88467039711979e-06,5.24573630532668e-06
4150,69.1666666666667,1.16575887299442e-06,3.30111684936706e-06,5.35594117081262e-06,4.78778218414272e-06
4152,69.2,1.0637371747476e-06,3.0189445350958e-06,4.87390726943975e-06,4.36909264910968e-06
4154,69.2333333333333,9.70486521002478e-07,2.76042378875325e-06,4.43452387609711e-06,3.9863688120802e-06
4156,69.2666666666667,8.85267778139588e-07,2.52361544962004e-06,4.03408898019053e-06,3.63658266723382e-06
4158,69.3,8.07402708145231e-07,2.30673539808453e-06,3.66921502980176e-06,3.31695542052782e-06
4160,69.3333333333333,7.36269078723109e-07,2.10814251512953e-06,3.33680286395585e-06,3.02493750153846e-06
4162,69.3666666666667,6.71296154647303e-07,1.92632754512958e-06,3.03401774711028e-06,2.75819013159569e-06
4164,69.4,6.11960541640614e-07,1.75990279703372e-06,2.75826734154671e-06,2.51456833117233e-06
4166,69.4333333333333,5.57782356137349e-07,1.6075926234153e-06,2.50718146574118e-06,2.29210525792952e-06
4168,69.4666666666667,5.08321696222444e-07,1.46822462100331e-06,2.27859349828626e-06,2.08899777468435e-06
4170,69.5,4.63175390838357e-07,1.34072150018204e-06,2.07052329760075e-06,1.90359315388834e-06
4172,69.5333333333333,4.21974006026077e-07,1.22409357457337e-06,1.88116151754607e-06,1.73437683202306e-06
4174,69.5666666666667,3.84379088524903e-07,1.11743182521036e-06,1.70885520822967e-06,1.5799611336621e-06
4176,69.6,3.50080628504987e-07,1.01990149698677e-06,1.55209459976267e-06,1.43907489085042e-06
4178,69.6333333333333,3.18794724554128e-07,9.30736188035797e-07,1.40950097460127e-06,1.31055388893871e-06
4180,69.6666666666667,2.90261435292697e-07,8.49232395465488e-07,1.27981554138151e-06,1.1933320751118e-06
4182,69.7,2.64242803154184e-07,7.74744483469416e-07,1.16188922989682e-06,1.08643347058993e-06
4184,69.7333333333333,2.40521036949589e-07,7.06680042249445e-07,1.05467333310536e-06,9.88964731884892e-07
4186,69.7666666666667,2.1889684083737e-07,6.44495608444198e-07,9.57210927825994e-07,9.00108310582176e-07
4188,69.8,1.99187878252057e-07,5.87692719861179e-07,8.68629011119604e-07,8.1911616491611e-07
4190,69.8333333333333,1.81227360208887e-07,5.35814279272362e-07,7.88131294289942e-07,7.45303979927778e-07
4192,69.8666666666667,1.64862748203511e-07,4.88441203860908e-07,7.14991601001417e-07,6.78045856263779e-07
4194,69.9,1.49954562669204e-07,4.45189338609267e-07,6.48547820229635e-07,6.16769430704942e-07
4196,69.9333333333333,1.36375288643211e-07,4.05706613503956e-07,5.8819636865763e-07,5.60951394324496e-07
4198,69.9666666666667,1.24008370932466e-07,3.69670425907463e-07,5.3338712073069e-07,5.10113376780025e-07
4200,70,1.12747291660706e-07,3.36785230820018e-07,4.83618767907075e-07,4.63818167657145e-07
4202,70.0333333333333,1.02494723626966e-07,3.06780323030119e-07,4.38434571710916e-07,4.21666248018645e-07
4204,70.0666666666667,9.31617534129083e-08,2.79407796339e-07,3.97418478026143e-07,3.83292607383276e-07
4206,70.1,8.46671686461058e-08,2.54440666146569e-07,3.60191562683821e-07,3.48363823275074e-07
4208,70.1333333333333,7.693680426107e-08,2.31671142710384e-07,3.26408780806048e-07,3.16575382258056e-07
4210,70.1666666666667,6.99029430018694e-08,2.10909043340114e-07,2.95755994592788e-07,2.87649223012417e-07
4212,70.2,6.35037657820729e-08,1.9198033267265e-07,2.67947256287615e-07,2.61331483526484e-07
4214,70.2333333333333,5.76828478615572e-08,1.74725780992149e-07,2.42722324947382e-07,2.37390435882485e-07
4216,70.2666666666667,5.2388697117519e-08,1.58999731319186e-07,2.19844397381528e-07,2.15614593411945e-07
4218,70.3,4.75743309806887e-08,1.44668966697874e-07,1.99098035230072e-07,1.95810976195832e-07
4220,70.3333333333333,4.31968888790265e-08,1.31611669763106e-07,1.80287271626041e-07,1.77803521992677e-07
4222,70.3666666666667,3.92172772817239e-08,1.19716467275555e-07,1.63233882247512e-07,1.61431630701392e-07
4224,70.4,3.55998446676562e-08,1.08881552873003e-07,1.47775806815794e-07,1.46548831410589e-07
4226,70.4333333333333,3.23120839559488e-08,9.90138818061765e-08,1.33765708247658e-07,1.33021561958726e-07
4228,70.4666666666667,2.93243601333581e-08,9.00284319083183e-08,1.210696577288e-07,1.20728051734576e-07
4230,70.5,2.66096609949374e-08,8.18475254930597e-08,1.09565934949847e-07,1.09557299190491e-07
4232,70.5333333333333,2.4143369082105e-08,7.44002072872576e-08,9.91439336419162e-08,9.94081362261981e-08
4234,70.5666666666667,2.19030530568154e-08,6.76216738866804e-08,8.97031633720548e-08,9.01883722328422e-08
4236,70.6,1.98682768930229e-08,6.14527505750172e-08,8.11523393154593e-08,8.18140111695728e-08
4238,70.6333333333333,1.80204253979472e-08,5.58394116726753e-08,7.34085524164863e-08,7.42085355819821e-08
4240,70.6666666666667,1.63425446966353e-08,5.0732340883153e-08,6.63965129888715e-08,6.7302251966469e-08
4242,70.7,1.48191964247527e-08,4.6086528383218e-08,6.00478613918099e-08,6.10316923404253e-08
4244,70.7333333333333,1.3436324477157e-08,4.18609016603458e-08,5.43005399566983e-08,5.53390672979053e-08
4246,70.7666666666667,1.21811332542781e-08,3.80179873384407e-08,4.90982208332401e-08,5.01717662169488e-08
4248,70.8,1.10419764352827e-08,3.45236014522015e-08,4.43897848767769e-08,4.5481900640491e-08
4250,70.8333333333333,1.00082553870069e-08,3.13465658329638e-08,4.01288471143954e-08,4.12258871801967e-08
4252,70.8666666666667,9.07032639124458e-09,2.84584484556883e-08,3.62733247085647e-08,3.73640665937717e-08
4254,70.9,8.21941594066835e-09,2.58333257691335e-08,3.27850436865622e-08,3.38603559633631e-08
4256,70.9333333333333,7.44754341589985e-09,2.34475651902362e-08,2.96293810242976e-08,3.06819311574352e-08
4258,70.9666666666667,6.7474505134595e-09,2.12796260903138e-08,2.67749389667063e-08,2.77989369927319e-08
4260,71,6.11253684690426e-09,1.93098777358396e-08,2.4193248735824e-08,2.51842227282165e-08
4262,71.0333333333333,5.53680119177215e-09,1.75204327710871e-08,2.18585010239873e-08,2.28131007206992e-08
4264,71.0666666666667,5.01478788932741e-09,1.58949949446879e-08,1.97473008951592e-08,2.06631262535925e-08
4266,71.1,4.54153796485292e-09,1.44187198878481e-08,1.78384449238769e-08,1.87138967171439e-08
4268,71.1333333333333,4.11254455365166e-09,1.30780878493115e-08,1.61127185903053e-08,1.69468684717587e-08
4270,71.1666666666667,3.72371226226419e-09,1.18607873817741e-08,1.45527121228108e-08,1.53451898667185e-08
4272,71.2,3.37132012392626e-09,1.07556090569471e-08,1.31426531376692e-08,1.38935490157337e-08
4274,71.2333333333333,3.0519878362079e-09,9.75234836237335e-09,1.18682545702016e-08,1.25780350492507e-08
4276,71.2666666666667,2.76264499529996e-09,8.84171700293984e-09,1.07165765239289e-08,1.13860116721338e-08
4278,71.3,2.50050306573839e-09,8.01526189426049e-09,9.67590078527193e-09,1.03060019550285e-08
4280,71.3333333333333,2.26302984665849e-09,7.26529119417257e-09,8.73561686185149e-09,9.32758337912373e-09
4282,71.3666666666667,2.04792621611415e-09,6.58480677288949e-09,7.88611850343595e-09,8.44129223782904e-09
4284,71.4,1.85310495373108e-09,5.96744257226306e-09,7.11870975684219e-09,7.6385365756845e-09
4286,71.4333333333333,1.67667145912812e-09,5.40740835046971e-09,6.42551969035439e-09,6.91151691519728e-09
4288,71.4666666666667,1.5169061992637e-09,4.89943835056732e-09,5.79942500016266e-09,6.25315408677043e-09
4290,71.5,1.37224873226425e-09,4.4387444700662e-09,5.23397978155813e-09,5.6570235359395e-09
4292,71.5333333333333,1.24128316847574e-09,4.02097354419171e-09,4.72335181172367e-09,5.11729553620497e-09
4294,71.5666666666667,1.12272494154879e-09,3.64216838813733e-09,4.26226474945116e-09,4.62868078525187e-09
4296,71.6,1.01540877341374e-09,3.29873227354812e-09,3.8459457104777e-09,4.18638090765862e-09
4298,71.6333333333333,9.18277727109214e-10,2.98739654194915e-09,3.47007772580245e-09,3.78604342866116e-09
4300,71.6666666666667,8.30373250673965e-10,2.70519108303949e-09,3.13075663472675e-09,3.42372082147398e-09
4302,71.7,7.50826123768927e-10,2.44941742889121e-09,2.8244520048214e-09,3.09583326537022e-09
4304,71.7333333333333,6.78848226429338e-10,2.21762423629334e-09,2.54797170790497e-09,2.79913478345698e-09
4306,71.7666666666667,6.1372505641716e-10,2.00758494891742e-09,2.29842981472538e-09,2.53068245809747e-09
4308,71.8,5.54808928106308e-10,1.81727744879711e-09,2.07321750165811e-09,2.28780844845539e-09
4310,71.8333333333333,5.01512791739033e-10,1.64486552294055e-09,1.86997669062676e-09,2.06809455887895e-09
4312,71.8666666666667,4.53304617287754e-10,1.48868198585282e-09,1.68657616885494e-09,1.86934912899225e-09
4314,71.9,4.09702292085819e-10,1.34721331244781e-09,1.52108995818803e-09,1.68958603659886e-09
4316,71.9333333333333,3.70268985892514e-10,1.21908564837733e-09,1.37177772478002e-09,1.5270056229857e-09
4318,71.9666666666667,3.34608941168374e-10,1.1030520762951e-09,1.23706703910573e-09,1.37997736709521e-09
4320,72,3.0236365008975e-10,9.97981027091019e-10,1.11553731369804e-09,1.24702415044479e-09
4322,72.0333333333333,2.73208383257045e-10,9.02845734758044e-10,1.00590526187711e-09,1.12680796874091e-09
4324,72.0666666666667,2.46849038177092e-10,8.1671464236202e-10,9.07011735170869e-10,1.01811695897465e-09
4326,72.1,2.23019278452393e-10,7.38742674644073e-10,8.17809810252608e-10,9.19853622501054e-10
4328,72.1333333333333,2.01477937211815e-10,6.68163300155811e-10,7.37354008155987e-10,8.31024135293756e-10
4330,72.1666666666667,1.82006660690456e-10,6.04281312568459e-10,6.64790539378506e-10,7.50728646314909e-10
4332,72.2,1.64407770030372e-10,5.46466266960024e-10,5.99348478346225e-10,6.78152473832164e-10
4334,72.2333333333333,1.48502321346797e-10,4.94146512518319e-10,5.40331779674913e-10,6.12558117620831e-10
4336,72.2666666666667,1.34128345902955e-10,4.46803768246561e-10,4.87112056805786e-10,5.5327801237985e-10
4338,72.3,1.21139253875591e-10,4.03968192963047e-10,4.39122050991318e-10,4.99707954426049e-10
4340,72.3333333333333,1.09402386686893e-10,3.65213905184659e-10,3.95849725325319e-10,4.51301139869593e-10
4342,72.3666666666667,9.87977042391731e-11,3.30154912409889e-10,3.56832924612663e-10,4.07562758066281e-10
4344,72.4,8.92165946280908e-11,2.98441412902427e-10,3.21654547413617e-10,3.68045089237158e-10
4346,72.4333333333333,8.05607950389822e-11,2.69756436349874e-10,2.89938181626326e-10,3.32343059786233e-10
4348,72.4666666666667,7.27414135586891e-11,2.43812792760539e-10,2.61344159535162e-10,3.00090213072717e-10
4350,72.5,6.56780425710186e-11,2.2035030168873e-10,2.35565992394335e-10,2.7095505724154e-10
4352,72.5333333333333,5.92979552557209e-11,1.99133276367903e-10,2.12327148374078e-10,2.4463775521817e-10
4354,72.5666666666667,5.35353774860484e-11,1.7994823960182e-10,1.91378141105647e-10,2.20867125161456e-10
4356,72.6,4.83308281253288e-11,1.62601850335322e-10,1.72493899153332e-10,1.99397922568948e-10
4358,72.6333333333333,4.36305213647113e-11,1.46919021715498e-10,1.55471389545654e-10,1.80008377868476e-10
4360,72.6666666666667,3.93858253279938e-11,1.32741213176762e-10,1.40127471040303e-10,1.62497965730701e-10
4362,72.7,3.55527717003416e-11,1.19924880653942e-10,1.26296955102214e-10,1.46685384521171e-10
4364,72.7333333333333,3.20916116204841e-11,1.08340070459137e-10,1.13830854663338e-10,1.32406726296355e-10
4366,72.7666666666667,2.89664135149097e-11,9.78691436629182e-11,1.02594802626061e-10,1.19513819553879e-10
4368,72.8,2.61446989515933e-11,8.84056190093634e-11,9.24676237878494e-11,1.07872728588775e-10
4370,72.8333333333333,2.35971129534536e-11,7.98531234776811e-11,8.33400454191534e-11,9.73623947997742e-11
4372,72.8666666666667,2.12971255413132e-11,7.21244405898431e-11,7.51135331346349e-11,8.78734066457402e-11
4374,72.9,1.92207615755971e-11,6.51406474623234e-11,6.76992399731766e-11,7.93068861846618e-11
4376,72.9333333333333,1.73463562380546e-11,5.8830332418336e-11,6.10170577570712e-11,7.15734812471912e-11
4378,72.9666666666667,1.56543337419155e-11,5.31288857219968e-11,5.49947608465847e-11,6.4592453313746e-11
4380,73,1.41270070833223e-11,4.79778566740295e-11,4.95672333528823e-11,5.82908520879345e-11
4382,73.0333333333333,1.27483968506905e-11,4.33243709258935e-11,4.4675771729363e-11,5.26027685979453e-11
4384,73.0666666666667,1.15040672936882e-11,3.91206024309193e-11,4.02674554371673e-11,4.74686594192372e-11
4386,73.1,1.03809780215176e-11,3.53232949621023e-11,3.62945790826159e-11,4.28347353033955e-11
4388,73.1333333333333,9.36734985265098e-12,3.18933285911345e-11,3.27141400595477e-11,3.86524081257412e-11
4390,73.1666666666667,8.45254347656174e-12,2.87953269461264e-11,2.94873763042031e-11,3.48777906340044e-11
4392,73.2,7.62694971355745e-12,2.59973014500518e-11,2.65793492901733e-11,3.14712439973919e-11
4394,73.2333333333333,6.88189027275542e-12,2.34703290916306e-11,2.39585678611476e-11,2.83969686244949e-11
4396,73.2666666666667,6.2095280115959e-12,2.11882605982826e-11,2.15966489244524e-11,2.56226341440802e-11
4398,73.3,5.6027857940379e-12,1.91274561697689e-11,1.9468011412917e-11,2.31190448288709e-11
4400,73.3333333333333,5.05527312960733e-12,1.72665461937903e-11,1.75496002702944e-11,2.08598370925782e-11
4402,73.3666666666667,4.56121985256895e-12,1.5586214603486e-11,1.58206375297955e-11,1.88212060079856e-11
4404,73.4,4.11541617040203e-12,1.40690027536452e-11,1.42623978394314e-11,1.69816580818231e-11
4406,73.4333333333333,3.7131584741369e-12,1.26991318894487e-11,1.28580060446711e-11,1.53217877832105e-11
4408,73.4666666666667,3.35020036055955e-12,1.14623424605181e-11,1.1592254671017e-11,1.38240755590987e-11
4410,73.5,3.02270836836114e-12,1.03457486955709e-11,1.04514393588252e-11,1.24727052846277e-11
4412,73.5333333333333,2.72722197749719e-12,9.33770700057049e-12,9.42321049219277e-12,1.12533992907175e-11
4414,73.5666666666667,2.46061746377981e-12,8.42769687725694e-12,8.49643943493339e-12,1.01532692873611e-11
4416,73.6,2.2200752394665e-12,7.60621318059685e-12,7.66109794131121e-12,9.16068166069946e-12
4418,73.6333333333333,2.00305034570448e-12,6.86466864411081e-12,6.90814944889121e-12,8.26513576655818e-12
4420,73.6666666666667,1.80724579447929e-12,6.19530570225241e-12,6.22945108702351e-12,7.45715397411069e-12
4422,73.7,1.63058848650864e-12,5.59111672995478e-12,5.61766534840982e-12,6.72818233197466e-12
4424,73.7333333333333,1.47120745759691e-12,5.04577190197505e-12,5.06618047407689e-12,6.07050083649419e-12
4426,73.7666666666667,1.32741422957573e-12,4.553553949526e-12,4.5690386949686e-12,5.47714237925786e-12
4428,73.8,1.19768506333339e-12,4.10929915958824e-12,4.12087155722684e-12,4.9418195390002e-12
4430,73.8333333333333,1.08064493078793e-12,3.70834402388503e-12,3.71684163393222e-12,4.45885846279216e-12
4432,73.8666666666667,9.75053040177106e-13,3.34647700035412e-12,3.35258999440732e-12,4.02313915362716e-12
4434,73.9,8.79789764893875e-13,3.01989490059616e-12,3.02418886385742e-12,3.63004154686203e-12
4436,73.9333333333333,7.93844840446149e-13,2.72516346269573e-12,2.72809896178345e-12,3.27539681711929e-12
4438,73.9666666666667,7.16306707104517e-13,2.45918171043705e-12,2.46113105782856e-12,2.95544341078426e-12
4440,74,6.46352887551563e-13,2.21914973766619e-12,2.22041132904172e-12,2.66678734766404e-12
4442,74.0333333333333,5.83241299476598e-13,2.00253959074767e-12,2.00335014343389e-12,2.40636637919835e-12
4444,74.0666666666667,5.2630241267645e-13,1.80706895305222e-12,1.80761393159484e-12,2.17141763025735e-12
4446,74.1,4.74932168922e-13,1.63067736349108e-12,1.63109984142027e-12,1.95944838742528e-12
4448,74.1333333333333,4.28585590718201e-13,1.47150472655258e-12,1.47191290102101e-12,1.76820972910779e-12
4450,74.1666666666667,3.8677101220127e-13,1.32787189434239e-12,1.32834544196529e-12,1.59567272213946e-12
4452,74.2,3.49044871851665e-13,1.19826312200433e-12,1.19885855942917e-12,1.44000693610091e-12
4454,74.2333333333333,3.15007012520243e-13,1.08131021680492e-12,1.0820654078567e-12,1.29956105054694e-12
4456,74.2666666666667,2.84296439525978e-13,9.75778218287425e-13,9.76716150595855e-13,1.17284535204105e-12
4458,74.3,2.56587492339976e-13,8.80552462404604e-13,8.81684399888273e-13,1.05851593750453e-12
4460,74.3333333333333,2.31586389670255e-13,7.94626896577762e-13,7.95954999742351e-13,9.55360458119893e-13
4462,74.3666666666667,2.09028111648357e-13,7.17093525337651e-13,7.18613018781816e-13,8.62285254055436e-13
4464,74.4,1.88673586331746e-13,6.47132877707286e-13,6.48833833291396e-13,7.78303744765832e-13
4466,74.4333333333333,1.70307150910841e-13,5.84005397899413e-13,5.85874192517725e-13,7.02525952716539e-13
4468,74.4666666666667,1.53734260878613e-13,5.27043670325447e-13,5.29064168954139e-13,6.34149050213228e-13
4470,74.5,1.38779423013373e-13,4.75645398441109e-13,4.77799905956701e-13,5.72448829710382e-13
4472,74.5333333333333,1.25284330367904e-13,4.29267064671043e-13,4.31537083708962e-13,5.16772007635313e-13
4474,74.5666666666667,1.13106179574714e-13,3.87418205637021e-13,3.89785032367808e-13,4.66529280493811e-13
4476,74.6,1.02116152689246e-13,3.49656243231183e-13,3.52101428266167e-13,4.21189059910721e-13
4478,74.6333333333333,9.21980475202887e-14,3.15581817790157e-13,3.18087515396371e-13,3.80271820383853e-13
4480,74.6666666666667,8.32470419571271e-14,2.84834574794692e-13,2.87383800118878e-13,3.43344999965936e-13
