Time_min,Time_hr,Tumor_5FU_parent_uM,Tumor_FdUMP_uM,Tumor_FdUTP_uM,Tumor_FUTP_uM
0,0,0,0,0,0
2,0.0333333333333333,0,0,0,0
4,0.0666666666666667,0,0,0,0
6,0.1,0,0,0,0
8,0.133333333333333,0,0,0,0
10,0.166666666666667,0,0,0,0
12,0.2,0,0,0,0
14,0.233333333333333,0,0,0,0
16,0.266666666666667,0,0,0,0
18,0.3,0,0,0,0
20,0.333333333333333,0,0,0,0
22,0.366666666666667,0,0,0,0
24,0.4,0,0,0,0
26,0.433333333333333,0,0,0,0
28,0.466666666666667,0,0,0,0
30,0.5,0,0,0,0
32,0.533333333333333,0,0,0,0
34,0.566666666666667,0,0,0,0
36,0.6,0,0,0,0
38,0.633333333333333,0,0,0,0
40,0.666666666666667,0,0,0,0
42,0.7,0,0,0,0
44,0.733333333333333,0,0,0,0
46,0.766666666666667,0,0,0,0
48,0.8,0,0,0,0
50,0.833333333333333,0,0,0,0
52,0.866666666666667,0,0,0,0
54,0.9,0,0,0,0
56,0.933333333333333,0,0,0,0
58,0.966666666666667,0,0,0,0
60,1,0,0,0,0
62,1.03333333333333,0,0,0,0
64,1.06666666666667,0,0,0,0
66,1.1,0,0,0,0
68,1.13333333333333,0,0,0,0
70,1.16666666666667,0,0,0,0
72,1.2,0,0,0,0
74,1.23333333333333,0,0,0,0
76,1.26666666666667,0,0,0,0
78,1.3,0,0,0,0
80,1.33333333333333,0,0,0,0
82,1.36666666666667,0,0,0,0
84,1.4,0,0,0,0
86,1.43333333333333,0,0,0,0
88,1.46666666666667,0,0,0,0
90,1.5,0,0,0,0
92,1.53333333333333,0,0,0,0
94,1.56666666666667,0,0,0,0
96,1.6,0,0,0,0
98,1.63333333333333,0,0,0,0
100,1.66666666666667,0,0,0,0
102,1.7,0,0,0,0
104,1.73333333333333,0,0,0,0
106,1.76666666666667,0,0,0,0
108,1.8,0,0,0,0
110,1.83333333333333,0,0,0,0
112,1.86666666666667,0,0,0,0
114,1.9,0,0,0,0
116,1.93333333333333,0,0,0,0
118,1.96666666666667,0,0,0,0
120,2,0,0,0,0
122,2.03333333333333,0,0,0,0
124,2.06666666666667,0,0,0,0
126,2.1,0,0,0,0
128,2.13333333333333,0,0,0,0
130,2.16666666666667,0,0,0,0
132,2.2,0,0,0,0
134,2.23333333333333,0,0,0,0
136,2.26666666666667,0,0,0,0
138,2.3,0,0,0,0
140,2.33333333333333,0,0,0,0
142,2.36666666666667,0,0,0,0
144,2.4,0,0,0,0
146,2.43333333333333,0,0,0,0
148,2.46666666666667,0,0,0,0
150,2.5,0,0,0,0
152,2.53333333333333,0,0,0,0
154,2.56666666666667,0,0,0,0
156,2.6,0,0,0,0
158,2.63333333333333,0,0,0,0
160,2.66666666666667,0,0,0,0
162,2.7,0,0,0,0
164,2.73333333333333,0,0,0,0
166,2.76666666666667,0,0,0,0
168,2.8,0,0,0,0
170,2.83333333333333,0,0,0,0
172,2.86666666666667,0,0,0,0
174,2.9,0,0,0,0
176,2.93333333333333,0,0,0,0
178,2.96666666666667,0,0,0,0
180,3,0,0,0,0
182,3.03333333333333,0,0,0,0
184,3.06666666666667,0,0,0,0
186,3.1,0,0,0,0
188,3.13333333333333,0,0,0,0
190,3.16666666666667,0,0,0,0
192,3.2,0,0,0,0
194,3.23333333333333,0,0,0,0
196,3.26666666666667,0,0,0,0
198,3.3,0,0,0,0
200,3.33333333333333,0,0,0,0
202,3.36666666666667,0,0,0,0
204,3.4,0,0,0,0
206,3.43333333333333,0,0,0,0
208,3.46666666666667,0,0,0,0
210,3.5,0,0,0,0
212,3.53333333333333,0,0,0,0
214,3.56666666666667,0,0,0,0
216,3.6,0,0,0,0
218,3.63333333333333,0,0,0,0
220,3.66666666666667,0,0,0,0
222,3.7,0,0,0,0
224,3.73333333333333,0,0,0,0
226,3.76666666666667,0,0,0,0
228,3.8,0,0,0,0
230,3.83333333333333,0,0,0,0
232,3.86666666666667,0,0,0,0
234,3.9,0,0,0,0
236,3.93333333333333,0,0,0,0
238,3.96666666666667,0,0,0,0
240,4,0,0,0,0
242,4.03333333333333,0,0,0,0
244,4.06666666666667,0,0,0,0
246,4.1,0,0,0,0
248,4.13333333333333,0,0,0,0
250,4.16666666666667,0,0,0,0
252,4.2,0,0,0,0
254,4.23333333333333,0,0,0,0
256,4.26666666666667,0,0,0,0
258,4.3,0,0,0,0
260,4.33333333333333,0,0,0,0
262,4.36666666666667,0,0,0,0
264,4.4,0,0,0,0
266,4.43333333333333,0,0,0,0
268,4.46666666666667,0,0,0,0
270,4.5,0,0,0,0
272,4.53333333333333,0,0,0,0
274,4.56666666666667,0,0,0,0
276,4.6,0,0,0,0
278,4.63333333333333,0,0,0,0
280,4.66666666666667,0,0,0,0
282,4.7,0,0,0,0
284,4.73333333333333,0,0,0,0
286,4.76666666666667,0,0,0,0
288,4.8,0,0,0,0
290,4.83333333333333,0,0,0,0
292,4.86666666666667,0,0,0,0
294,4.9,0,0,0,0
296,4.93333333333333,0,0,0,0
298,4.96666666666667,0,0,0,0
300,5,0,0,0,0
302,5.03333333333333,0,0,0,0
304,5.06666666666667,0,0,0,0
306,5.1,0,0,0,0
308,5.13333333333333,0,0,0,0
310,5.16666666666667,0,0,0,0
312,5.2,0,0,0,0
314,5.23333333333333,0,0,0,0
316,5.26666666666667,0,0,0,0
318,5.3,0,0,0,0
320,5.33333333333333,0,0,0,0
322,5.36666666666667,0,0,0,0
324,5.4,0,0,0,0
326,5.43333333333333,0,0,0,0
328,5.46666666666667,0,0,0,0
330,5.5,0,0,0,0
332,5.53333333333333,0,0,0,0
334,5.56666666666667,0,0,0,0
336,5.6,0,0,0,0
338,5.63333333333333,0,0,0,0
340,5.66666666666667,0,0,0,0
342,5.7,0,0,0,0
344,5.73333333333333,0,0,0,0
346,5.76666666666667,0,0,0,0
348,5.8,0,0,0,0
350,5.83333333333333,0,0,0,0
352,5.86666666666667,0,0,0,0
354,5.9,0,0,0,0
356,5.93333333333333,0,0,0,0
358,5.96666666666667,0,0,0,0
360,6,0,0,0,0
362,6.03333333333333,0,0,0,0
364,6.06666666666667,0,0,0,0
366,6.1,0,0,0,0
368,6.13333333333333,0,0,0,0
370,6.16666666666667,0,0,0,0
372,6.2,0,0,0,0
374,6.23333333333333,0,0,0,0
376,6.26666666666667,0,0,0,0
378,6.3,0,0,0,0
380,6.33333333333333,0,0,0,0
382,6.36666666666667,0,0,0,0
384,6.4,0,0,0,0
386,6.43333333333333,0,0,0,0
388,6.46666666666667,0,0,0,0
390,6.5,0,0,0,0
392,6.53333333333333,0,0,0,0
394,6.56666666666667,0,0,0,0
396,6.6,0,0,0,0
398,6.63333333333333,0,0,0,0
400,6.66666666666667,0,0,0,0
402,6.7,0,0,0,0
404,6.73333333333333,0,0,0,0
406,6.76666666666667,0,0,0,0
408,6.8,0,0,0,0
410,6.83333333333333,0,0,0,0
412,6.86666666666667,0,0,0,0
414,6.9,0,0,0,0
416,6.93333333333333,0,0,0,0
418,6.96666666666667,0,0,0,0
420,7,0,0,0,0
422,7.03333333333333,0,0,0,0
424,7.06666666666667,0,0,0,0
426,7.1,0,0,0,0
428,7.13333333333333,0,0,0,0
430,7.16666666666667,0,0,0,0
432,7.2,0,0,0,0
434,7.23333333333333,0,0,0,0
436,7.26666666666667,0,0,0,0
438,7.3,0,0,0,0
440,7.33333333333333,0,0,0,0
442,7.36666666666667,0,0,0,0
444,7.4,0,0,0,0
446,7.43333333333333,0,0,0,0
448,7.46666666666667,0,0,0,0
450,7.5,0,0,0,0
452,7.53333333333333,0,0,0,0
454,7.56666666666667,0,0,0,0
456,7.6,0,0,0,0
458,7.63333333333333,0,0,0,0
460,7.66666666666667,0,0,0,0
462,7.7,0,0,0,0
464,7.73333333333333,0,0,0,0
466,7.76666666666667,0,0,0,0
468,7.8,0,0,0,0
470,7.83333333333333,0,0,0,0
472,7.86666666666667,0,0,0,0
474,7.9,0,0,0,0
476,7.93333333333333,0,0,0,0
478,7.96666666666667,0,0,0,0
480,8,0,0,0,0
482,8.03333333333333,0,0,0,0
484,8.06666666666667,0,0,0,0
486,8.1,0,0,0,0
488,8.13333333333333,0,0,0,0
490,8.16666666666667,0,0,0,0
492,8.2,0,0,0,0
494,8.23333333333333,0,0,0,0
496,8.26666666666667,0,0,0,0
498,8.3,0,0,0,0
500,8.33333333333333,0,0,0,0
502,8.36666666666667,0,0,0,0
504,8.4,0,0,0,0
506,8.43333333333333,0,0,0,0
508,8.46666666666667,0,0,0,0
510,8.5,0,0,0,0
512,8.53333333333333,0,0,0,0
514,8.56666666666667,0,0,0,0
516,8.6,0,0,0,0
518,8.63333333333333,0,0,0,0
520,8.66666666666667,0,0,0,0
522,8.7,0,0,0,0
524,8.73333333333333,0,0,0,0
526,8.76666666666667,0,0,0,0
528,8.8,0,0,0,0
530,8.83333333333333,0,0,0,0
532,8.86666666666667,0,0,0,0
534,8.9,0,0,0,0
536,8.93333333333333,0,0,0,0
538,8.96666666666667,0,0,0,0
540,9,0,0,0,0
542,9.03333333333333,0,0,0,0
544,9.06666666666667,0,0,0,0
546,9.1,0,0,0,0
548,9.13333333333333,0,0,0,0
550,9.16666666666667,0,0,0,0
552,9.2,0,0,0,0
554,9.23333333333333,0,0,0,0
556,9.26666666666667,0,0,0,0
558,9.3,0,0,0,0
560,9.33333333333333,0,0,0,0
562,9.36666666666667,0,0,0,0
564,9.4,0,0,0,0
566,9.43333333333333,0,0,0,0
568,9.46666666666667,0,0,0,0
570,9.5,0,0,0,0
572,9.53333333333333,0,0,0,0
574,9.56666666666667,0,0,0,0
576,9.6,0,0,0,0
578,9.63333333333333,0,0,0,0
580,9.66666666666667,0,0,0,0
582,9.7,0,0,0,0
584,9.73333333333333,0,0,0,0
586,9.76666666666667,0,0,0,0
588,9.8,0,0,0,0
590,9.83333333333333,0,0,0,0
592,9.86666666666667,0,0,0,0
594,9.9,0,0,0,0
596,9.93333333333333,0,0,0,0
598,9.96666666666667,0,0,0,0
600,10,0,0,0,0
602,10.0333333333333,0,0,0,0
604,10.0666666666667,0,0,0,0
606,10.1,0,0,0,0
608,10.1333333333333,0,0,0,0
610,10.1666666666667,0,0,0,0
612,10.2,0,0,0,0
614,10.2333333333333,0,0,0,0
616,10.2666666666667,0,0,0,0
618,10.3,0,0,0,0
620,10.3333333333333,0,0,0,0
622,10.3666666666667,0,0,0,0
624,10.4,0,0,0,0
626,10.4333333333333,0,0,0,0
628,10.4666666666667,0,0,0,0
630,10.5,0,0,0,0
632,10.5333333333333,0,0,0,0
634,10.5666666666667,0,0,0,0
636,10.6,0,0,0,0
638,10.6333333333333,0,0,0,0
640,10.6666666666667,0,0,0,0
642,10.7,0,0,0,0
644,10.7333333333333,0,0,0,0
646,10.7666666666667,0,0,0,0
648,10.8,0,0,0,0
650,10.8333333333333,0,0,0,0
652,10.8666666666667,0,0,0,0
654,10.9,0,0,0,0
656,10.9333333333333,0,0,0,0
658,10.9666666666667,0,0,0,0
660,11,0,0,0,0
662,11.0333333333333,0,0,0,0
664,11.0666666666667,0,0,0,0
666,11.1,0,0,0,0
668,11.1333333333333,0,0,0,0
670,11.1666666666667,0,0,0,0
672,11.2,0,0,0,0
674,11.2333333333333,0,0,0,0
676,11.2666666666667,0,0,0,0
678,11.3,0,0,0,0
680,11.3333333333333,0,0,0,0
682,11.3666666666667,0,0,0,0
684,11.4,0,0,0,0
686,11.4333333333333,0,0,0,0
688,11.4666666666667,0,0,0,0
690,11.5,0,0,0,0
692,11.5333333333333,0,0,0,0
694,11.5666666666667,0,0,0,0
696,11.6,0,0,0,0
698,11.6333333333333,0,0,0,0
700,11.6666666666667,0,0,0,0
702,11.7,0,0,0,0
704,11.7333333333333,0,0,0,0
706,11.7666666666667,0,0,0,0
708,11.8,0,0,0,0
710,11.8333333333333,0,0,0,0
712,11.8666666666667,0,0,0,0
714,11.9,0,0,0,0
716,11.9333333333333,0,0,0,0
718,11.9666666666667,0,0,0,0
720,12,0,0,0,0
722,12.0333333333333,0,0,0,0
724,12.0666666666667,0,0,0,0
726,12.1,0,0,0,0
728,12.1333333333333,0,0,0,0
730,12.1666666666667,0,0,0,0
732,12.2,0,0,0,0
734,12.2333333333333,0,0,0,0
736,12.2666666666667,0,0,0,0
738,12.3,0,0,0,0
740,12.3333333333333,0,0,0,0
742,12.3666666666667,0,0,0,0
744,12.4,0,0,0,0
746,12.4333333333333,0,0,0,0
748,12.4666666666667,0,0,0,0
750,12.5,0,0,0,0
752,12.5333333333333,0,0,0,0
754,12.5666666666667,0,0,0,0
756,12.6,0,0,0,0
758,12.6333333333333,0,0,0,0
760,12.6666666666667,0,0,0,0
762,12.7,0,0,0,0
764,12.7333333333333,0,0,0,0
766,12.7666666666667,0,0,0,0
768,12.8,0,0,0,0
770,12.8333333333333,0,0,0,0
772,12.8666666666667,0,0,0,0
774,12.9,0,0,0,0
776,12.9333333333333,0,0,0,0
778,12.9666666666667,0,0,0,0
780,13,0,0,0,0
782,13.0333333333333,0,0,0,0
784,13.0666666666667,0,0,0,0
786,13.1,0,0,0,0
788,13.1333333333333,0,0,0,0
790,13.1666666666667,0,0,0,0
792,13.2,0,0,0,0
794,13.2333333333333,0,0,0,0
796,13.2666666666667,0,0,0,0
798,13.3,0,0,0,0
800,13.3333333333333,0,0,0,0
802,13.3666666666667,0,0,0,0
804,13.4,0,0,0,0
806,13.4333333333333,0,0,0,0
808,13.4666666666667,0,0,0,0
810,13.5,0,0,0,0
812,13.5333333333333,0,0,0,0
814,13.5666666666667,0,0,0,0
816,13.6,0,0,0,0
818,13.6333333333333,0,0,0,0
820,13.6666666666667,0,0,0,0
822,13.7,0,0,0,0
824,13.7333333333333,0,0,0,0
826,13.7666666666667,0,0,0,0
828,13.8,0,0,0,0
830,13.8333333333333,0,0,0,0
832,13.8666666666667,0,0,0,0
834,13.9,0,0,0,0
836,13.9333333333333,0,0,0,0
838,13.9666666666667,0,0,0,0
840,14,0,0,0,0
842,14.0333333333333,0,0,0,0
844,14.0666666666667,0,0,0,0
846,14.1,0,0,0,0
848,14.1333333333333,0,0,0,0
850,14.1666666666667,0,0,0,0
852,14.2,0,0,0,0
854,14.2333333333333,0,0,0,0
856,14.2666666666667,0,0,0,0
858,14.3,0,0,0,0
860,14.3333333333333,0,0,0,0
862,14.3666666666667,0,0,0,0
864,14.4,0,0,0,0
866,14.4333333333333,0,0,0,0
868,14.4666666666667,0,0,0,0
870,14.5,0,0,0,0
872,14.5333333333333,0,0,0,0
874,14.5666666666667,0,0,0,0
876,14.6,0,0,0,0
878,14.6333333333333,0,0,0,0
880,14.6666666666667,0,0,0,0
882,14.7,0,0,0,0
884,14.7333333333333,0,0,0,0
886,14.7666666666667,0,0,0,0
888,14.8,0,0,0,0
890,14.8333333333333,0,0,0,0
892,14.8666666666667,0,0,0,0
894,14.9,0,0,0,0
896,14.9333333333333,0,0,0,0
898,14.9666666666667,0,0,0,0
900,15,0,0,0,0
902,15.0333333333333,0,0,0,0
904,15.0666666666667,0,0,0,0
906,15.1,0,0,0,0
908,15.1333333333333,0,0,0,0
910,15.1666666666667,0,0,0,0
912,15.2,0,0,0,0
914,15.2333333333333,0,0,0,0
916,15.2666666666667,0,0,0,0
918,15.3,0,0,0,0
920,15.3333333333333,0,0,0,0
922,15.3666666666667,0,0,0,0
924,15.4,0,0,0,0
926,15.4333333333333,0,0,0,0
928,15.4666666666667,0,0,0,0
930,15.5,0,0,0,0
932,15.5333333333333,0,0,0,0
934,15.5666666666667,0,0,0,0
936,15.6,0,0,0,0
938,15.6333333333333,0,0,0,0
940,15.6666666666667,0,0,0,0
940.2,15.67,0,0,0,0
940.4,15.6733333333333,0,0,0,0
940.6,15.6766666666667,0,0,0,0
940.8,15.68,0,0,0,0
941,15.6833333333333,0,0,0,0
941.2,15.6866666666667,0,0,0,0
941.4,15.69,0,0,0,0
941.6,15.6933333333333,0,0,0,0
941.8,15.6966666666667,0,0,0,0
942,15.7,0,0,0,0
942.2,15.7033333333333,0,0,0,0
942.4,15.7066666666667,0,0,0,0
942.6,15.71,0,0,0,0
942.8,15.7133333333333,0,0,0,0
943,15.7166666666667,0,0,0,0
943.2,15.72,0,0,0,0
943.4,15.7233333333333,0,0,0,0
943.6,15.7266666666667,0,0,0,0
943.8,15.73,0,0,0,0
944,15.7333333333333,0,0,0,0
944.2,15.7366666666667,0,0,0,0
944.4,15.74,0,0,0,0
944.6,15.7433333333333,0,0,0,0
944.8,15.7466666666667,0,0,0,0
945,15.75,0,0,0,0
945.2,15.7533333333333,0,0,0,0
945.4,15.7566666666667,0,0,0,0
945.6,15.76,0,0,0,0
945.8,15.7633333333333,0,0,0,0
946,15.7666666666667,0,0,0,0
946.2,15.77,0,0,0,0
946.4,15.7733333333333,0,0,0,0
946.6,15.7766666666667,0,0,0,0
946.8,15.78,0,0,0,0
947,15.7833333333333,0,0,0,0
947.2,15.7866666666667,0,0,0,0
947.4,15.79,0,0,0,0
947.6,15.7933333333333,0,0,0,0
947.8,15.7966666666667,0,0,0,0
948,15.8,0,0,0,0
948.2,15.8033333333333,0,0,0,0
948.4,15.8066666666667,0,0,0,0
948.6,15.81,0,0,0,0
948.8,15.8133333333333,0,0,0,0
949,15.8166666666667,0,0,0,0
949.2,15.82,0,0,0,0
949.4,15.8233333333333,0,0,0,0
949.6,15.8266666666667,0,0,0,0
949.8,15.83,0,0,0,0
950,15.8333333333333,0,0,0,0
950.2,15.8366666666667,0,0,0,0
950.4,15.84,0,0,0,0
950.6,15.8433333333333,0,0,0,0
950.8,15.8466666666667,0,0,0,0
951,15.85,0,0,0,0
951.2,15.8533333333333,0,0,0,0
951.4,15.8566666666667,0,0,0,0
951.6,15.86,0,0,0,0
951.8,15.8633333333333,0,0,0,0
952,15.8666666666667,0,0,0,0
952.2,15.87,0,0,0,0
952.4,15.8733333333333,0,0,0,0
952.6,15.8766666666667,0,0,0,0
952.8,15.88,0,0,0,0
953,15.8833333333333,0,0,0,0
953.2,15.8866666666667,0,0,0,0
953.4,15.89,0,0,0,0
953.6,15.8933333333333,0,0,0,0
953.8,15.8966666666667,0,0,0,0
954,15.9,0,0,0,0
954.2,15.9033333333333,0,0,0,0
954.4,15.9066666666667,0,0,0,0
954.6,15.91,0,0,0,0
954.8,15.9133333333333,0,0,0,0
955,15.9166666666667,0,0,0,0
955.2,15.92,0,0,0,0
955.4,15.9233333333333,0,0,0,0
955.6,15.9266666666667,0,0,0,0
955.8,15.93,0,0,0,0
956,15.9333333333333,0,0,0,0
956.2,15.9366666666667,0,0,0,0
956.4,15.94,0,0,0,0
956.6,15.9433333333333,0,0,0,0
956.8,15.9466666666667,0,0,0,0
957,15.95,0,0,0,0
957.2,15.9533333333333,0,0,0,0
957.4,15.9566666666667,0,0,0,0
957.6,15.96,0,0,0,0
957.8,15.9633333333333,0,0,0,0
958,15.9666666666667,0,0,0,0
958.2,15.97,0,0,0,0
958.4,15.9733333333333,0,0,0,0
958.6,15.9766666666667,0,0,0,0
958.8,15.98,0,0,0,0
959,15.9833333333333,0,0,0,0
959.2,15.9866666666667,0,0,0,0
959.4,15.99,0,0,0,0
959.6,15.9933333333333,0,0,0,0
959.8,15.9966666666667,0,0,0,0
960,16,0,0,0,0
960.2,16.0033333333333,0,0,0,0
960.4,16.0066666666667,0,0,0,0
960.6,16.01,0,0,0,0
960.8,16.0133333333333,0,0,0,0
961,16.0166666666667,0,0,0,0
961.2,16.02,0,0,0,0
961.4,16.0233333333333,0,0,0,0
961.6,16.0266666666667,0,0,0,0
961.8,16.03,0,0,0,0
962,16.0333333333333,0,0,0,0
962.2,16.0366666666667,0,0,0,0
962.4,16.04,0,0,0,0
962.6,16.0433333333333,0,0,0,0
962.8,16.0466666666667,0,0,0,0
963,16.05,0,0,0,0
963.2,16.0533333333333,0,0,0,0
963.4,16.0566666666667,0,0,0,0
963.6,16.06,0,0,0,0
963.8,16.0633333333333,0,0,0,0
964,16.0666666666667,0,0,0,0
964.2,16.07,0,0,0,0
964.4,16.0733333333333,0,0,0,0
964.6,16.0766666666667,0,0,0,0
964.8,16.08,0,0,0,0
965,16.0833333333333,0,0,0,0
965.2,16.0866666666667,0,0,0,0
965.4,16.09,0,0,0,0
965.6,16.0933333333333,0,0,0,0
965.8,16.0966666666667,0,0,0,0
966,16.1,0,0,0,0
966.2,16.1033333333333,0,0,0,0
966.4,16.1066666666667,0,0,0,0
966.6,16.11,0,0,0,0
966.8,16.1133333333333,0,0,0,0
967,16.1166666666667,0,0,0,0
967.2,16.12,0,0,0,0
967.4,16.1233333333333,0,0,0,0
967.6,16.1266666666667,0,0,0,0
967.8,16.13,0,0,0,0
968,16.1333333333333,0,0,0,0
968.2,16.1366666666667,0,0,0,0
968.4,16.14,0,0,0,0
968.6,16.1433333333333,0,0,0,0
968.8,16.1466666666667,0,0,0,0
969,16.15,0,0,0,0
969.2,16.1533333333333,0,0,0,0
969.4,16.1566666666667,0,0,0,0
969.6,16.16,0,0,0,0
969.8,16.1633333333333,0,0,0,0
970,16.1666666666667,0,0,0,0
970.2,16.17,0,0,0,0
970.4,16.1733333333333,0,0,0,0
970.6,16.1766666666667,0,0,0,0
970.8,16.18,0,0,0,0
971,16.1833333333333,0,0,0,0
971.2,16.1866666666667,0,0,0,0
971.4,16.19,0,0,0,0
971.6,16.1933333333333,0,0,0,0
971.8,16.1966666666667,0,0,0,0
972,16.2,0,0,0,0
972.2,16.2033333333333,0,0,0,0
972.4,16.2066666666667,0,0,0,0
972.6,16.21,0,0,0,0
972.8,16.2133333333333,0,0,0,0
973,16.2166666666667,0,0,0,0
973.2,16.22,0,0,0,0
973.4,16.2233333333333,0,0,0,0
973.6,16.2266666666667,0,0,0,0
973.8,16.23,0,0,0,0
974,16.2333333333333,0,0,0,0
974.2,16.2366666666667,0,0,0,0
974.4,16.24,0,0,0,0
974.6,16.2433333333333,0,0,0,0
974.8,16.2466666666667,0,0,0,0
975,16.25,0,0,0,0
975.2,16.2533333333333,0,0,0,0
975.4,16.2566666666667,0,0,0,0
975.6,16.26,0,0,0,0
975.8,16.2633333333333,0,0,0,0
976,16.2666666666667,0,0,0,0
976.2,16.27,0,0,0,0
976.4,16.2733333333333,0,0,0,0
976.6,16.2766666666667,0,0,0,0
976.8,16.28,0,0,0,0
977,16.2833333333333,0,0,0,0
977.2,16.2866666666667,0,0,0,0
977.4,16.29,0,0,0,0
977.6,16.2933333333333,0,0,0,0
977.8,16.2966666666667,0,0,0,0
978,16.3,0,0,0,0
978.2,16.3033333333333,0,0,0,0
978.4,16.3066666666667,0,0,0,0
978.6,16.31,0,0,0,0
978.8,16.3133333333333,0,0,0,0
979,16.3166666666667,0,0,0,0
979.2,16.32,0,0,0,0
979.4,16.3233333333333,0,0,0,0
979.6,16.3266666666667,0,0,0,0
979.8,16.33,0,0,0,0
980,16.3333333333333,0,0,0,0
980.2,16.3366666666667,0,0,0,0
980.4,16.34,0,0,0,0
980.6,16.3433333333333,0,0,0,0
980.8,16.3466666666667,0,0,0,0
981,16.35,0,0,0,0
981.2,16.3533333333333,0,0,0,0
981.4,16.3566666666667,0,0,0,0
981.6,16.36,0,0,0,0
981.8,16.3633333333333,0,0,0,0
982,16.3666666666667,0,0,0,0
982.2,16.37,0,0,0,0
982.4,16.3733333333333,0,0,0,0
982.6,16.3766666666667,0,0,0,0
982.8,16.38,0,0,0,0
983,16.3833333333333,0,0,0,0
983.2,16.3866666666667,0,0,0,0
983.4,16.39,0,0,0,0
983.6,16.3933333333333,0,0,0,0
983.8,16.3966666666667,0,0,0,0
984,16.4,0,0,0,0
984.2,16.4033333333333,0,0,0,0
984.4,16.4066666666667,0,0,0,0
984.6,16.41,0,0,0,0
984.8,16.4133333333333,0,0,0,0
985,16.4166666666667,0,0,0,0
985.2,16.42,0,0,0,0
985.4,16.4233333333333,0,0,0,0
985.6,16.4266666666667,0,0,0,0
985.8,16.43,0,0,0,0
986,16.4333333333333,0,0,0,0
986.2,16.4366666666667,0,0,0,0
986.4,16.44,0,0,0,0
986.6,16.4433333333333,0,0,0,0
986.8,16.4466666666667,0,0,0,0
987,16.45,0,0,0,0
987.2,16.4533333333333,0,0,0,0
987.4,16.4566666666667,0,0,0,0
987.6,16.46,0,0,0,0
987.8,16.4633333333333,0,0,0,0
988,16.4666666666667,0,0,0,0
988.2,16.47,0,0,0,0
988.4,16.4733333333333,0,0,0,0
988.6,16.4766666666667,0,0,0,0
988.8,16.48,0,0,0,0
989,16.4833333333333,0,0,0,0
989.2,16.4866666666667,0,0,0,0
989.4,16.49,0,0,0,0
989.6,16.4933333333333,0,0,0,0
989.8,16.4966666666667,0,0,0,0
990,16.5,0,0,0,0
990.2,16.5033333333333,0,0,0,0
990.4,16.5066666666667,0,0,0,0
990.6,16.51,0,0,0,0
990.8,16.5133333333333,0,0,0,0
991,16.5166666666667,0,0,0,0
991.2,16.52,0,0,0,0
991.4,16.5233333333333,0,0,0,0
991.6,16.5266666666667,0,0,0,0
991.8,16.53,0,0,0,0
992,16.5333333333333,0,0,0,0
992.2,16.5366666666667,0,0,0,0
992.4,16.54,0,0,0,0
992.6,16.5433333333333,0,0,0,0
992.8,16.5466666666667,0,0,0,0
993,16.55,0,0,0,0
993.2,16.5533333333333,0,0,0,0
993.4,16.5566666666667,0,0,0,0
993.6,16.56,0,0,0,0
993.8,16.5633333333333,0,0,0,0
994,16.5666666666667,0,0,0,0
994.2,16.57,0,0,0,0
994.4,16.5733333333333,0,0,0,0
994.6,16.5766666666667,0,0,0,0
994.8,16.58,0,0,0,0
995,16.5833333333333,0,0,0,0
995.2,16.5866666666667,0,0,0,0
995.4,16.59,0,0,0,0
995.6,16.5933333333333,0,0,0,0
995.8,16.5966666666667,0,0,0,0
996,16.6,0,0,0,0
996.2,16.6033333333333,0,0,0,0
996.4,16.6066666666667,0,0,0,0
996.6,16.61,0,0,0,0
996.8,16.6133333333333,0,0,0,0
997,16.6166666666667,0,0,0,0
997.2,16.62,0,0,0,0
997.4,16.6233333333333,0,0,0,0
997.6,16.6266666666667,0,0,0,0
997.8,16.63,0,0,0,0
998,16.6333333333333,0,0,0,0
998.2,16.6366666666667,0,0,0,0
998.4,16.64,0,0,0,0
998.6,16.6433333333333,0,0,0,0
998.8,16.6466666666667,0,0,0,0
999,16.65,0,0,0,0
999.2,16.6533333333333,0,0,0,0
999.4,16.6566666666667,0,0,0,0
999.6,16.66,0,0,0,0
999.8,16.6633333333333,0,0,0,0
1000,16.6666666666667,0,0,0,0
1000.2,16.67,0.0147018370693978,0,0,0
1000.4,16.6733333333333,0.0533722072193789,9.69096404420425e-05,4.84474693024866e-05,0.000145408566174272
1000.6,16.6766666666667,0.0895979578495207,0.000347449711669518,0.000173642478162599,0.000521669183735063
1000.8,16.68,0.120531800005481,0.000736771665121765,0.000368085564253639,0.00110696172008028
1001,16.6833333333333,0.146603460256149,0.00124352025144867,0.000621033050231889,0.00186965249587968
1001.2,16.6866666666667,0.168569544923968,0.00184866862051779,0.000922916166384488,0.00278153731903205
1001.4,16.69,0.187110226315933,0.00253622019593443,0.00126569061949805,0.0038189023183928
1001.6,16.6933333333333,0.20279418299333,0.00329283191632902,0.00164264670191285,0.00496196771320937
1001.8,16.6966666666667,0.216092464578142,0.00410737166074561,0.0020481867042474,0.00619423161547772
1002,16.7,0.227395549829427,0.00497053890605965,0.00247763416329996,0.00750190738787894
1002.2,16.7033333333333,0.23702782190891,0.00587455240170196,0.00292707680373247,0.00887346043558933
1002.4,16.7066666666667,0.245259310741934,0.00681289379759606,0.00339323760859195,0.010299228030019
1002.6,16.71,0.252315198122991,0.00778009661050241,0.00387336868409669,0.0117711064026604
1002.8,16.7133333333333,0.258383546911023,0.00877157193618774,0.00436516360038571,0.0132822923500779
1003,16.7166666666667,0.26362161769824,0.0097834640855865,0.00486668477945035,0.0148270692226973
1003.2,16.72,0.268161054127122,0.0108125307084251,0.0053763031974134,0.0164006292285468
1003.4,16.7233333333333,0.272112155711742,0.0118560430411908,0.00589264820765793,0.0179989255776833
1003.6,16.7266666666667,0.275567410115788,0.0129117027539685,0.00641456571224448,0.0196185492370108
1003.8,16.73,0.278604421217681,0.0139775725305137,0.00694108324069125,0.0212566260448553
1004,16.7333333333333,0.281288341931808,0.0150520180403298,0.00747138075878555,0.0229107307130347
1004.2,16.7366666666667,0.283673899508579,0.0161336593814924,0.008004766241224,0.0245788148673947
1004.4,16.74,0.285807084373903,0.0172213304117306,0.00854065521219885,0.0262591467804032
1004.6,16.7433333333333,0.287726560383746,0.0183140446600845,0.0090785535962265,0.027950260857056
1004.8,16.7466666666667,0.289464843852576,0.0194109667356078,0.00961804333422736,0.0296509152678
1005,16.75,0.291049290265929,0.0205113883332443,0.010158770312226,0.0313600563945448
1005.2,16.7533333333333,0.29250292075746,0.0216147080880034,0.0107004342259807,0.0330767889797378
1005.4,16.7566666666667,0.293845114879211,0.0227204146532343,0.0112427800675542,0.0348003510533201
1005.6,16.76,0.295092191659195,0.0238280724819174,0.0117855909717017,0.0365300928652639
1005.8,16.7633333333333,0.296257897221007,0.0249373098754646,0.0123286822029979,0.0382654591782417
1006,16.7666666666667,0.297353814178314,0.0260478089356816,0.0128718961004142,0.0400059743804642
1006.2,16.77,0.298389705488472,0.02715929711476,0.0134150978258475,0.0417512299664928
1006.4,16.7733333333333,0.299373803355765,0.0282715401076238,0.0139581717879774,0.0435008740071346
1006.6,16.7766666666667,0.300313052036901,0.0293843358722118,0.0145010186335838,0.0452546022906746
1006.8,16.78,0.301213311956113,0.0304975095977912,0.0150435527158182,0.047012150868851
1007,16.7833333333333,0.302079531333183,0.0316109094703081,0.0155856999634666,0.0487732897838262
1007.2,16.7866666666667,0.302915890523133,0.032724403107945,0.0161273960873977,0.0505378177882111
1007.4,16.79,0.303725923427192,0.03383787456037,0.0166685850706081,0.0523055579003117
1007.6,16.7933333333333,0.304512619632878,0.0349512217821543,0.017209217896828,0.0540763536619426
1007.8,16.7966666666667,0.305278510353641,0.0360643545051088,0.0177492514798285,0.0558500659873059
1008,16.8,0.306025740746502,0.0371771924462976,0.0182886477616132,0.0576265705092259
1008.2,16.8033333333333,0.306756130773608,0.0382896637985158,0.0188273729527245,0.0594057553438928
1008.4,16.8066666666667,0.307471226427742,0.0394017039585107,0.0193653968921634,0.0611875192078503
1008.6,16.81,0.308172342851494,0.0405132544553064,0.0199026925079878,0.0629717698314575
1008.8,16.8133333333333,0.308860600636089,0.0416242620469685,0.0204392353626572,0.0647584226219054
1009,16.8166666666667,0.30953695638122,0.0427346779591857,0.020975003269732,0.0665473995363438
1009.2,16.82,0.310202228425292,0.0438444572432338,0.021509975970638,0.0683386281318769
1009.4,16.8233333333333,0.310857118510964,0.0449535582344754,0.0220441348620164,0.070132040764501
1009.6,16.8266666666667,0.311502230029497,0.0460619420955113,0.0225774627656652,0.0719275739134522
1009.8,16.83,0.312138083385253,0.047169572430614,0.0231099437343483,0.0737251676111515
1010,16.8333333333333,0.312765128935902,0.0482764149602099,0.023641562887819,0.0755247649621071
1010.2,16.8366666666667,0.313383757891653,0.049382437245921,0.0241723062742839,0.0773263117367102
1010.4,16.84,0.313994311496132,0.0504876084582095,0.0247021607533041,0.0791297560281387
1010.6,16.8433333333333,0.314597088760423,0.0515918991799053,0.0252311138967539,0.0809350479624113
1010.8,16.8466666666667,0.315192352978829,0.0526952812399595,0.0257591539049885,0.0827421394532082
1011,16.85,0.315780337218744,0.0537977275726781,0.0262862695358355,0.0845509839944324
1011.2,16.8533333333333,0.316361248946587,0.0548992120984112,0.0268124500443837,0.0863615364845418
1011.4,16.8566666666667,0.316935273926158,0.0559997096223369,0.0273376851318787,0.0881737530776786
1011.6,16.86,0.317502579504218,0.0570991957484908,0.0278619649022919,0.0899875910573724
1011.8,16.8633333333333,0.318063317379946,0.0581976468066421,0.0283852798253558,0.0918030087292609
1012,16.8666666666667,0.31861762593967,0.0592950397900138,0.0289076207050581,0.0936199653298653
1012.2,16.87,0.319165632225409,0.0603913523021301,0.0294289786527311,0.0954384209488749
1012.4,16.8733333333333,0.319707453594941,0.0614865625113767,0.0299493450640239,0.0972583364628433
1012.6,16.8766666666667,0.320243199122004,0.0625806491120608,0.0304687115991475,0.0990796734785043
1012.8,16.88,0.320772970777566,0.0636735912909506,0.0309870701658805,0.10090239428419
1013,16.8833333333333,0.321296864426642,0.064765368698453,0.0315044129049097,0.102726461808109
1013.2,16.8866666666667,0.321814970669701,0.0658559614236911,0.0320207321771364,0.10455183958239
1013.4,16.89,0.322327375553112,0.0669453499728888,0.032536020552649,0.106378491712013
1013.6,16.8933333333333,0.322834161169253,0.0680335152505451,0.0330502708011016,0.108206382847857
1013.8,16.8966666666667,0.323335406163613,0.0691204385429599,0.0335634758832784,0.110035478163224
1014,16.9,0.323831186163539,0.0702061015037642,0.0340756289436689,0.111865743333318
1014.2,16.9033333333333,0.324321574140919,0.0712904861411287,0.0345867233038907,0.113697144517201
1014.4,16.9066666666667,0.324806640719187,0.0723735748064088,0.0350967524568361,0.115529648341856
1014.6,16.91,0.325286454433409,0.0734553501840017,0.0356057100614326,0.117363221888052
1014.8,16.9133333333333,0.325761081950788,0.0745357952822261,0.0361135899379191,0.11919783267769
1015,16.9166666666667,0.32623058825782,0.0756148934250849,0.0366203860635693,0.121033448662466
1015.2,16.92,0.326695036819314,0.0766926282447626,0.0371260925687865,0.122870038213595
1015.4,16.9233333333333,0.327154489713698,0.0777689836747614,0.037630703733523,0.12470757011248
1015.6,16.9266666666667,0.327609007748312,0.0788439439435786,0.0381342139839731,0.126546013542172
1015.8,16.93,0.328058650557822,0.0799174935688397,0.0386366178894982,0.128385338079483
1016,16.9333333333333,0.328503476688401,0.0809896173518365,0.0391379101597579,0.130225513687704
1016.2,16.9366666666667,0.328943543669884,0.0820603003723973,0.0396380856420098,0.132066510709791
1016.4,16.94,0.329378908077785,0.083129527984055,0.040137139318562,0.133908299861988
1016.6,16.9433333333333,0.329809625586751,0.08419728580947,0.0406350663043556,0.135750852227819
1016.8,16.9466666666667,0.330235751016774,0.0852635597360663,0.0411318618446565,0.137594139252379
1017,16.95,0.330657338373306,0.0863283359118677,0.0416275213128498,0.139438132736914
1017.2,16.9533333333333,0.331074440882196,0.087391600741493,0.042122040208317,0.141282804833634
1017.4,16.9566666666667,0.331487111020266,0.0884533408823042,0.0426154141543911,0.143128128040725
1017.6,16.96,0.331895400542195,0.0895135432406842,0.0431076388963796,0.144974075197564
1017.8,16.9633333333333,0.332299360504263,0.0905721949684246,0.0435987102996445,0.146820619480072
1018,16.9666666666667,0.332699041285459,0.0916292834592247,0.0440886243477402,0.148667734396228
1018.2,16.97,0.333094492606334,0.0926847963452744,0.0445773771405958,0.150515393781699
1018.4,16.9733333333333,0.333485763545947,0.0937387214939268,0.0450649648927439,0.152363571795588
1018.6,16.9766666666667,0.333872902557193,0.0947910470044466,0.0455513839315898,0.154212242916294
1018.8,16.98,0.334255957480755,0.0958417612048223,0.0460366306957146,0.156061381937446
1019,16.9833333333333,0.334634975557874,0.0968908526486511,0.046520701733216,0.157910963963947
1019.2,16.9866666666667,0.335010003442125,0.0979383101120747,0.0470035937000779,0.159760964408077
1019.4,16.99,0.335381087210331,0.0989841225907762,0.0474853033585706,0.161611358985681
1019.6,16.9933333333333,0.335748272372748,0.100028279297028,0.0479658275756805,0.163462123712419
1019.8,16.9966666666667,0.336111603882613,0.101070769656786,0.0484451633215621,0.165313234900086
1020,17,0.336471126145154,0.102111583306833,0.0489233076680197,0.167164669152984
1020.2,17.0033333333333,0.33682688302613,0.103150710091962,0.0494002577870089,0.169016403364357
1020.4,17.0066666666667,0.337178917859958,0.104188140062209,0.049876010949163,0.17086841471288
1020.6,17.01,0.3375272734575,0.105223863470119,0.0503505645223423,0.172720680659198
1020.8,17.0133333333333,0.337871992113522,0.106257870768056,0.0508239159702012,0.17457317894251
1021,17.0166666666667,0.338213115613899,0.107290152605544,0.0512960628507799,0.176425887577214
1021.2,17.02,0.338550685242565,0.108320699826655,0.0517670028151123,0.178278784849581
1021.4,17.0233333333333,0.338884741788264,0.10934950346742,0.0522367336058557,0.180131849314489
1021.6,17.0266666666667,0.339215325551097,0.110376554753287,0.0527052530559392,0.181985059792192
1021.8,17.03,0.339542476348913,0.111401845096602,0.0531725590872282,0.183838395365131
1022,17.0333333333333,0.339866233523535,0.11242536609413,0.0536386497092106,0.185691835374794
1022.2,17.0366666666667,0.34018663594685,0.113447109524604,0.054103523017697,0.187545359418602
1022.4,17.04,0.340503722026774,0.114467067346306,0.0545671771935403,0.189398947346851
1022.6,17.0433333333333,0.340817529713096,0.115485231694686,0.0550296105013728,0.191252579259684
1022.8,17.0466666666667,0.341128096503213,0.116501594879999,0.0554908212883569,0.193106235504095
1023,17.05,0.341435459447765,0.11751614938498,0.0559508079829568,0.194959896670989
1023.2,17.0533333333333,0.341739655156174,0.11852888786255,0.0564095690937213,0.196813543592253
1023.4,17.0566666666667,0.342040719802094,0.119539803133542,0.0568671032080865,0.198667157337886
1023.6,17.06,0.342338689128778,0.12054888818447,0.0573234089911926,0.200520719213153
1023.8,17.0633333333333,0.342633598454357,0.121556136165306,0.057778485184715,0.202374210755774
1024,17.0666666666667,0.342925482677052,0.122561540387307,0.0582323306057131,0.204227613733153
1024.2,17.07,0.343214376280308,0.123565094320852,0.0586849441454914,0.206080910139632
1024.4,17.0733333333333,0.34350031333785,0.12456679159331,0.0591363247684774,0.207934082193787
1024.6,17.0766666666667,0.343783327518681,0.125566625986945,0.0595864715111126,0.209787112335754
1024.8,17.08,0.344063452092005,0.126564591436832,0.0600353834807604,0.211639983224588
1025,17.0833333333333,0.344340719932093,0.127560682028809,0.0604830598546235,0.213492677735651
1025.2,17.0866666666667,0.344615163523074,0.128554891997449,0.0609294998786803,0.215345178958032
1025.4,17.09,0.344886814963677,0.129547215724061,0.0613747028666322,0.217197470192006
1025.6,17.0933333333333,0.345155705971906,0.130537647734715,0.0618186681988647,0.219049534946511
1025.8,17.0966666666667,0.345421867889656,0.131526182698289,0.0622613953214249,0.220901356936674
1026,17.1,0.345685331687273,0.132512815424546,0.0627028837450067,0.222752920081341
1026.2,17.1033333333333,0.345946127968057,0.133497540862224,0.0631431330439544,0.22460420850066
1026.4,17.1066666666667,0.346204286972707,0.134480354097165,0.0635821428552769,0.226455206513686
1026.6,17.11,0.346459838583715,0.135461250350451,0.0640199128776742,0.228305898636006
1026.8,17.1133333333333,0.346712812329703,0.136440224976581,0.0644564428705797,0.230156269577412
1027,17.1166666666667,0.346963237389706,0.13741727346165,0.0648917326532093,0.232006304239579
1027.2,17.12,0.347211142597409,0.138392391421571,0.0653257821036284,0.233855987713788
1027.4,17.1233333333333,0.347456556445321,0.139365574600302,0.0657585911578284,0.235705305278672
1027.6,17.1266666666667,0.347699507088911,0.140336818868106,0.0661901598088147,0.237554242397982
1027.8,17.13,0.347940022350684,0.141306120219834,0.0666204881057101,0.239402784718401
1028,17.1333333333333,0.348178129724212,0.142273474773215,0.0670495761528636,0.241250918067351
1028.2,17.1366666666667,0.348413856378114,0.143238878767185,0.0674774241089773,0.243098628450859
1028.4,17.14,0.348647229159993,0.144202328560223,0.0679040321862408,0.244945902051428
1028.6,17.1433333333333,0.348878274600314,0.145163820628717,0.0683294006494778,0.246792725225942
1028.8,17.1466666666667,0.349107018916248,0.146123351565349,0.0687535298153061,0.248639084503604
1029,17.15,0.349333488015462,0.147080918077491,0.0691764200513034,0.250484966583875
1029.2,17.1533333333333,0.349557707499864,0.148036516985634,0.0695980717751891,0.252330358334461
1029.4,17.1566666666667,0.349779702669302,0.148990145221827,0.0700184854540148,0.254175246789318
1029.6,17.16,0.349999498525223,0.149941799828139,0.0704376616033646,0.256019619146674
1029.8,17.1633333333333,0.350217119774281,0.150891477955145,0.0708556007865687,0.257863462767089
1030,17.1666666666667,0.350432590831907,0.151839176860419,0.0712723036139227,0.259706765171518
1030.2,17.17,0.350645935825831,0.152784893907057,0.0716877707419218,0.261549514039418
1030.4,17.1733333333333,0.350857178599565,0.153728626562213,0.0721020028725024,0.263391697206864
1030.6,17.1766666666667,0.351066342715842,0.154670372395655,0.0725150007522939,0.265233302664695
1030.8,17.18,0.351273451460015,0.155610129078339,0.0729267651718831,0.267074318556684
1031,17.1833333333333,0.35147852784341,0.156547894380999,0.0733372969650827,0.268914733177718
1031.2,17.1866666666667,0.351681594606646,0.157483666172756,0.0737465970082148,0.270754534972013
1031.4,17.19,0.351882674222909,0.158417442419744,0.0741546662194014,0.272593712531345
1031.6,17.1933333333333,0.352081788901187,0.159349221183755,0.0745615055578643,0.274432254593301
1031.8,17.1966666666667,0.352278960589467,0.160279000620902,0.074967116023236,0.276270150039565
1032,17.2,0.352474210977896,0.161206778980289,0.075371498654876,0.278107387894192
1032.2,17.2033333333333,0.352667561501894,0.162132554602711,0.0757746545312002,0.279943957321942
1032.4,17.2066666666667,0.352859033345242,0.163056325919359,0.076176584769017,0.281779847626606
1032.6,17.21,0.353048647443122,0.163978091450551,0.0765772905228717,0.283615048249366
1032.8,17.2133333333333,0.353236424485129,0.164897849804474,0.0769767729844032,0.285449548767175
1033,17.2166666666667,0.353422384918235,0.165815599675938,0.077375033381703,0.287283338891142
1033.2,17.22,0.353606548949728,0.166731339845152,0.0777720729786887,0.289116408464955
1033.4,17.2233333333333,0.353788936550112,0.167645069176514,0.0781678930744826,0.290948747463313
1033.6,17.2266666666667,0.353969567455966,0.168556786617411,0.078562495002799,0.292780345990376
1033.8,17.23,0.354148461172776,0.169466491197044,0.0789558801313418,0.294611194278248
1034,17.2333333333333,0.35432563697773,0.170374182025257,0.0793480498612057,0.29644128268545
1034.2,17.2366666666667,0.354501113922475,0.171279858291386,0.0797390056262899,0.29827060169544
1034.4,17.24,0.354674910835847,0.172183519263127,0.0801287488927168,0.300099141915137
1034.6,17.2433333333333,0.354847046326562,0.173085164285403,0.0805172811582599,0.301926894073461
1034.8,17.2466666666667,0.35501753878588,0.173984792779269,0.0809046039517796,0.303753849019904
1035,17.25,0.355186406390229,0.174882404240805,0.0812907188326639,0.305579997723098
1035.2,17.2533333333333,0.355353667103804,0.175777998240041,0.0816756273902799,0.307405331269417
1035.4,17.2566666666667,0.355519338681131,0.17667157441989,0.082059331243431,0.30922984086159
1035.6,17.26,0.355683438669601,0.177563132495088,0.082441832039821,0.311053517817329
1035.8,17.2633333333333,0.355845984411971,0.178452672251166,0.0828231314555277,0.312876353567979
1036,17.2666666666667,0.356006993048836,0.179340193543406,0.0832032311944798,0.314698339657174
1036.2,17.27,0.356166481521071,0.180225696295839,0.083582132987944,0.316519467739522
1036.4,17.2733333333333,0.356324466572246,0.181109180500237,0.0839598385940177,0.318339729579298
1036.6,17.2766666666667,0.356480964751002,0.181990646215124,0.0843363497971287,0.320159117049148
1036.8,17.28,0.356635992413411,0.182870093564804,0.0847116684075429,0.32197762212883
1037,17.2833333333333,0.356789565725296,0.183747522738391,0.0850857962608752,0.323795236903939
1037.2,17.2866666666667,0.35694170066453,0.184622933988856,0.0854587352176109,0.325611953564673
1037.4,17.29,0.357092413023303,0.185496327632091,0.0858304871626312,0.3274277644046
1037.6,17.2933333333333,0.357241718410362,0.186367704045978,0.0862010540047461,0.329242661819444
1037.8,17.2966666666667,0.357389632253227,0.187237063669476,0.0865704376762344,0.331056638305897
1038,17.3,0.357536169800373,0.188104407001706,0.0869386401323866,0.332869686460415
1038.2,17.3033333333333,0.357681346123392,0.188969734601067,0.0873056633510583,0.334681798978063
1038.4,17.3066666666667,0.357825176119126,0.189833047084351,0.0876715093322265,0.336492968651349
1038.6,17.31,0.357967674511772,0.190694345125868,0.0880361800975538,0.338303188369089
1038.8,17.3133333333333,0.358108855854967,0.19155362945659,0.0883996776899584,0.340112451115275
1039,17.3166666666667,0.358248734533838,0.192410900863299,0.0887620041731875,0.341920749967959
1039.2,17.32,0.358387324767037,0.193266160187748,0.0891231616314002,0.34372807809815
1039.4,17.3233333333333,0.358524640608747,0.194119408325835,0.0894831521687535,0.345534428768731
1039.6,17.3266666666667,0.358660695950659,0.194970646226781,0.0898419779089947,0.347339795333374
1039.8,17.33,0.358795504523932,0.195819874892332,0.0901996409950605,0.349144171235492
1040,17.3333333333333,0.358929079901127,0.196667095375947,0.0905561435886792,0.350947550007174
1040.2,17.3366666666667,0.359061435498114,0.197512308782026,0.0909114878699799,0.352749925268157
1040.4,17.34,0.359192584575958,0.198355516265123,0.0912656760371078,0.354551290724799
1040.6,17.3433333333333,0.359322540242782,0.199196719029182,0.0916187103058424,0.356351640169064
1040.8,17.3466666666667,0.359451315455611,0.200035918326781,0.0919705929092246,0.358150967477529
1041,17.35,0.359578923022183,0.200873115458382,0.0923213260971841,0.359949266610388
1041.2,17.3533333333333,0.359705375602749,0.201708311771592,0.0926709121361761,0.361746531610477
1041.4,17.3566666666667,0.359830685711844,0.202541508660437,0.0930193533088213,0.363542756602313
1041.6,17.36,0.359954865720041,0.203372707564638,0.0933666519135504,0.365337935791139
1041.8,17.3633333333333,0.360077927855677,0.204201909968906,0.0937128102642557,0.367132063461983
1042,17.3666666666667,0.360199884206568,0.205029117402233,0.0940578306899439,0.368925133978725
1042.2,17.37,0.36032074672169,0.205854331437205,0.0944017155343973,0.37071714178318
1042.4,17.3733333333333,0.360440527212853,0.206677553689318,0.0947444671558375,0.37250808139419
1042.6,17.3766666666667,0.360559237356343,0.207498785816296,0.0950860879265944,0.374297947406722
1042.8,17.38,0.360676888694551,0.208318029517436,0.0954265802327813,0.376086734490996
1043,17.3833333333333,0.36079349263758,0.209135286532938,0.0957659464739708,0.377874437391587
1043.2,17.3866666666667,0.360909060464832,0.209950558643263,0.096104189062879,0.379661050926576
1043.4,17.39,0.361023603326574,0.210763847668487,0.0964413104250522,0.38144656998669
1043.6,17.3933333333333,0.361137132245488,0.211575155467671,0.0967773129985582,0.383230989534453
1043.8,17.3966666666667,0.361249658118201,0.212384483938235,0.0971121992336835,0.385014304603364
1044,17.4,0.361361191716796,0.213191835015338,0.0974459715926311,0.386796510297055
1044.2,17.4033333333333,0.361471743690302,0.213997210671272,0.0977786325492263,0.388577601788486
1044.4,17.4066666666667,0.361581324566169,0.214800612914856,0.0981101845886247,0.39035757431914
1044.6,17.41,0.361689944751727,0.215602043790847,0.0984406302070248,0.392136423198223
1044.8,17.4133333333333,0.36179761453562,0.216401505379353,0.0987699719113852,0.393914143801886
1045,17.4166666666667,0.361904344089226,0.21719899979525,0.099098212219144,0.395690731572435
1045.2,17.42,0.362010143468065,0.217994529187614,0.0994253536579439,0.397466182017577
1045.4,17.4233333333333,0.362115022613182,0.218788095739153,0.0997513987653609,0.399240490709653
1045.6,17.4266666666667,0.362218991352512,0.219579701665656,0.100076350088636,0.401013653284892
1045.8,17.43,0.362322059402242,0.220369349215441,0.100400210184412,0.402785665442673
1046,17.4333333333333,0.362424236368136,0.221157040668806,0.100722981618473,0.404556522944788
1046.2,17.4366666666667,0.36252553174686,0.221942778337501,0.101044666965488,0.406326221614724
1046.4,17.44,0.362625954927285,0.222726564564197,0.101365268808757,0.408094757336946
1046.6,17.4433333333333,0.362725515191771,0.22350840172196,0.101684789739962,0.40986212605619
1046.8,17.4466666666667,0.362824221717443,0.224288292213741,0.102003232358925,0.411628323776776
1047,17.45,0.362922083577443,0.225066238471862,0.10232059927336,0.413393346561903
1047.2,17.4533333333333,0.363019109742169,0.225842242957518,0.10263689309864,0.41515719053298
1047.4,17.4566666666667,0.363115309080506,0.226616308160276,0.102952116457554,0.41691985186895
1047.6,17.46,0.363210690361032,0.227388436597589,0.103266271980086,0.418681326805622
1047.8,17.4633333333333,0.363305262253214,0.228158630814315,0.103579362303177,0.420441611635024
1048,17.4666666666667,0.363399033328588,0.228926893382233,0.103891390070503,0.422200702704742
1048.2,17.47,0.363492012061926,0.229693226899578,0.104202357932255,0.423958596417285
1048.4,17.4733333333333,0.363584206832391,0.230457633990573,0.104512268544918,0.425715289229452
1048.6,17.4766666666667,0.36367562592467,0.23122011730497,0.104821124571055,0.427470777651703
1048.8,17.48,0.363766277530099,0.2319806795176,0.105128928679097,0.429225058247546
1049,17.4833333333333,0.363856169747776,0.232739323327924,0.105435683543131,0.430978127632917
1049.2,17.4866666666667,0.363945310585655,0.233496051459588,0.105741391842693,0.432729982475582
1049.4,17.49,0.36403370796163,0.234250866659995,0.106046056262569,0.434480619494538
1049.6,17.4933333333333,0.364121369704605,0.235003771699866,0.10634967949259,0.436230035459424
1049.8,17.4966666666667,0.364208303555552,0.235754769372826,0.10665226422744,0.437978227189942
1050,17.5,0.364294517168551,0.236503862494973,0.106953813166452,0.43972519155527
1050.2,17.5033333333333,0.364380018111827,0.237251053904473,0.107254329013427,0.441470925473506
1050.4,17.5066666666667,0.364464813868761,0.237996346461148,0.10755381447644,0.443215425911095
1050.6,17.51,0.364548911838904,0.238739743046075,0.10785227226765,0.444958689882278
1050.8,17.5133333333333,0.364632319338966,0.239481246561189,0.108149705103128,0.446700714448549
1051,17.5166666666667,0.364715043603799,0.240220859928884,0.108446115702663,0.448441496718097
1051.2,17.52,0.364797091787365,0.240958586091632,0.108741506789593,0.450181033845285
1051.4,17.5233333333333,0.364878470963696,0.2416944280116,0.109035881090628,0.45191932303011
1051.6,17.5266666666667,0.364959188127838,0.242428388670269,0.109329241335675,0.453656361517683
1051.8,17.53,0.365039250196789,0.243160471068064,0.109621590257669,0.455392146597718
1052,17.5333333333333,0.365118664010416,0.243890678223985,0.109912930592407,0.457126675604005
1052.2,17.5366666666667,0.365197436332373,0.244619013175244,0.11020326507838,0.45885994591392
1052.4,17.54,0.365275573850998,0.245345478976908,0.110492596456614,0.460591954947916
1052.6,17.5433333333333,0.365353083180202,0.246070078701542,0.110780927470505,0.462322700169034
1052.8,17.5466666666667,0.365429970860352,0.246792815438866,0.111068260865667,0.464052179082418
1053,17.55,0.365506243359134,0.247513692295405,0.111354599389773,0.465780389234823
1053.2,17.5533333333333,0.365581907072414,0.248232712394149,0.111639945792401,0.46750732821415
1053.4,17.5566666666667,0.365656968325083,0.24894987887422,0.111924302824886,0.469232993648966
1053.6,17.56,0.365731433371894,0.249665194890542,0.112207673240172,0.470957383208045
1053.8,17.5633333333333,0.365805308398289,0.25037866361351,0.112490059792664,0.47268049459991
1054,17.5666666666667,0.365878599521213,0.25109028822867,0.112771465238082,0.47440232557237
1054.2,17.57,0.365951312789926,0.2518000719364,0.113051892333324,0.476122873912079
1054.4,17.5733333333333,0.366023454186792,0.252508017951597,0.113331343836326,0.47784213744409
1054.6,17.5766666666667,0.366095029628072,0.253214129503362,0.113609822505919,0.479560114031412
1054.8,17.58,0.366166044964696,0.253918409834703,0.1138873311017,0.481276801574588
1055,17.5833333333333,0.366236505983036,0.254620862202225,0.114163872383897,0.482992198011254
1055.2,17.5866666666667,0.36630641840566,0.255321489875834,0.114439449113236,0.484706301315724
1055.4,17.59,0.366375787892083,0.256020296138444,0.114714064050813,0.486419109498567
1055.6,17.5933333333333,0.366444620039508,0.256717284285687,0.114987719957968,0.488130620606196
1055.8,17.5966666666667,0.366512920383554,0.257412457625625,0.115260419596159,0.489840832720464
1056,17.6,0.36658069439898,0.258105819478469,0.115532165726838,0.49154974395825
1056.2,17.6033333333333,0.366647947500399,0.258797373176298,0.115802961111331,0.493257352471067
1056.4,17.6066666666667,0.366714685042981,0.259487122062786,0.11607280851072,0.494963656444667
1056.6,17.61,0.366780912323149,0.260175069492926,0.116341710685721,0.496668654098647
1056.8,17.6133333333333,0.366846634579266,0.260861218832771,0.116609670396573,0.498372343686076
1057,17.6166666666667,0.366911856992319,0.26154557345916,0.116876690402924,0.500074723493096
1057.2,17.62,0.366976584686582,0.262228136759459,0.117142773463713,0.501775791838559
1057.4,17.6233333333333,0.367040822730284,0.262908912131308,0.117407922337069,0.503475547073652
1057.6,17.6266666666667,0.367104576136262,0.263587902982361,0.117672139780197,0.505173987581526
1057.8,17.63,0.367167849862609,0.264265112730044,0.117935428549271,0.506871111776941
1058,17.6333333333333,0.367230648813312,0.264940544801294,0.118197791399332,0.508566918105897
1058.2,17.6366666666667,0.36729297783888,0.265614202632327,0.118459231084181,0.510261405045285
1058.4,17.64,0.367354841736974,0.266286089668393,0.118719750356283,0.511954571102534
1058.6,17.6433333333333,0.367416245253017,0.266956209363534,0.118979351966661,0.513646414815266
1058.8,17.6466666666667,0.367477193080805,0.267624565180358,0.119238038664801,0.515336934750955
1059,17.65,0.367537689863106,0.2682911605898,0.119495813198556,0.517026129506585
1059.2,17.6533333333333,0.367597740192256,0.268955999070897,0.119752678314047,0.518713997708313
1059.4,17.6566666666667,0.367657348610745,0.269619084110563,0.120008636755574,0.520400538011146
1059.6,17.66,0.367716519611794,0.270280419203365,0.120263691265522,0.522085749098606
1059.8,17.6633333333333,0.36777525763993,0.270940007851306,0.120517844584269,0.523769629682416
1060,17.6666666666667,0.367833567091551,0.271597853563607,0.1207710994501,0.525452178502169
1060.2,17.67,0.367891452315481,0.272253959856492,0.121023458599117,0.527133394325022
1060.4,17.6733333333333,0.367948917613528,0.272908330252983,0.121274924765154,0.528813275945379
1060.6,17.6766666666667,0.368005967241022,0.273560968282685,0.121525500679692,0.530491822184581
1060.8,17.68,0.368062605407359,0.274211877481587,0.121775189071779,0.532169031890611
1061,17.6833333333333,0.36811883627653,0.274861061391856,0.12202399266794,0.533844903937779
1061.2,17.6866666666667,0.368174663967649,0.275508523561641,0.122271914192106,0.535519437226434
1061.4,17.69,0.368230092555466,0.27615426754487,0.122518956365531,0.537192630682664
1061.6,17.6933333333333,0.368285126070888,0.276798296901064,0.122765121906712,0.538864483258006
1061.8,17.6966666666667,0.36833976850148,0.277440615195141,0.123010413531315,0.540534993929165
1062,17.7,0.368394023791968,0.278081225997226,0.123254833952103,0.54220416169772
1062.2,17.7033333333333,0.368447895844731,0.278720132882467,0.123498385878856,0.543871985589845
1062.4,17.7066666666667,0.368501388520291,0.279357339430851,0.123741072018302,0.545538464656038
1062.6,17.71,0.368554505637798,0.27999284922702,0.123982895074047,0.547203597970835
1062.8,17.7133333333333,0.3686072509755,0.280626665860098,0.124223857746502,0.548867384632552
1063,17.7166666666667,0.368659628271222,0.281258792923507,0.124463962732817,0.550529823763006
1063.2,17.72,0.368711641222825,0.281889234014799,0.124703212726812,0.552190914507252
1063.4,17.7233333333333,0.368763293488668,0.282517992735482,0.12494161041891,0.553850656033324
1063.6,17.7266666666667,0.368814588688062,0.28314507269085,0.125179158496075,0.555509047531969
1063.8,17.73,0.368865530401719,0.283770477489818,0.125415859641743,0.557166088216406
1064,17.7333333333333,0.368916122172195,0.284394210744755,0.125651716535766,0.558821777322051
1064.2,17.7366666666667,0.368966367504326,0.285016276071324,0.125886731854342,0.560476114106283
1064.4,17.74,0.369016269865663,0.285636677088319,0.126120908269963,0.562129097848191
1064.6,17.7433333333333,0.369065832686899,0.286255417417511,0.126354248451348,0.563780727848325
1064.8,17.7466666666667,0.369115059362289,0.286872500683487,0.12658675506339,0.565431003428467
1065,17.75,0.369163953250071,0.287487930513502,0.126818430767096,0.567079923931376
1065.2,17.7533333333333,0.369212517672872,0.288101710537322,0.127049278219533,0.568727488720561
1065.4,17.7566666666667,0.369260755918123,0.288713844387079,0.127279300073769,0.570373697180046
1065.6,17.76,0.369308671238454,0.28932433569712,0.127508498978822,0.572018548714135
1065.8,17.7633333333333,0.369356266852097,0.289933188103865,0.127736877579607,0.573662042747194
1066,17.7666666666667,0.369403545943272,0.290540405245661,0.127964438516883,0.575304178723409
1066.2,17.77,0.369450511662584,0.291145990762642,0.1281911844272,0.576944956106578
1066.4,17.7733333333333,0.369497167127396,0.29174994829659,0.128417117942851,0.578584374379881
1066.6,17.7766666666667,0.369543515422217,0.292352281490796,0.128642241691824,0.580222433045664
1066.8,17.78,0.369589559599069,0.292952993989927,0.128866558297751,0.581859131625228
1067,17.7833333333333,0.369635302677861,0.29355208943989,0.129090070379861,0.583494469658608
1067.2,17.7866666666667,0.36968074764675,0.2941495714877,0.129312780552936,0.585128446704369
1067.4,17.79,0.369725897462506,0.294745443781354,0.129534691427264,0.586761062339391
1067.6,17.7933333333333,0.369770755050867,0.295339709969697,0.129755805608591,0.588392316158667
1067.8,17.7966666666667,0.369815323306889,0.295932373702304,0.129976125698086,0.590022207775105
1068,17.8,0.369859605095298,0.296523438629345,0.130195654292288,0.591650736819313
1068.2,17.8033333333333,0.369903603250828,0.297112908401472,0.130414393983072,0.59327790293941
1068.4,17.8066666666667,0.369947320578568,0.297700786669691,0.130632347357604,0.594903705800826
1068.6,17.81,0.36999075985429,0.298287077085248,0.130849516998301,0.596528145086107
1068.8,17.8133333333333,0.370033923824786,0.298871783299509,0.131065905482793,0.598151220494727
1069,17.8166666666667,0.370076815208193,0.299454908963843,0.131281515383882,0.59977293174289
1069.2,17.82,0.370119436694319,0.300036457729511,0.131496349269507,0.601393278563346
1069.4,17.8233333333333,0.370161790944958,0.300616433247548,0.131710409702706,0.603012260705207
1069.6,17.8266666666667,0.370203880594213,0.30119483916866,0.131923699241578,0.604629877933758
1069.8,17.83,0.370245708248802,0.301771679143106,0.132136220439251,0.606246130030282
1070,17.8333333333333,0.370287276488368,0.302346956820599,0.132347975843843,0.607861016791875
1070.2,17.8366666666667,0.370328587865787,0.30292067585019,0.132558967998433,0.609474538031267
1070.4,17.84,0.370369644907465,0.303492839880172,0.132769199441023,0.611086693576651
1070.6,17.8433333333333,0.370410450113637,0.30406345255797,0.132978672704509,0.612697483271506
1070.8,17.8466666666667,0.370451005958664,0.304632517530047,0.133187390316648,0.614306906974429
1071,17.85,0.370491314891318,0.305200038441794,0.133395354800026,0.61591496455896
1071.2,17.8533333333333,0.370531379335073,0.305766018937441,0.133602568672031,0.617521655913415
1071.4,17.8566666666667,0.370571201688387,0.306330462659952,0.133809034444818,0.619126980940725
1071.6,17.86,0.370610784324983,0.306893373250932,0.134014754625285,0.620730939558262
1071.8,17.8633333333333,0.370650129594127,0.307454754350535,0.134219731715043,0.622333531697691
1072,17.8666666666667,0.370689239820897,0.308014609597367,0.134423968210388,0.623934757304795
1072.2,17.87,0.370728117306459,0.308572942628396,0.134627466602274,0.625534616339324
1072.4,17.8733333333333,0.370766764328333,0.309129757078861,0.134830229376287,0.627133108774834
1072.6,17.8766666666667,0.370805183140652,0.309685056582182,0.13503225901262,0.628730234598535
1072.8,17.88,0.37084337597443,0.310238844769878,0.135233557986046,0.630325993811142
1073,17.8833333333333,0.370881345037814,0.310791125271471,0.135434128765897,0.63192038642671
1073.2,17.8866666666667,0.370919092516343,0.311341901714408,0.135633973816036,0.633513412472495
1073.4,17.89,0.370956620573197,0.311891177723975,0.135833095594836,0.6351050719888
1073.6,17.8933333333333,0.370993931349445,0.312438956923214,0.13603149655516,0.636695365028832
1073.8,17.8966666666667,0.371031026964294,0.312985242932843,0.136229179144332,0.638284291658557
1074,17.9,0.371067909515329,0.313530039371174,0.136426145804125,0.639871851956552
1074.2,17.9033333333333,0.371104581078755,0.314073349854034,0.136622398970729,0.641458046013865
1074.4,17.9066666666667,0.371141043709631,0.31461517799469,0.136817941074742,0.643042873933877
1074.6,17.91,0.371177299442108,0.315155527403768,0.137012774541141,0.644626335832159
1074.8,17.9133333333333,0.371213350289659,0.315694401689182,0.13720690178927,0.646208431836343
1075,17.9166666666667,0.371249198245306,0.316231804456057,0.137400325232814,0.647789162085974
1075.2,17.92,0.371284845281849,0.316767739306657,0.137593047279788,0.649368526732386
1075.4,17.9233333333333,0.371320293352088,0.317302209840311,0.137785070332516,0.650946525938562
1075.6,17.9266666666667,0.371355544389045,0.317835219653346,0.137976396787612,0.652523159879009
1075.8,17.93,0.371390600306178,0.318366772339012,0.138167029035968,0.654098428739627
1076,17.9333333333333,0.371425462997605,0.31889687148742,0.138356969462734,0.655672332717576
1076.2,17.9366666666667,0.371460134338306,0.319425520685465,0.138546220447302,0.657244872021151
1076.4,17.94,0.371494616184344,0.31995272351677,0.138734784363298,0.65881604686966
1076.6,17.9433333333333,0.371528910373066,0.320478483561611,0.138922663578555,0.660385857493295
1076.8,17.9466666666667,0.371563018723312,0.321002804396859,0.139109860455113,0.661954304133015
1077,17.95,0.371596943035617,0.321525689595914,0.139296377349193,0.663521387040418
1077.2,17.9533333333333,0.371630685092413,0.32204714272864,0.13948221661119,0.665087106477622
1077.4,17.9566666666667,0.371664246658227,0.322567167361309,0.139667380585661,0.666651462717153
1077.6,17.96,0.371697629479874,0.323085767056535,0.139851871611309,0.668214456041815
1077.8,17.9633333333333,0.371730835286658,0.323602945373218,0.140035692020974,0.669776086744591
1078,17.9666666666667,0.371763865790555,0.324118705866484,0.14021884414162,0.671336355128511
1078.2,17.97,0.371796722686409,0.324633052087625,0.140401330294323,0.672895261506548
1078.4,17.9733333333333,0.371829407652116,0.325145987584047,0.140583152794264,0.674452806201501
1078.6,17.9766666666667,0.37186192234881,0.325657515899209,0.140764313950716,0.676008989545887
1078.8,17.98,0.371894268421045,0.326167640572575,0.140944816067034,0.677563811881834
1079,17.9833333333333,0.371926447496975,0.32667636513955,0.141124661440647,0.679117273560964
1079.2,17.9866666666667,0.371958461188534,0.327183693131436,0.141303852363047,0.680669374944288
1079.4,17.99,0.371990311091612,0.327689628075374,0.141482391119785,0.682220116402105
1079.6,17.9933333333333,0.37202199878623,0.328194173494294,0.141660279990457,0.68376949831389
1079.8,17.9966666666667,0.372053525836708,0.328697332906867,0.141837521248699,0.685317521068196
1080,18,0.372084893791844,0.329199109827452,0.142014117162179,0.686864185062545
1080.2,18.0033333333333,0.372116104185072,0.329699507766046,0.142190069992591,0.688409490703329
1080.4,18.0066666666667,0.372147158534635,0.33019853022824,0.142365381995649,0.689953438405711
1080.6,18.01,0.37217805834375,0.330696180715168,0.142540055421075,0.691496028593519
1080.8,18.0133333333333,0.372208805100766,0.331192462723464,0.142714092512601,0.693037261699161
1081,18.0166666666667,0.372239400279326,0.331687379745213,0.142887495507957,0.69457713816351
1081.2,18.02,0.372269845338529,0.332180935267906,0.143060266638869,0.696115658435818
1081.4,18.0233333333333,0.372300141723083,0.332673132774399,0.143232408131053,0.697652822973621
1081.6,18.0266666666667,0.372330290863461,0.333163975742865,0.143403922204211,0.699188632242638
1081.8,18.03,0.372360294176057,0.333653467646757,0.143574811072025,0.700723086716689
1082,18.0333333333333,0.372390153063334,0.33414161195476,0.143745076942155,0.702256186877589
1082.2,18.0366666666667,0.372419868913973,0.334628412130754,0.143914722016233,0.703787933215064
1082.4,18.04,0.372449443103027,0.335113871633772,0.144083748489863,0.705318326226664
1082.6,18.0433333333333,0.37247887699206,0.335597993917959,0.144252158552615,0.706847366417663
1082.8,18.0466666666667,0.372508171929296,0.336080782432536,0.144419954388023,0.708375054300986
1083,18.05,0.372537329249761,0.33656224062176,0.144587138173582,0.709901390397105
1083.2,18.0533333333333,0.372566350275423,0.337042371924882,0.144753712080749,0.711426375233963
1083.4,18.0566666666667,0.372595236315334,0.337521179776119,0.144919678274937,0.712950009346886
1083.6,18.06,0.372623988665765,0.337998667604609,0.145085038915514,0.714472293278495
1083.8,18.0633333333333,0.372652608610347,0.338474838834381,0.145249796155805,0.715993227578632
1084,18.0666666666667,0.372681097420198,0.338949696884317,0.145413952143088,0.717512812804263
1084.2,18.07,0.372709456354066,0.339423245168117,0.145577509018593,0.719031049519407
1084.4,18.0733333333333,0.372737686658452,0.339895487094268,0.145740468917503,0.72054793829505
1084.6,18.0766666666667,0.372765789567748,0.340366426066009,0.145902833968955,0.722063479709066
1084.8,18.08,0.372793766304358,0.3408360654813,0.146064606296035,0.723577674346142
1085,18.0833333333333,0.372821618078831,0.341304408732787,0.146225788015785,0.725090522797688
1085.2,18.0866666666667,0.372849346089985,0.341771459207773,0.146386381239197,0.726602025661772
1085.4,18.09,0.372876951525032,0.342237220288186,0.146546388071219,0.728112183543035
1085.6,18.0933333333333,0.372904435559697,0.342701695350551,0.146705810610752,0.729620997052617
1085.8,18.0966666666667,0.372931799358345,0.343164887765959,0.146864650950656,0.731128466808088
1086,18.1,0.372959044074099,0.343626800900037,0.147022911177747,0.732634593433363
1086.2,18.1033333333333,0.372986170848958,0.344087438112921,0.1471805933728,0.734139377558634
1086.4,18.1066666666667,0.373013180813913,0.344546802759229,0.147337699610552,0.735642819820298
1086.6,18.11,0.373040075089068,0.345004898188028,0.147494231959704,0.737144920860881
1086.8,18.1133333333333,0.373066854783749,0.345461727742818,0.147650192482922,0.738645681328976
1087,18.1166666666667,0.373093520996621,0.345917294761495,0.147805583236841,0.740145101879158
1087.2,18.12,0.373120074815799,0.34637160257633,0.147960406272069,0.741643183171926
1087.4,18.1233333333333,0.373146517318958,0.346824654513944,0.148114663633187,0.74313992587363
1087.6,18.1266666666667,0.373172849573444,0.347276453895282,0.148268357358754,0.744635330656401
1087.8,18.13,0.373199072636381,0.347727004035592,0.148421489481311,0.746129398198088
1088,18.1333333333333,0.373225187554781,0.348176308244396,0.148574062027384,0.747622129182186
1088.2,18.1366666666667,0.373251195365643,0.348624369825472,0.148726077017486,0.749113524297772
1088.4,18.14,0.373277097096067,0.349071192076827,0.148877536466126,0.750603584239441
1088.6,18.1433333333333,0.37330289376335,0.349516778290678,0.149028442381809,0.752092309707237
1088.8,18.1466666666667,0.373328586375091,0.34996113175343,0.149178796767041,0.753579701406597
1089,18.15,0.373354175929292,0.350404255745652,0.149328601618334,0.755065760048279
1089.2,18.1533333333333,0.373379663414459,0.35084615354206,0.149477858926214,0.756550486348303
1089.4,18.1566666666667,0.373405049809699,0.351286828411493,0.14962657067522,0.758033881027887
1089.6,18.16,0.373430336084818,0.351726283616896,0.149774738843914,0.759515944813388
1089.8,18.1633333333333,0.373455523200418,0.3521645224153,0.149922365404884,0.760996678436246
1090,18.1666666666667,0.373480612107993,0.352601548057803,0.150069452324751,0.762476082632909
1090.2,18.17,0.373505603750024,0.35303736378955,0.150216001564174,0.763954158144789
1090.4,18.1733333333333,0.37353049906007,0.353471972849716,0.150362015077855,0.765430905718194
1090.6,18.1766666666667,0.373555298962861,0.353905378471488,0.150507494814545,0.766906326104272
1090.8,18.18,0.373580004374392,0.35433758388205,0.150652442717054,0.768380420058959
1091,18.1833333333333,0.373604616202009,0.354768592302563,0.150796860722253,0.769853188342912
1091.2,18.1866666666667,0.373629135344502,0.35519840694815,0.150940750761079,0.771324631721457
1091.4,18.19,0.373653562692189,0.355627031027879,0.151084114758549,0.772794750964536
1091.6,18.1933333333333,0.373677899127009,0.356054467744749,0.151226954633759,0.774263546846648
1091.8,18.1966666666667,0.373702145522603,0.356480720295675,0.151369272299897,0.775731020146797
1092,18.2,0.3737263027444,0.35690579187147,0.151511069664245,0.777197171648434
1092.2,18.2033333333333,0.373750371649707,0.357329685656835,0.151652348628189,0.778662002139408
1092.4,18.2066666666667,0.373774353087782,0.35775240483034,0.151793111087226,0.780125512411909
1092.6,18.21,0.373798247899927,0.358173952564416,0.151933358930973,0.781587703262417
1092.8,18.2133333333333,0.373822056919562,0.358594332025336,0.152073094043171,0.783048575491655
1093,18.2166666666667,0.373845780972309,0.359013546373206,0.152212318301696,0.784508129904527
1093.2,18.22,0.373869420876072,0.359431598761952,0.152351033578565,0.785966367310077
1093.4,18.2233333333333,0.373892977441113,0.359848492339304,0.152489241739945,0.787423288521433
1093.6,18.2266666666667,0.373916451470134,0.360264230246789,0.152626944646161,0.788878894355758
1093.8,18.23,0.37393984375835,0.360678815619718,0.152764144151704,0.790333185634206
1094,18.2333333333333,0.373963155093568,0.361092251587171,0.152900842105241,0.791786163181867
1094.2,18.2366666666667,0.37398638625626,0.361504541271994,0.15303704034962,0.793237827827718
1094.4,18.24,0.374009538019639,0.361915687790779,0.153172740721882,0.794688180404581
1094.6,18.2433333333333,0.374032611149734,0.362325694253862,0.153307945053267,0.796137221749071
1094.8,18.2466666666667,0.37405560640546,0.362734563765308,0.153442655169226,0.797584952701555
1095,18.25,0.37407852453869,0.363142299422903,0.153576872889428,0.799031374106095
1095.2,18.2533333333333,0.37410136629433,0.363548904318147,0.153710600027769,0.800476486810415
1095.4,18.2566666666667,0.374124132410386,0.36395438153624,0.153843838392381,0.801920291665844
1095.6,18.26,0.374146823618033,0.364358734156078,0.153976589785643,0.803362789527279
1095.8,18.2633333333333,0.374169440641688,0.364761965250242,0.154108856004188,0.804803981253142
1096,18.2666666666667,0.374191984199073,0.365164077884993,0.154240638838915,0.806243867705326
1096.2,18.27,0.374214455001287,0.36556507512026,0.154371940074996,0.80768244974916
1096.4,18.2733333333333,0.374236853752871,0.365964960009635,0.154502761491887,0.809119728253364
1096.6,18.2766666666667,0.37425918115187,0.366363735600366,0.154633104863339,0.810555704090003
1096.8,18.28,0.374281437889905,0.366761404933352,0.154762971957405,0.811990378134455
1097,18.2833333333333,0.374303624652233,0.36715797104313,0.154892364536453,0.813423751265355
1097.2,18.2866666666667,0.374325742117811,0.367553436957876,0.155021284357173,0.814855824364562
1097.4,18.29,0.374347790959361,0.367947805699394,0.15514973317059,0.816286598317118
1097.6,18.2933333333333,0.37436977184343,0.368341080283114,0.155277712722073,0.817716074011205
1097.8,18.2966666666667,0.374391685430453,0.368733263718083,0.155405224751343,0.819144252338109
1098,18.3,0.374413532374815,0.369124359006961,0.155532270992489,0.820571134192175
1098.2,18.3033333333333,0.374435313324908,0.369514369146018,0.155658853173972,0.821996720470769
1098.4,18.3066666666667,0.374457028923193,0.369903297125127,0.15578497301864,0.823421012074243
1098.6,18.31,0.374478679806261,0.370291145927759,0.155910632243737,0.82484400990589
1098.8,18.3133333333333,0.374500266604885,0.370677918530981,0.156035832560915,0.826265714871917
1099,18.3166666666667,0.374521789944085,0.371063617905451,0.156160575676241,0.827686127881393
1099.2,18.32,0.37454325044318,0.371448247015413,0.156284863290213,0.829105249846222
1099.4,18.3233333333333,0.374564648715848,0.371831808818697,0.156408697097767,0.830523081681101
1099.6,18.3266666666667,0.374585985370176,0.372214306266711,0.156532078788291,0.831939624303486
1099.8,18.33,0.374607261008724,0.372595742304442,0.156655010045631,0.833354878633559
1100,18.3333333333333,0.374628476228571,0.372976119870452,0.156777492548109,0.834768845594181
1100.2,18.3366666666667,0.374649631621376,0.373355441896872,0.15689952796853,0.83618152611087
1100.4,18.34,0.374670727773425,0.373733711309405,0.157021117974192,0.837592921111756
1100.6,18.3433333333333,0.374691765265689,0.374110931027323,0.157142264226901,0.839003031527549
1100.8,18.3466666666667,0.374712744673875,0.37448710396346,0.15726296838298,0.840411858291513
1101,18.35,0.374733666568476,0.374862233024217,0.157383232093281,0.841819402339415
1101.2,18.3533333333333,0.374754531514823,0.375236321109556,0.157503057003196,0.843225664609508
1101.4,18.3566666666667,0.374775340073135,0.375609371113001,0.157622444752671,0.844630646042485
1101.6,18.36,0.374796092798573,0.375981385921633,0.157741396976213,0.846034347581453
1101.8,18.3633333333333,0.374816790241284,0.376352368416098,0.157859915302905,0.847436770171904
1102,18.3666666666667,0.374837432946451,0.376722321470595,0.157978001356418,0.84883791476167
1102.2,18.37,0.374858021454347,0.377091247952883,0.158095656755019,0.850237782300902
1102.4,18.3733333333333,0.374878556300374,0.377459150724281,0.15821288311159,0.851636373742033
1102.6,18.3766666666667,0.374899038015117,0.377826032639661,0.158329682033629,0.853033690039748
1102.8,18.38,0.374919467124391,0.378191896547457,0.158446055123275,0.854429732150958
1103,18.3833333333333,0.374939844149282,0.378556745289659,0.158562003977308,0.855824501034758
1103.2,18.3866666666667,0.374960169606199,0.378920581701817,0.158677530187167,0.857217997652405
1103.4,18.39,0.374980444006913,0.379283408613037,0.158792635338963,0.858610222967287
1103.6,18.3933333333333,0.37500066785861,0.379645228845989,0.158907321013487,0.860001177944889
1103.8,18.3966666666667,0.375020841663928,0.380006045216901,0.159021588786226,0.86139086355277
1104,18.4,0.375040965921004,0.380365860535565,0.159135440227372,0.862779280760528
1104.2,18.4033333333333,0.375061041123518,0.380724677605336,0.159248876901836,0.864166430539772
1104.4,18.4066666666667,0.375081067760736,0.381082499223133,0.15936190036926,0.865552313864096
1104.6,18.41,0.37510104631755,0.381439328179443,0.159474512184028,0.866936931709047
1104.8,18.4133333333333,0.375120977274525,0.381795167258321,0.159586713895282,0.868320285052103
1105,18.4166666666667,0.375140861107934,0.382150019237394,0.159698507046928,0.869702374872636
1105.2,18.42,0.375160698289806,0.38250388688786,0.159809893177656,0.871083202151893
1105.4,18.4233333333333,0.375180489287962,0.382856772974492,0.159920873820944,0.872462767872962
1105.6,18.4266666666667,0.375200234566057,0.383208680255642,0.160031450505078,0.873841073020749
1105.8,18.43,0.37521993458362,0.383559611483242,0.16014162475316,0.875218118581955
1106,18.4333333333333,0.375239589796093,0.383909569402806,0.160251398083123,0.876593905545039
1106.2,18.4366666666667,0.375259200654872,0.384258556753435,0.160360772007741,0.877968434900199
1106.4,18.44,0.375278767607341,0.384606576267818,0.160469748034643,0.879341707639346
1106.6,18.4433333333333,0.375298291096917,0.384953630672238,0.160578327666326,0.880713724756075
1106.8,18.4466666666667,0.37531777156308,0.385299722686572,0.160686512400167,0.882084487245647
1107,18.45,0.375337209441419,0.385644855024297,0.160794303728435,0.883453996104951
1107.2,18.4533333333333,0.37535660516366,0.385989030392493,0.160901703138304,0.884822252332491
1107.4,18.4566666666667,0.37537595915771,0.386332251491846,0.161008712111866,0.886189256928356
1107.6,18.46,0.37539527184769,0.386674521016653,0.161115332126146,0.887555010894193
1107.8,18.4633333333333,0.375414543653972,0.387015841654825,0.161221564653109,0.888919515233192
1108,18.4666666666667,0.375433774993211,0.387356216087894,0.161327411159678,0.890282770950053
1108.2,18.47,0.375452966278386,0.387695646991012,0.161432873107744,0.891644779050964
1108.4,18.4733333333333,0.37547211791883,0.38803413703296,0.16153795195418,0.89300554054358
1108.6,18.4766666666667,0.375491230320267,0.388371688876151,0.161642649150853,0.894365056436997
1108.8,18.48,0.375510303884844,0.388708305176637,0.161746966144638,0.895723327741737
1109,18.4833333333333,0.375529339011167,0.389043988584108,0.16185090437743,0.89708035546971
1109.2,18.4866666666667,0.375548336094333,0.389378741741902,0.161954465286154,0.898436140634205
1109.4,18.49,0.375567295525962,0.389712567287011,0.162057650302785,0.899790684249862
1109.6,18.4933333333333,0.375586217694232,0.390045467850079,0.162160460854354,0.901143987332648
1109.8,18.4966666666667,0.375605102983908,0.390377446055417,0.162262898362964,0.902496050899844
1110,18.5,0.375623951776378,0.390708504521,0.162364964245802,0.90384687597001
1110.2,18.5033333333333,0.375642764449682,0.391038645858479,0.162466659915153,0.905196463562974
1110.4,18.5066666666667,0.375661541378543,0.39136787267318,0.162567986778412,0.906544814699806
1110.6,18.51,0.375680282934401,0.391696187564117,0.162668946238096,0.907891930402797
1110.8,18.5133333333333,0.375698989485438,0.392023593123992,0.16276953969186,0.909237811695444
1111,18.5166666666667,0.375717661396614,0.392350091939204,0.162869768532506,0.910582459602419
1111.2,18.52,0.375736299029696,0.392675686589853,0.162969634147999,0.911925875149556
1111.4,18.5233333333333,0.375754902743283,0.393000379649749,0.163069137921479,0.913268059363828
1111.6,18.5266666666667,0.375773472892841,0.393324173686415,0.163168281231274,0.914609013273328
1111.8,18.53,0.375792009830731,0.393647071261096,0.163267065450913,0.915948737907252
1112,18.5333333333333,0.375810513906234,0.393969074928764,0.163365491949136,0.917287234295871
1112.2,18.5366666666667,0.375828985465584,0.394290187238125,0.163463562089915,0.918624503470518
1112.4,18.54,0.375847424851995,0.394610410731625,0.163561277232458,0.91996054646357
1112.6,18.5433333333333,0.375865832405687,0.394929747945457,0.163658638731226,0.92129536430842
1112.8,18.5466666666667,0.375884208463915,0.395248201409569,0.163755647935947,0.922628958039474
1113,18.55,0.375902553360996,0.39556577364767,0.163852306191629,0.923961328692114
1113.2,18.5533333333333,0.375920867428338,0.395882467177235,0.163948614838569,0.925292477302691
1113.4,18.5566666666667,0.375939150994465,0.396198284509516,0.164044575212372,0.926622404908502
1113.6,18.56,0.37595740438504,0.396513228149546,0.164140188643957,0.927951112547775
1113.8,18.5633333333333,0.3759756279229,0.396827300596149,0.164235456459577,0.929278601259651
1114,18.5666666666667,0.375993821928074,0.397140504341943,0.164330379980829,0.93060487208416
1114.2,18.57,0.376011986717811,0.397452841873353,0.164424960524665,0.931929926062211
1114.4,18.5733333333333,0.376030122606607,0.397764315670613,0.164519199403408,0.93325376423557
1114.6,18.5766666666667,0.37604822990623,0.398074928207778,0.164613097924764,0.934576387646842
1114.8,18.58,0.376066308925741,0.39838468195273,0.164706657391835,0.935897797339462
1115,18.5833333333333,0.376084359971526,0.398693579367183,0.164799879103132,0.937217994357665
1115.2,18.5866666666667,0.376102383347312,0.399001622906697,0.164892764352586,0.938536979746478
1115.4,18.59,0.376120379354199,0.39930881502068,0.164985314429567,0.939854754551704
1115.6,18.5933333333333,0.376138348290676,0.399615158152397,0.16507753061889,0.941171319819896
1115.8,18.5966666666667,0.376156290452653,0.399920654738982,0.165169414200831,0.942486676598356
1116,18.6,0.376174206133478,0.400225307211442,0.165260966451141,0.943800825935105
1116.2,18.6033333333333,0.376192095623963,0.400529117994667,0.165352188641058,0.945113768878871
1116.4,18.6066666666667,0.376209959212407,0.400832089507435,0.165443082037319,0.946425506479077
1116.6,18.61,0.376227797184617,0.401134224162427,0.165533647902175,0.94773603978582
1116.8,18.6133333333333,0.376245609823933,0.401435524366228,0.165623887493401,0.949045369849862
1117,18.6166666666667,0.37626339741125,0.401735992519341,0.165713802064313,0.950353497722607
1117.2,18.62,0.376281160225035,0.402035631016192,0.165803392863778,0.95166042445609
1117.4,18.6233333333333,0.376298898541358,0.402334442245139,0.165892661136228,0.952966151102959
1117.6,18.6266666666667,0.376316612633906,0.402632428588482,0.16598160812167,0.954270678716465
1117.8,18.63,0.376334302774006,0.402929592422474,0.166070235055706,0.955574008350445
1118,18.6333333333333,0.376351969230649,0.403225936117321,0.166158543169538,0.956876141059303
1118.2,18.6366666666667,0.376369612270508,0.403521462037201,0.166246533689985,0.958177077898
1118.4,18.64,0.37638723215796,0.403816172540267,0.166334207839498,0.959476819922041
1118.6,18.6433333333333,0.376404829155108,0.404110069978657,0.166421566836166,0.960775368187453
1118.8,18.6466666666667,0.376422403521797,0.404403156698503,0.166508611893737,0.962072723750783
1119,18.65,0.376439955515639,0.404695435039942,0.166595344221624,0.963368887669071
1119.2,18.6533333333333,0.37645748539203,0.404986907337121,0.166681765024921,0.964663860999846
1119.4,18.6566666666667,0.376474993404171,0.40527757591821,0.166767875504419,0.965957644801106
1119.6,18.66,0.376492479803087,0.405567443105408,0.16685367685661,0.967250240131306
1119.8,18.6633333333333,0.376509944837647,0.405856511214957,0.16693917027371,0.968541648049351
1120,18.6666666666667,0.376527388754582,0.406144782557144,0.167024356943664,0.969831869614571
1120.2,18.67,0.376544811798504,0.406432259436317,0.167109238050165,0.971120905886716
1120.4,18.6733333333333,0.376562214211927,0.406718944150891,0.167193814772661,0.972408757925941
1120.6,18.6766666666667,0.376579596235284,0.407004838993359,0.16727808828637,0.97369542679279
1120.8,18.68,0.376596958106944,0.407289946250299,0.167362059762296,0.974980913548192
1121,18.6833333333333,0.376614300063233,0.407574268202386,0.167445730367236,0.976265219253435
1121.2,18.6866666666667,0.376631622338451,0.407857807124402,0.167529101263798,0.977548344970166
1121.4,18.69,0.376648925164888,0.408140565285241,0.16761217361041,0.978830291760369
1121.6,18.6933333333333,0.376666208772845,0.408422544947925,0.167694948561334,0.980111060686358
1121.8,18.6966666666667,0.376683473390649,0.40870374836961,0.16777742726668,0.981390652810766
1122,18.7,0.376700719244672,0.408984177801594,0.167859610872415,0.982669069196528
1122.2,18.7033333333333,0.376717946559347,0.409263835489332,0.167941500520381,0.983946310906871
1122.4,18.7066666666667,0.376735155557186,0.409542723672441,0.168023097348301,0.985222379005302
1122.6,18.71,0.376752346458794,0.409820844584712,0.1681044024898,0.986497274555598
1122.8,18.7133333333333,0.376769519482892,0.41009820045412,0.168185417074409,0.987770998621794
1123,18.7166666666667,0.376786674846326,0.410374793502834,0.168266142227582,0.989043552268167
1123.2,18.72,0.376803812764088,0.410650625947224,0.16834657907071,0.990314936559232
1123.4,18.7233333333333,0.376820933449333,0.410925699997875,0.168426728721129,0.991585152559723
1123.6,18.7266666666667,0.37683803711339,0.411200017859597,0.168506592292138,0.992854201334586
1123.8,18.73,0.376855123965783,0.41147358173143,0.168586170893006,0.99412208394897
1124,18.7333333333333,0.376872194214244,0.411746393806659,0.168665465628988,0.995388801468212
1124.2,18.7366666666667,0.37688924806473,0.412018456272824,0.168744477601336,0.996654354957825
1124.4,18.74,0.376906285721438,0.412289771311727,0.168823207907315,0.997918745483492
1124.6,18.7433333333333,0.376923307386818,0.412560341099443,0.168901657640207,0.999181974111051
1124.8,18.7466666666667,0.376940313261593,0.412830167806335,0.168979827889335,1.00044404190649
1125,18.75,0.37695730354477,0.413099253597057,0.169057719740064,1.00170494993593
1125.2,18.7533333333333,0.376974278433656,0.413367600630567,0.169135334273822,1.00296469926561
1125.4,18.7566666666667,0.376991238123872,0.413635211060142,0.169212672568107,1.0042232909619
1125.6,18.76,0.37700818280937,0.41390208703338,0.169289735696502,1.00548072609127
1125.8,18.7633333333333,0.377025112682445,0.414168230692217,0.169366524728688,1.00673700572027
1126,18.7666666666667,0.377042027933748,0.414433644172934,0.169443040730453,1.00799213091555
1126.2,18.77,0.377058928752307,0.414698329606169,0.169519284763708,1.00924610274383
1126.4,18.7733333333333,0.377075815325531,0.414962289116927,0.169595257886495,1.0104989222719
1126.6,18.7766666666667,0.377092687839232,0.415225524824588,0.169670961153003,1.0117505905666
1126.8,18.78,0.377109546477635,0.415488038842923,0.169746395613581,1.01300110869481
1127,18.7833333333333,0.377126391423392,0.415749833280099,0.169821562314745,1.01425047772346
1127.2,18.7866666666667,0.377143222857597,0.416010910238692,0.169896462299194,1.01549869871949
1127.4,18.79,0.377160040959798,0.416271271815699,0.169971096605822,1.01674577274988
1127.6,18.7933333333333,0.37717684590801,0.416530920102544,0.17004546626973,1.01799170088159
1127.8,18.7966666666667,0.377193637878728,0.416789857185094,0.170119572322237,1.0192364841816
1128,18.8,0.377210417046941,0.417048085143666,0.170193415790892,1.02048012371688
1128.2,18.8033333333333,0.377227183586146,0.417305606053038,0.170266997699489,1.02172262055436
1128.4,18.8066666666667,0.377243937668357,0.417562421982462,0.170340319068075,1.02296397576097
1128.6,18.81,0.37726067946412,0.41781853499567,0.170413380912963,1.02420419040357
1128.8,18.8133333333333,0.377277409142526,0.418073947150892,0.170486184246748,1.02544326554901
1129,18.8166666666667,0.377294126871223,0.418328660500858,0.170558730078312,1.02668120226407
1129.2,18.82,0.377310832816426,0.418582677092816,0.170631019412843,1.02791800161544
1129.4,18.8233333333333,0.377327527142933,0.418835998968539,0.170703053251842,1.02915366466979
1129.6,18.8266666666667,0.377344210014134,0.419088628164336,0.170774832593136,1.03038819249368
1129.8,18.83,0.377360881592025,0.419340566711064,0.170846358430893,1.03162158615358
1130,18.8333333333333,0.377377542037216,0.419591816634138,0.170917631755628,1.03285384671586
1130.2,18.8366666666667,0.37739419150895,0.419842379953541,0.170988653554221,1.03408497524681
1130.4,18.84,0.377410830165105,0.420092258683837,0.171059424809923,1.03531497281258
1130.6,18.8433333333333,0.377427458162213,0.420341454834179,0.171129946502374,1.03654384047922
1130.8,18.8466666666667,0.37744407565547,0.420589970408325,0.171200219607608,1.03777157931264
1131,18.85,0.377460682798744,0.42083780740464,0.171270245098072,1.03899819037861
1131.2,18.8533333333333,0.377477279744589,0.421084967816115,0.17134002394263,1.04022367474276
1131.4,18.8566666666667,0.377493866644255,0.421331453630376,0.171409557106581,1.04144803347057
1131.6,18.86,0.3775104436477,0.421577266829691,0.171478845551668,1.04267126762736
1131.8,18.8633333333333,0.3775270109036,0.421822409390987,0.171547890236089,1.04389337827829
1132,18.8666666666667,0.377543568559359,0.422066883285854,0.171616692114509,1.04511436648831
1132.2,18.87,0.377560116761122,0.422310690480563,0.171685252138075,1.04633423332224
1132.4,18.8733333333333,0.377576655653781,0.422553832936071,0.171753571254421,1.04755297984467
1132.6,18.8766666666667,0.377593185380992,0.422796312608036,0.171821650407685,1.04877060712001
1132.8,18.88,0.37760970608518,0.423038131446825,0.171889490538518,1.04998711621247
1133,18.8833333333333,0.377626217907551,0.423279291397528,0.171957092584097,1.05120250818602
1133.2,18.8866666666667,0.377642720988103,0.423519794399966,0.172024457478135,1.05241678410445
1133.4,18.89,0.377659215465635,0.423759642388704,0.172091586150892,1.05362994503131
1133.6,18.8933333333333,0.377675701477756,0.423998837293061,0.172158479529189,1.0548419920299
1133.8,18.8966666666667,0.377692179160899,0.424237381037121,0.172225138536417,1.05605292616331
1134,18.9,0.377708648650325,0.424475275539744,0.172291564092549,1.05726274849435
1134.2,18.9033333333333,0.377725110080138,0.424712522714578,0.172357757114153,1.05847146008562
1134.4,18.9066666666667,0.37774156358329,0.424949124470069,0.172423718514399,1.05967906199942
1134.6,18.91,0.377758009291595,0.425185082709472,0.172489449203075,1.0608855552978
1134.8,18.9133333333333,0.377774447335734,0.425420399330862,0.172554950086596,1.06209094104254
1135,18.9166666666667,0.377790877845268,0.425655076227146,0.172620222068015,1.06329522029514
1135.2,18.92,0.377807300948646,0.425889115286073,0.172685266047036,1.06449839411681
1135.4,18.9233333333333,0.377823716773213,0.426122518390244,0.172750082920022,1.06570046356848
1135.6,18.9266666666667,0.377840125445221,0.426355287417126,0.172814673580008,1.06690142971076
1135.8,18.93,0.377856527089836,0.426587424239062,0.172879038916715,1.06810129360397
1136,18.9333333333333,0.377872921831149,0.426818930723279,0.172943179816555,1.06930005630811
1136.2,18.9366666666667,0.377889309792183,0.427049808731904,0.173007097162647,1.07049771888288
1136.4,18.94,0.377905691094905,0.427280060121969,0.173070791834826,1.07169428238765
1136.6,18.9433333333333,0.377922065860229,0.427509686745429,0.173134264709654,1.07288974788144
1136.8,18.9466666666667,0.37793843420803,0.427738690449169,0.173197516660432,1.07408411642296
1137,18.95,0.377954796257149,0.427967073075013,0.173260548557209,1.07527738907058
1137.2,18.9533333333333,0.377971152125406,0.428194836459741,0.173323361266796,1.0764695668823
1137.4,18.9566666666667,0.377987501929602,0.428421982435095,0.173385955652773,1.07766065091579
1137.6,18.96,0.378003845785531,0.428648512827791,0.173448332575504,1.07885064222836
1137.8,18.9633333333333,0.37802018380799,0.428874429459533,0.173510492892145,1.08003954187694
1138,18.9666666666667,0.378036516110783,0.42909973414702,0.173572437456656,1.08122735091809
1138.2,18.97,0.378052842806732,0.429324428701959,0.17363416711981,1.08241407040803
1138.4,18.9733333333333,0.378069164007684,0.429548514931077,0.173695682729207,1.08359970140256
1138.6,18.9766666666667,0.378085479824518,0.42977199463613,0.173756985129283,1.0847842449571
1138.8,18.98,0.378101790367155,0.429994869613916,0.17381807516132,1.08596770212671
1139,18.9833333333333,0.378118095744566,0.430217141656284,0.173878953663456,1.087150073966
1139.2,18.9866666666667,0.378134396064774,0.430438812550146,0.1739396214707,1.08833136152924
1139.4,18.99,0.378150691434871,0.430659884077489,0.174000079414938,1.08951156587024
1139.6,18.9933333333333,0.378166981961017,0.430880358015384,0.174060328324945,1.09069068804241
1139.8,18.9966666666667,0.378183267748454,0.431100236136001,0.174120369026396,1.09186872909878
1140,19,0.378199548901508,0.431319520206614,0.174180202341877,1.0930456900919
1140.2,19.0033333333333,0.378215825523601,0.431538211989616,0.174239829090895,1.09422157207393
1140.4,19.0066666666667,0.378232097717254,0.43175631324253,0.174299250089888,1.09539637609658
1140.6,19.01,0.378248365584101,0.431973825718018,0.174358466152236,1.09657010321114
1140.8,19.0133333333333,0.378264629224886,0.432190751163897,0.174417478088271,1.09774275446844
1141,19.0166666666667,0.378280888739479,0.432407091323141,0.174476286705289,1.09891433091886
1141.2,19.02,0.378297144226882,0.4326228479339,0.174534892807557,1.10008483361235
1141.4,19.0233333333333,0.378313395785229,0.43283802272951,0.174593297196327,1.10125426359839
1141.6,19.0266666666667,0.378329643511802,0.433052617438498,0.174651500669846,1.10242262192598
1141.8,19.03,0.378345887503031,0.433266633784602,0.174709504023362,1.10358990964368
1142,19.0333333333333,0.378362127854506,0.433480073486773,0.174767308049141,1.10475612779958
1142.2,19.0366666666667,0.378378364660979,0.433692938259194,0.17482491353647,1.10592127744127
1142.4,19.04,0.378394598016375,0.433905229811284,0.174882321271674,1.10708535961588
1142.6,19.0433333333333,0.378410828013795,0.434116949847714,0.174939532038122,1.10824837537004
1142.8,19.0466666666667,0.378427054745526,0.434328100068415,0.174996546616238,1.10941032574991
1143,19.05,0.378443278303045,0.434538682168593,0.175053365783511,1.11057121180114
1143.2,19.0533333333333,0.378459498777024,0.434748697838733,0.175109990314506,1.11173103456889
1143.4,19.0566666666667,0.378475716257343,0.434958148764616,0.175166420980874,1.11288979509782
1143.6,19.06,0.378491930833089,0.435167036627328,0.175222658551362,1.11404749443208
1143.8,19.0633333333333,0.378508142592565,0.435375363103271,0.175278703791822,1.1152041336153
1144,19.0666666666667,0.378524351623298,0.435583129864173,0.175334557465221,1.11635971369062
1144.2,19.07,0.378540558012044,0.435790338577099,0.175390220331652,1.11751423570062
1144.4,19.0733333333333,0.378556761844792,0.435996990904465,0.175445693148346,1.11866770068741
1144.6,19.0766666666667,0.378572963206773,0.436203088504044,0.175500976669675,1.11982010969253
1144.8,19.08,0.378589162182466,0.43640863302898,0.175556071647171,1.120971463757
1145,19.0833333333333,0.3786053588556,0.436613626127799,0.175610978829529,1.12212176392132
1145.2,19.0866666666667,0.378621553309166,0.436818069444419,0.175665698962619,1.12327101122543
1145.4,19.09,0.378637745625417,0.437021964618159,0.175720232789496,1.12441920670874
1145.6,19.0933333333333,0.37865393588588,0.437225313283754,0.175774581050411,1.12556635141012
1145.8,19.0966666666667,0.378670124171355,0.437428117071362,0.175828744482818,1.12671244636786
1146,19.1,0.378686310561925,0.437630377606579,0.175882723821386,1.12785749261973
1146.2,19.1033333333333,0.378702495136961,0.437832096510444,0.175936519798008,1.12900149120291
1146.4,19.1066666666667,0.378718677975128,0.438033275399455,0.17599013314181,1.13014444315406
1146.6,19.11,0.378734859154388,0.438233915885577,0.176043564579162,1.13128634950922
1146.8,19.1133333333333,0.378751038752008,0.438434019576254,0.176096814833686,1.13242721130391
1147,19.1166666666667,0.378767216844568,0.438633588074421,0.176149884626267,1.13356702957306
1147.2,19.12,0.378783393507958,0.43883262297851,0.176202774675061,1.134705805351
1147.4,19.1233333333333,0.378799568817393,0.439031125882466,0.176255485695508,1.13584353967152
1147.6,19.1266666666667,0.378815742847412,0.439229098375755,0.176308018400336,1.13698023356779
1147.8,19.13,0.378831915671885,0.439426542043377,0.176360373499576,1.13811588807243
1148,19.1333333333333,0.37884808736402,0.439623458465873,0.176412551700567,1.13925050421743
1148.2,19.1366666666667,0.378864257996366,0.439819849219339,0.176464553707969,1.14038408303423
1148.4,19.14,0.37888042764082,0.440015715875436,0.17651638022377,1.14151662555363
1148.6,19.1433333333333,0.378896596368628,0.440211060001399,0.176568031947296,1.14264813280586
1148.8,19.1466666666667,0.378912764250396,0.44040588316005,0.176619509575221,1.14377860582053
1149,19.15,0.378928931356093,0.440600186909806,0.176670813801577,1.14490804562665
1149.2,19.1533333333333,0.37894509775505,0.440793972804695,0.176721945317759,1.14603645325263
1149.4,19.1566666666667,0.378961263515977,0.440987242394359,0.176772904812539,1.14716382972624
1149.6,19.16,0.378977428706955,0.441179997224069,0.176823692972076,1.14829017607466
1149.8,19.1633333333333,0.37899359339545,0.441372238834738,0.176874310479919,1.14941549332443
1150,19.1666666666667,0.379009757648314,0.441563968762926,0.176924758017022,1.1505397825015
1150.2,19.17,0.379025921531789,0.441755188540855,0.176975036261751,1.15166304463115
1150.4,19.1733333333333,0.379042085111516,0.441945899696417,0.177025145889893,1.15278528073806
1150.6,19.1766666666667,0.379058248452535,0.442136103753185,0.177075087574666,1.15390649184627
1150.8,19.18,0.379074411619291,0.442325802230426,0.177124861986727,1.15502667897919
1151,19.1833333333333,0.37909057467564,0.442514996643108,0.177174469794182,1.15614584315959
1151.2,19.1866666666667,0.379106737684852,0.442703688501913,0.177223911662593,1.15726398540961
1151.4,19.19,0.379122900709616,0.442891879313246,0.17727318825499,1.15838110675072
1151.6,19.1933333333333,0.379139063812048,0.443079570579246,0.177322300231878,1.15949720820376
1151.8,19.1966666666667,0.379155227053686,0.443266763797798,0.177371248251248,1.16061229078893
1152,19.2,0.379171390495507,0.443453460462541,0.177420032968581,1.16172635552578
1152.2,19.2033333333333,0.37918755419792,0.44363966206288,0.177468655036864,1.16283940343317
1152.4,19.2066666666667,0.379203718220779,0.443825370083996,0.177517115106591,1.16395143552935
1152.6,19.21,0.37921988262338,0.444010586006855,0.177565413825781,1.16506245283187
1152.8,19.2133333333333,0.379236047464473,0.444195311308223,0.177613551839977,1.16617245635766
1153,19.2166666666667,0.379252212802259,0.44437954746067,0.177661529792261,1.16728144712294
1153.2,19.22,0.379268378694398,0.444563295932587,0.177709348323263,1.16838942614329
1153.4,19.2233333333333,0.379284545198014,0.44474655818819,0.177757008071167,1.16949639443362
1153.6,19.2266666666667,0.379300712369696,0.444929335687536,0.177804509671719,1.17060235300815
1153.8,19.23,0.379316880265504,0.445111629886528,0.177851853758239,1.17170730288044
1154,19.2333333333333,0.379333048940974,0.44529344223693,0.177899040961629,1.17281124506337
1154.2,19.2366666666667,0.37934921845112,0.445474774186376,0.177946071910378,1.17391418056913
1154.4,19.24,0.379365388850438,0.445655627178379,0.177992947230574,1.17501611040925
1154.6,19.2433333333333,0.379381560192913,0.44583600265234,0.178039667545914,1.17611703559453
1154.8,19.2466666666667,0.379397732532018,0.446015902043563,0.178086233477707,1.17721695713514
1155,19.25,0.379413905920724,0.446195326783262,0.178132645644889,1.17831587604052
1155.2,19.2533333333333,0.379430080411498,0.446374278298572,0.178178904664026,1.17941379331942
1155.4,19.2566666666667,0.37944625605631,0.446552758012557,0.178225011149326,1.18051070997993
1155.6,19.26,0.379462432906635,0.446730767344224,0.178270965712645,1.18160662702939
1155.8,19.2633333333333,0.379478611013462,0.446908307708532,0.178316768963498,1.18270154547449
1156,19.2666666666667,0.379494790427288,0.4470853805164,0.178362421509065,1.18379546632119
1156.2,19.27,0.379510971198132,0.447261987174721,0.178407923954201,1.18488839057475
1156.4,19.2733333333333,0.379527153375532,0.447438129086366,0.178453276901444,1.18598031923973
1156.6,19.2766666666667,0.379543337008551,0.447613807650202,0.178498480951022,1.18707125331999
1156.8,19.28,0.37955952214578,0.447789024261097,0.178543536700862,1.18816119381866
1157,19.2833333333333,0.379575708835344,0.447963780309931,0.1785884447466,1.18925014173818
1157.2,19.2866666666667,0.3795918971249,0.448138077183605,0.178633205681588,1.19033809808025
1157.4,19.29,0.379608087061647,0.448311916265056,0.178677820096899,1.19142506384587
1157.6,19.2933333333333,0.379624278692325,0.448485298933259,0.178722288581342,1.19251104003533
1157.8,19.2966666666667,0.37964047206322,0.448658226563245,0.178766611721463,1.19359602764819
1158,19.3,0.379656667220168,0.448830700526106,0.178810790101559,1.19468002768328
1158.2,19.3033333333333,0.379672864208559,0.449002722189008,0.178854824303682,1.19576304113871
1158.4,19.3066666666667,0.379689063073337,0.449174292915198,0.178898714907648,1.19684506901187
1158.6,19.31,0.379705263859007,0.449345414064015,0.178942462491047,1.19792611229942
1158.8,19.3133333333333,0.379721466609636,0.449516086990903,0.17898606762925,1.19900617199729
1159,19.3166666666667,0.379737671368858,0.449686313047417,0.179029530895416,1.20008524910067
1159.2,19.32,0.379753878179876,0.449856093581233,0.179072852860499,1.20116334460403
1159.4,19.3233333333333,0.379770087085467,0.450025429936161,0.17911603409326,1.20224045950109
1159.6,19.3266666666667,0.379786298127983,0.450194323452154,0.179159075160272,1.20331659478484
1159.8,19.33,0.379802511349356,0.450362775465314,0.179201976625927,1.20439175144753
1160,19.3333333333333,0.379818726791098,0.450530787307908,0.179244739052446,1.20546593048067
1160.2,19.3366666666667,0.379834944494309,0.450698360308372,0.179287362999888,1.20653913287503
1160.4,19.34,0.379851164499678,0.450865495791326,0.179329849026152,1.20761135962062
1160.6,19.3433333333333,0.379867386847483,0.45103219507758,0.179372197686993,1.20868261170673
1160.8,19.3466666666667,0.3798836115776,0.451198459484145,0.179414409536021,1.20975289012187
1161,19.35,0.379899838729501,0.451364290324244,0.179456485124718,1.21082219585383
1161.2,19.3533333333333,0.379916068342259,0.451529688907319,0.179498425002438,1.21189052988964
1161.4,19.3566666666667,0.379932300454551,0.451694656539044,0.179540229716417,1.21295789321556
1161.6,19.36,0.379948535104662,0.451859194521331,0.179581899811784,1.21402428681711
1161.8,19.3633333333333,0.379964772330485,0.452023304152346,0.179623435831564,1.21508971167905
1162,19.3666666666667,0.379981012169527,0.452186986726509,0.179664838316688,1.2161541687854
1162.2,19.37,0.37999725465891,0.452350243534514,0.179706107806,1.21721765911939
1162.4,19.3733333333333,0.380013499835376,0.45251307586333,0.179747244836266,1.2182801836635
1162.6,19.3766666666667,0.380029747735286,0.452675484996217,0.179788249942178,1.21934174339947
1162.8,19.38,0.380045998394626,0.452837472212732,0.179829123656367,1.22040233930824
1163,19.3833333333333,0.380062251849011,0.452999038788741,0.179869866509404,1.22146197237002
1163.2,19.3866666666667,0.380078508133684,0.453160185996426,0.179910479029813,1.22252064356422
1163.4,19.39,0.38009476728352,0.453320915104294,0.179950961744076,1.2235783538695
1163.6,19.3933333333333,0.38011102933303,0.453481227377193,0.179991315176639,1.22463510426375
1163.8,19.3966666666667,0.380127294316364,0.453641124076313,0.180031539849924,1.22569089572408
1164,19.4,0.380143562267312,0.4538006064592,0.18007163628433,1.22674572922684
1164.2,19.4033333333333,0.380159833219307,0.453959675779767,0.180111604998247,1.22779960574761
1164.4,19.4066666666667,0.380176107205429,0.4541183332883,0.180151446508058,1.22885252626116
1164.6,19.41,0.380192384258405,0.454276580231467,0.180191161328149,1.22990449174153
1164.8,19.4133333333333,0.380208664410615,0.454434417852332,0.180230749970917,1.23095550316194
1165,19.4166666666667,0.380224947694094,0.454591847390361,0.180270212946774,1.23200556149487
1165.2,19.42,0.38024123414053,0.454748870081432,0.180309550764157,1.23305466771199
1165.4,19.4233333333333,0.380257523781272,0.454905487157843,0.180348763929535,1.23410282278419
1165.6,19.4266666666667,0.380273816647332,0.455061699848325,0.180387852947416,1.2351500276816
1165.8,19.43,0.380290112769384,0.455217509378049,0.180426818320351,1.23619628337354
1166,19.4333333333333,0.380306412177769,0.455372916968633,0.180465660548948,1.23724159082856
1166.2,19.4366666666667,0.380322714902497,0.455527923838157,0.180504380131872,1.23828595101441
1166.4,19.44,0.38033902097325,0.455682531201167,0.180542977565855,1.23932936489807
1166.6,19.4433333333333,0.380355330419384,0.455836740268687,0.180581453345706,1.24037183344572
1166.8,19.4466666666667,0.380371643269932,0.455990552248229,0.180619807964312,1.24141335762275
1167,19.45,0.380387959553603,0.456143968343798,0.180658041912651,1.24245393839375
1167.2,19.4533333333333,0.380404279298789,0.456296989755908,0.180696155679794,1.24349357672254
1167.4,19.4566666666667,0.380420602533567,0.456449617681583,0.180734149752916,1.24453227357213
1167.6,19.46,0.380436929285698,0.456601853314374,0.1807720246173,1.24557002990472
1167.8,19.4633333333333,0.38045325958263,0.456753697844363,0.180809780756346,1.24660684668176
1168,19.4666666666667,0.380469593451504,0.456905152458175,0.180847418651576,1.24764272486385
1168.2,19.47,0.380485930919152,0.457056218338984,0.180884938782643,1.24867766541084
1168.4,19.4733333333333,0.380502272012102,0.457206896666525,0.180922341627336,1.24971166928174
1168.6,19.4766666666667,0.380518616756578,0.457357188617104,0.180959627661587,1.25074473743478
1168.8,19.48,0.380534965178505,0.457507095363602,0.180996797359481,1.25177687082739
1169,19.4833333333333,0.380551317303509,0.45765661807549,0.181033851193257,1.2528080704162
1169.2,19.4866666666667,0.380567673156919,0.457805757918835,0.18107078963332,1.25383833715702
1169.4,19.49,0.380584032763772,0.457954516056307,0.181107613148246,1.25486767200488
1169.6,19.4933333333333,0.380600396148811,0.458102893647194,0.181144322204786,1.25589607591398
1169.8,19.4966666666667,0.38061676333649,0.458250891847404,0.181180917267878,1.25692354983774
1170,19.5,0.380633134350977,0.458398511809479,0.181217398800649,1.25795009472874
1170.2,19.5033333333333,0.380649509216153,0.458545754682602,0.181253767264425,1.25897571153879
1170.4,19.5066666666667,0.380665887955617,0.458692621612608,0.181290023118734,1.26000040121887
1170.6,19.51,0.380682270592684,0.458839113741987,0.181326166821317,1.26102416471914
1170.8,19.5133333333333,0.380698657150394,0.4589852322099,0.18136219882813,1.26204700298897
1171,19.5166666666667,0.380715047651505,0.459130978152186,0.181398119593356,1.26306891697692
1171.2,19.52,0.380731442118505,0.459276352701366,0.181433929569405,1.26408990763072
1171.4,19.5233333333333,0.380747840573605,0.459421356986658,0.181469629206926,1.2651099758973
1171.6,19.5266666666667,0.380764243038746,0.459565992133984,0.181505218954811,1.26612912272276
1171.8,19.53,0.380780649535601,0.459710259265976,0.181540699260202,1.26714734905242
1172,19.5333333333333,0.380797060085574,0.45985415950199,0.181576070568498,1.26816465583074
1172.2,19.5366666666667,0.380813474709806,0.459997693958108,0.181611333323358,1.2691810440014
1172.4,19.54,0.380829893429174,0.460140863747153,0.181646487966715,1.27019651450725
1172.6,19.5433333333333,0.380846316264291,0.460283669978695,0.181681534938773,1.27121106829031
1172.8,19.5466666666667,0.380862743235515,0.460426113759059,0.181716474678021,1.2722247062918
1173,19.55,0.380879174362943,0.460568196191336,0.181751307621235,1.27323742945211
1173.2,19.5533333333333,0.380895609666418,0.460709918375389,0.181786034203487,1.27424923871082
1173.4,19.5566666666667,0.380912049165528,0.460851281407864,0.181820654858147,1.27526013500668
1173.6,19.56,0.380928492879611,0.460992286382196,0.181855170016895,1.27627011927761
1173.8,19.5633333333333,0.380944940827752,0.461132934388621,0.181889580109725,1.27727919246073
1174,19.5666666666667,0.380961393028792,0.461273226514182,0.181923885564948,1.27828735549233
1174.2,19.57,0.38097784950132,0.461413163842737,0.181958086809203,1.27929460930786
1174.4,19.5733333333333,0.380994310263685,0.461552747454972,0.181992184267461,1.28030095484197
1174.6,19.5766666666667,0.38101077533399,0.461691978428404,0.182026178363031,1.28130639302847
1174.8,19.58,0.381027244730099,0.461830857837392,0.182060069517566,1.28231092480035
1175,19.5833333333333,0.381043718469635,0.461969386753148,0.18209385815107,1.28331455108977
1175.2,19.5866666666667,0.381060196569984,0.46210756624374,0.182127544681905,1.28431727282807
1175.4,19.59,0.381076679048296,0.462245397374105,0.182161129526793,1.28531909094576
1175.6,19.5933333333333,0.381093165921487,0.462382881206055,0.182194613100829,1.28632000637251
1175.8,19.5966666666667,0.381109657206239,0.462520018798287,0.182227995817479,1.28732002003719
1176,19.6,0.381126152919006,0.462656811206392,0.182261278088592,1.28831913286782
1176.2,19.6033333333333,0.381142653076009,0.462793259482859,0.182294460324404,1.28931734579158
1176.4,19.6066666666667,0.381159157693245,0.46292936467709,0.182327542933544,1.29031465973486
1176.6,19.61,0.381175666786483,0.463065127835401,0.182360526323039,1.29131107562317
1176.8,19.6133333333333,0.381192180371268,0.463200550001038,0.182393410898321,1.29230659438122
1177,19.6166666666667,0.381208698462923,0.463335632214179,0.182426197063235,1.29330121693289
1177.2,19.62,0.381225221076549,0.463470375511947,0.18245888522004,1.29429494420121
1177.4,19.6233333333333,0.381241748227029,0.463604780928413,0.182491475769419,1.2952877771084
1177.6,19.6266666666667,0.381258279929027,0.463738849494611,0.182523969110483,1.29627971657582
1177.8,19.63,0.38127481619699,0.463872582238539,0.182556365640778,1.29727076352401
1178,19.6333333333333,0.381291357045153,0.464005980185174,0.18258866575629,1.29826091887269
1178.2,19.6366666666667,0.381307902487534,0.464139044356476,0.18262086985145,1.29925018354072
1178.4,19.64,0.381324452537943,0.464271775771396,0.182652978319142,1.30023855844614
1178.6,19.6433333333333,0.381341007209977,0.464404175445886,0.182684991550707,1.30122604450615
1178.8,19.6466666666667,0.381357566517026,0.464536244392908,0.182716909935949,1.30221264263713
1179,19.65,0.381374130472272,0.464667983622439,0.182748733863142,1.30319835375459
1179.2,19.6533333333333,0.381390699088693,0.464799394141482,0.182780463719033,1.30418317877324
1179.4,19.6566666666667,0.38140727237906,0.464930476954073,0.182812099888851,1.30516711860692
1179.6,19.66,0.381423850355944,0.465061233061286,0.182843642756311,1.30615017416867
1179.8,19.6633333333333,0.381440433031713,0.465191663461249,0.182875092703617,1.30713234637065
1180,19.6666666666667,0.381457020418536,0.465321769149143,0.182906450111475,1.30811363612422
1182,19.7,0.381623047918345,0.466612316276105,0.183217033237728,1.31789789391507
1184,19.7333333333333,0.381788917034488,0.467871037753259,0.183518609166256,1.32759450412906
1186,19.7666666666667,0.381936708926374,0.46909896001582,0.183811574003253,1.33720445924298
1188,19.8,0.381590656911599,0.470298570125037,0.184097054659121,1.34673097324024
1190,19.8333333333333,0.368085516663668,0.47151200350652,0.184396018415253,1.35623666893967
1192,19.8666666666667,0.00426703778616611,0.473837562472403,0.18525794624532,1.36736587712743
1194,19.9,0,0.506489838523604,0.201301912959025,1.42386886682515
1196,19.9333333333333,0,0.540581701270509,0.21791665605032,1.48342467141199
1198,19.9666666666667,0,0.573945248840177,0.234016840333226,1.54281656190215
1200,20,0,0.606400940063421,0.24952222895976,1.60174433320836
1202,20.0333333333333,0,0.637951953695459,0.264444449504167,1.66017683591825
1204,20.0666666666667,0,0.668619324866791,0.278803644600109,1.71811015786889
1206,20.1,0,0.698425645140144,0.292620250609576,1.77554370005104
1208,20.1333333333333,0,0.727393410716428,0.305914183265602,1.83247773538353
1210,20.1666666666667,0,0.755544824278937,0.31870475779158,1.88891309852296
1212,20.2,0,0.782901746669236,0.331010684149635,1.944851094665
1214,20.2333333333333,0,0.809485668656032,0.342850071804246,2.00029343723653
1216,20.2666666666667,0,0.835317689260812,0.354240437155304,2.05524219478361
1218,20.3,0,0.860418498697787,0.365198712661313,2.10969974434272
1220,20.3333333333333,0,0.884808365209766,0.375741257295277,2.16366873035896
1222,20.3666666666667,0,0.908507125268104,0.385883868072613,2.21715202847232
1224,20.4,0,0.931534176680488,0.395641792430559,2.27015271358917
1226,20.4333333333333,0,0.953908474207856,0.405029741269324,2.32267403172816
1228,20.4666666666667,0,0.975648527341417,0.414061902491608,2.37471937519132
1230,20.5,0,0.996772399934251,0.422751954900153,2.42629226066543
1232,20.5333333333333,0,1.01729771142014,0.431113082333074,2.47739630990619
1234,20.5666666666667,0,1.03724163938578,0.439157987934271,2.52803523269964
1236,20.6,0,1.0566209232919,0.446898908471487,2.5782128118317
1238,20.6333333333333,0,1.07545186916469,0.45434762862792,2.62793288982939
1240,20.6666666666667,0,1.09375035510153,0.461515495204865,2.67719935726517
1242,20.7,0,1.11153183745483,0.468413431182978,2.72601614244113
1244,20.7333333333333,0,1.12881135757536,0.475051949598502,2.77438720229139
1246,20.7666666666667,0,1.14560354901153,0.481441167198391,2.8223165143605
1248,20.8,0,1.16192264507484,0.487590817844901,2.86980806973245
1250,20.8333333333333,0,1.17778248669301,0.49351026564588,2.91686586679978
1252,20.8666666666667,0,1.19319653048306,0.499208517791969,2.96349390577545
1254,20.9,0,1.20817785698541,0.504694237086147,3.00969618386156
1256,20.9333333333333,0,1.22273917900808,0.509975754154741,3.05547669099916
1258,20.9666666666667,0,1.23689285003703,0.515061079332173,3.10083940613232
1260,21,0,1.25065087267476,0.519957914214407,3.14578829392751
1262,21.0333333333333,0,1.26402490707455,0.524673662878357,3.19032730189611
1264,21.0666666666667,0,1.27702627934267,0.529215442766509,3.2344603578741
1266,21.1,0,1.2896659898846,0.533590095237635,3.27819136781834
1268,21.1333333333333,0,1.30195472167515,0.537804195785907,3.32152421388341
1270,21.1666666666667,0,1.31390284843549,0.541864063931894,3.36446275274725
1272,21.2,0,1.32552044270269,0.545775772789874,3.40701081415764
1274,21.2333333333333,0,1.33681728377993,0.549545158316751,3.44917219967449
1276,21.2666666666667,0,1.34780286555753,0.553177828248481,3.49095068158595
1278,21.3,0,1.3584864041968,0.556679170730466,3.53235000197901
1280,21.3333333333333,0,1.36887684567035,0.560054362648792,3.57337387194702
1282,21.3666666666667,0,1.37898287315374,0.563308377669512,3.61402597091919
1284,21.4,0,1.38881291426479,0.566445993993402,3.65430994609808
1286,21.4333333333333,0,1.39837514814766,0.569471801833816,3.69422941199341
1288,21.4666666666667,0,1.40767751239988,0.572390210625353,3.73378795004124
1290,21.5,0,1.41672770984122,0.575205455971112,3.77298910829915
1292,21.5333333333333,0,1.42553321512405,0.577921606336332,3.81183640120889
1294,21.5666666666667,0,1.43410128118527,0.580542569496185,3.85033330941915
1296,21.6,0,1.44243894554057,0.58307209874543,3.88848327966157
1298,21.6333333333333,0,1.45055303642199,0.585513798877557,3.92628972467429
1300,21.6666666666667,0,1.45845017876043,0.587871131940956,3.96375602316751
1302,21.7,0,1.46613680001465,0.590147422779499,4.00088551982663
1304,21.7333333333333,0,1.47361913584897,0.592345864364811,4.0376815253485
1306,21.7666666666667,0,1.48090323566181,0.594469522927335,4.07414731650726
1308,21.8,0,1.48799496796746,0.596521342893155,4.11028613624633
1310,21.8333333333333,0,1.49490002563378,0.598504151633359,4.14610119379359
1312,21.8666666666667,0,1.5016239309783,0.600420664032561,4.18159566479715
1314,21.9,0,1.50817204072572,0.602273486883022,4.21677269147925
1316,21.9333333333333,0,1.51454955082945,0.604065123110623,4.25163538280625
1318,21.9666666666667,0,1.5207615011602,0.605797975838789,4.2861868146728
1320,22,0,1.52681278006449,0.607474352296245,4.32043003009845
1322,22.0333333333333,0,1.53270812879612,0.609096467574336,4.35436803943529
1324,22.0666666666667,0,1.53845214582334,0.610666448239456,4.38800382058511
1326,22.1,0,1.54404929101499,0.612186335805944,4.42134031922509
1328,22.1333333333333,0,1.54950388970824,0.613658090074638,4.45438044904065
1330,22.1666666666667,0,1.55482013666105,0.61508359234212,4.48712709196478
1332,22.2,0,1.56000209989221,0.616464648485491,4.51958309842279
1334,22.2333333333333,0,1.56505372441172,0.617802991927367,4.55175128758172
1336,22.2666666666667,0,1.56997883584453,0.619100286485629,4.58363444760385
1338,22.3,0,1.57478114395022,0.620358129112277,4.61523533590344
1340,22.3333333333333,0,1.57946424604151,0.621578052525633,4.64655667940641
1342,22.3666666666667,0,1.58403163030423,0.622761527739925,4.67760117481225
1344,22.4,0,1.58848667902148,0.623909966496201,4.70837148885783
1346,22.4333333333333,0,1.59283267170439,0.625024723598337,4.73887025858263
1348,22.4666666666667,0,1.59707278813226,0.62610709915778,4.76910009159508
1350,22.5,0,1.60121011130446,0.62715834075055,4.79906356633968
1352,22.5333333333333,0,1.60524763030644,0.628179645489864,4.82876323236455
1354,22.5666666666667,0,1.60918824309244,0.629172162017652,4.85820161058927
1356,22.6,0,1.61303475918704,0.630136992418091,4.88738119357265
1358,22.6333333333333,0,1.61678990230794,0.631075194056182,4.91630444578031
1360,22.6666666666667,0,1.62045631291216,0.631987781344274,4.9449738038518
1362,22.7,0,1.62403655066777,0.632875727439329,4.97339167686724
1364,22.7333333333333,0,1.62753309685341,0.633739965873618,5.00156044661315
1366,22.7666666666667,0,1.63094835668746,0.634581392121454,5.02948246784748
1368,22.8,0,1.63428466158905,0.635400865104425,5.05716006856364
1370,22.8333333333333,0,1.63754427137276,0.636199208637549,5.0845955502535
1372,22.8666666666667,0,1.64072937637893,0.636977212818648,5.11179118816916
1374,22.9,0,1.64384209954149,0.637735635363154,5.13874923158354
1376,22.9333333333333,0,1.64688449839507,0.638475202886485,5.16547190404963
1378,22.9666666666667,0,1.64985856702308,0.63919661213604,5.19196140365832
1380,23,0,1.65276623794863,0.639900531174786,5.21821990329483
1382,23.0333333333333,0,1.65560938396985,0.640587600518334,5.24424955089367
1384,23.0666666666667,0,1.65838981994117,0.64125843422732,5.27005246969204
1386,23.1,0,1.6611093045023,0.641913620956857,5.29563075848168
1388,23.1333333333333,0,1.66376954175627,0.642553724964726,5.32098649185911
1390,23.1666666666667,0,1.66637218289811,0.643179287079943,5.34612172047427
1392,23.2,0,1.66891882779564,0.643790825633238,5.37103847127752
1394,23.2333333333333,0,1.67141102652364,0.644388837350967,5.39573874776494
1396,23.2666666666667,0,1.6738502808529,0.644973798213871,5.420224530222
1398,23.3,0,1.67623804569547,0.645546164282081,5.44449777596547
1400,23.3333333333333,0,1.67857573050723,0.646106372487686,5.46856041958374
1402,23.3666666666667,0,1.68086470064933,0.64665484139615,5.49241437317532
1404,23.4,0,1.68310627870937,0.647191971937799,5.51606152658571
1406,23.4333333333333,0,1.68530174578378,0.64771814811055,5.53950374764248
1408,23.4666666666667,0,1.68745234272238,0.64823373765503,5.56274288238872
1410,23.5,0,1.68955927133637,0.648739092703164,5.58578075531471
1412,23.5333333333333,0,1.69162369557063,0.649234550401269,5.6086191695879
1414,23.5666666666667,0,1.69364674264162,0.649720433508682,5.63125990728117
1416,23.6,0,1.69562950414171,0.650197050972863,5.65370472959941
1418,23.6333333333333,0,1.69757303711104,0.650664698481909,5.67595537710437
1420,23.6666666666667,0,1.69947836507777,0.65112365899538,5.69801356993782
1422,23.7,0,1.7013464790678,0.651574203254276,5.71988100804303
1424,23.7333333333333,0,1.70317833858474,0.652016590270999,5.74155937138458
1426,23.7666666666667,0,1.70497487256101,0.652451067800083,5.76305032016646
1428,23.8,0,1.70673698028103,0.652877872790459,5.78435549504858
1430,23.8333333333333,0,1.70846553227719,0.65329723181997,5.80547651736151
1432,23.8666666666667,0,1.71016137119955,0.653709361512858,5.82641498931971
1434,23.9,0,1.71182531265992,0.654114468940868,5.847172494233
1436,23.9333333333333,0,1.71345814605113,0.654512752008641,5.86775059671652
1438,23.9666666666667,0,1.71506063534226,0.654904399823999,5.88815084289897
1440,24,0,1.71663351985047,0.65528959305373,5.90837476062934
1442,24.0333333333333,0,1.71817751499019,0.655668504265434,5.92842385968196
1444,24.0666666666667,0,1.71969331300029,0.65604129825599,5.94829963196003
1446,24.1,0,1.72118158364994,0.65640813236717,5.96800355169758
1448,24.1333333333333,0,1.72264297492371,0.656769156788902,5.98753707565981
1450,24.1666666666667,0,1.72407811368658,0.657124514850677,6.00690164334195
1452,24.2,0,1.72548760632951,0.657474343301562,6.02609867716653
1454,24.2333333333333,0,1.72687203939595,0.657818772579273,6.04512958267915
1456,24.2666666666667,0,1.72823198019015,0.658157927068742,6.06399574874275
1458,24.3,0,1.7295679773675,0.658491925350576,6.08269854773031
1460,24.3333333333333,0,1.73088056150767,0.658820880439835,6.10123933571613
1462,24.3666666666667,0,1.73217024567092,0.659144900015489,6.11961945266558
1464,24.4,0,1.73343752593817,0.659464086640924,6.13784022262338
1466,24.4333333333333,0,1.73468288193519,0.659778537975861,6.15590295390046
1468,24.4666666666667,0,1.73590677734158,0.660088346980018,6.17380893925931
1470,24.5,0,1.7371096603847,0.660393602108843,6.1915594560979
1472,24.5333333333333,0,1.73829196431933,0.660694387501628,6.20915576663221
1474,24.5666666666667,0,1.73945410789322,0.660990783162312,6.2265991180773
1476,24.6,0,1.74059649579903,0.661282865133248,6.24389074282697
1478,24.6333333333333,0,1.74171951911312,0.661570705662225,6.26103185863203
1480,24.6666666666667,0,1.74282355572154,0.661854373363005,6.27802366877719
1482,24.7,0,1.74390897073352,0.662133933369624,6.29486736225652
1484,24.7333333333333,0,1.74497611688298,0.662409447484715,6.31156411394759
1486,24.7666666666667,0,1.7460253349183,0.662680974322076,6.32811508478423
1488,24.8,0,1.74705695398071,0.66294856944372,6.3445214219279
1490,24.8333333333333,0,1.74807129197167,0.663212285491617,6.36078425893778
1492,24.8666666666667,0,1.74906865590958,0.663472172314336,6.37690471593944
1494,24.9,0,1.75004934227609,0.663728277088794,6.39288389979226
1496,24.9333333333333,0,1.75101363735226,0.663980644437297,6.40872290425549
1498,24.9666666666667,0,1.75196181754506,0.664229316540064,6.42442281015299
1500,25,0,1.75289414970431,0.664474333243405,6.4399846855367
1502,25.0333333333333,0,1.75381089143038,0.664715732163726,6.45540958584875
1504,25.0666666666667,0,1.75471229137302,0.664953548787531,6.47069855408237
1506,25.1,0,1.75559858952143,0.665187816567563,6.48585262094146
1508,25.1333333333333,0,1.75647001748595,0.665418567015251,6.50087280499886
1510,25.1666666666667,0,1.75732679877161,0.665645829789596,6.51576011285344
1512,25.2,0,1.75816914904361,0.665869632782642,6.53051553928587
1514,25.2333333333333,0,1.75899727638526,0.666090002201661,6.54514006741313
1516,25.2666666666667,0,1.7598113815483,0.666306962648183,6.5596346688418
1518,25.3,0,1.76061165819606,0.666520537193994,6.57400030382014
1520,25.3333333333333,0,1.76139829313948,0.666730747454216,6.58823792138885
1522,25.3666666666667,0,1.76217146656638,0.666937613657591,6.60234845953068
1524,25.4,0,1.76293135226399,0.667141154714065,6.61633284531881
1526,25.4333333333333,0,1.76367811783514,0.667341388279792,6.63019199506396
1528,25.4666666666667,0,1.76441192490807,0.667538330819647,6.64392681446041
1530,25.5,0,1.76513292934024,0.667731997667344,6.65753819873063
1532,25.5333333333333,0,1.76584128141623,0.667922403083266,6.67102703276894
1534,25.5666666666667,0,1.76653712603987,0.668109560310073,6.68439419128378
1536,25.6,0,1.76722060292083,0.668293481626192,6.69764053893892
1538,25.6333333333333,0,1.76789184675581,0.66847417839727,6.71076693049343
1540,25.6666666666667,0,1.76855098740449,0.668651661125651,6.72377421094049
1542,25.7,0,1.76919815006032,0.668825939497975,6.73666321564506
1544,25.7333333333333,0,1.76983345541647,0.668997022430956,6.7494347704803
1546,25.7666666666667,0,1.7704570198269,0.669164918115415,6.76208969196294
1548,25.8,0,1.77106895546273,0.669329634058636,6.77462878738738
1550,25.8333333333333,0,1.77166937046421,0.669491177125105,6.78705285495876
1552,25.8666666666667,0,1.77225836908812,0.669649553575692,6.79936268392478
1554,25.9,0,1.77283605185103,0.669804769105349,6.81155905470639
1556,25.9333333333333,0,1.77340251566833,0.669956828879356,6.82364273902743
1558,25.9666666666667,0,1.77395785398922,0.670105737568195,6.83561450004301
1560,26,0,1.77450215692789,0.670251499381092,6.84747509246688
1562,26.0333333333333,0,1.7750355113907,0.670394118098271,6.85922526269753
1564,26.0666666666667,0,1.77555800119985,0.670533597101984,6.87086574894334
1566,26.1,0,1.77606970721334,0.670669939406352,6.88239728134645
1568,26.1333333333333,0,1.77657070744147,0.670803147686063,6.89382058210562
1570,26.1666666666667,0,1.77706107715995,0.67093322430397,6.90513636559794
1572,26.2,0,1.77754088901972,0.671060171337637,6.91634533849942
1574,26.2333333333333,0,1.77801021315355,0.671183990604864,6.92744819990448
1576,26.2666666666667,0,1.77846911727953,0.671304683688224,6.93844564144437
1578,26.3,0,1.77891766680152,0.671422251958665,6.94933834740445
1580,26.3333333333333,0,1.77935592490671,0.671536696598201,6.96012699484038
1582,26.3666666666667,0,1.77978395266022,0.671648018621717,6.97081225369327
1584,26.4,0,1.78020180909706,0.671756218897946,6.98139478690362
1586,26.4333333333333,0,1.78060955131125,0.671861298169616,6.99187525052434
1588,26.4666666666667,0,1.78100723454241,0.671963257072825,7.00225429383254
1590,26.5,0,1.78139491225973,0.672062096155653,7.0125325594403
1592,26.5333333333333,0,1.78177263624353,0.672157815896054,7.02271068340438
1594,26.5666666666667,0,1.78214045666431,0.672250416719036,7.03278929533481
1596,26.6,0,1.78249842215954,0.672339899013169,7.04276901850247
1598,26.6333333333333,0,1.78284657990814,0.672426263146446,7.0526504699455
1600,26.6666666666667,0,1.78318497570269,0.672509509481502,7.06243426057476
1602,26.7,0,1.78351365401954,0.672589638390236,7.07212099527813
1604,26.7333333333333,0,1.78383265808683,0.672666650267844,7.08171127302382
1606,26.7666666666667,0,1.78414202995039,0.672740545546284,7.09120568696255
1608,26.8,0,1.78444181053771,0.672811324707199,7.10060482452874
1610,26.8333333333333,0,1.78473203971999,0.672878988294311,7.10990926754062
1612,26.8666666666667,0,1.78501275637223,0.672943536925307,7.11911959229925
1614,26.9,0,1.78528399843158,0.673004971303234,7.12823636968657
1616,26.9333333333333,0,1.78554580295387,0.673063292227422,7.13726016526234
1618,26.9666666666667,0,1.78579820616837,0.673118500603942,7.14619153936002
1620,27,0,1.78604124353092,0.673170597455629,7.15503104718172
1622,27.0333333333333,0,1.78627494977536,0.673219583931675,7.16377923889195
1624,27.0666666666667,0,1.78649935896345,0.673265461316804,7.17243665971047
1626,27.1,0,1.7867145045331,0.673308231040054,7.18100385000404
1628,27.1333333333333,0,1.78692041934522,0.673347894683166,7.18948134537715
1630,27.1666666666667,0,1.787117135729,0.673384453988604,7.19786967676168
1632,27.2,0,1.78730468552579,0.673417910867213,7.20616937050566
1634,27.2333333333333,0,1.78748310013156,0.673448267405521,7.21438094846081
1636,27.2666666666667,0,1.78765241053804,0.673475525872712,7.22250492806927
1638,27.3,0,1.78781264737249,0.673499688727262,7.2305418224491
1640,27.3333333333333,0,1.78796384093617,0.673520758623263,7.23849214047897
1642,27.3666666666667,0,1.78810602124161,0.673538738416437,7.24635638688166
1644,27.4,0,1.78823921804856,0.673553631169858,7.25413506230665
1646,27.4333333333333,0,1.78836346089885,0.673565440159372,7.26182866341167
1648,27.4666666666667,0,1.78847877914997,0.673574168878754,7.26943768294321
1650,27.5,0,1.78858520200763,0.673579821044582,7.27696260981614
1652,27.5333333333333,0,1.78868275855713,0.673582400600855,7.28440392919213
1654,27.5666666666667,0,1.78877147779367,0.67358191172335,7.29176212255731
1656,27.6,0,1.78885138865164,0.673578358823741,7.29903766779871
1658,27.6333333333333,0,1.78892252003283,0.673571746553467,7.30623103927986
1660,27.6666666666667,0,1.7889849008337,0.673562079807376,7.31334270791532
1662,27.7,0,1.78903855997165,0.673549363727141,7.32037314124427
1664,27.7333333333333,0,1.78908352641031,0.673533603704455,7.32732280350309
1666,27.7666666666667,0,1.78911982918396,0.673514805384014,7.33419215569691
1668,27.8,0,1.78914749742098,0.673492974666295,7.3409816556703
1670,27.8333333333333,0,1.78916656036651,0.67346811771013,7.34769175817685
1672,27.8666666666667,0,1.78917704740416,0.673440240935088,7.35432291494787
1674,27.9,0,1.78917898807692,0.673409351023668,7.36087557476009
1676,27.9333333333333,0,1.78917241210727,0.6733754549233,7.36735018350237
1678,27.9666666666667,0,1.78915734941646,0.67333855984818,7.37374718424146
1680,28,0,1.78913383014304,0.673298673280918,7.38006701728683
1682,28.0333333333333,0,1.78910188466059,0.673255802974026,7.38631012025449
1684,28.0666666666667,0,1.78906154359478,0.673209956951233,7.39247692812989
1686,28.1,0,1.78901283783961,0.673161143508648,7.39856787332985
1688,28.1333333333333,0,1.78895579857305,0.673109371215763,7.40458338576355
1690,28.1666666666667,0,1.7888904572719,0.6730546489163,7.4105238928926
1692,28.2,0,1.78881684572604,0.672996985728919,7.41638981979011
1694,28.2333333333333,0,1.78873499605199,0.672936391047775,7.42218158919887
1696,28.2666666666667,0,1.78864494070585,0.672872874542938,7.42789962158858
1698,28.3,0,1.78854671249561,0.672806446160676,7.43354433521214
1700,28.3333333333333,0,1.78844034459284,0.672737116123605,7.43911614616108
1702,28.3666666666667,0,1.78832587054379,0.672664894930712,7.44461546841993
1704,28.4,0,1.78820332427993,0.672589793357247,7.45004271391981
1706,28.4333333333333,0,1.78807274012788,0.672511822454494,7.45539829259105
1708,28.4666666666667,0,1.78793415281884,0.672430993549428,7.46068261241485
1710,28.5,0,1.78778759749741,0.672347318244248,7.46589607947414
1712,28.5333333333333,0,1.78763310972997,0.672260808415796,7.47103909800345
1714,28.5666666666667,0,1.78747072551245,0.672171476214877,7.4761120704379
1716,28.6,0,1.78730048127769,0.672079334065453,7.48111539746134
1718,28.6333333333333,0,1.78712241390222,0.671984394663748,7.48604947805352
1720,28.6666666666667,0,1.78693656071264,0.671886670977241,7.49091470953647
1722,28.7,0,1.78674295949146,0.671786176243564,7.49571148761991
1724,28.7333333333333,0,1.78654164848256,0.671682923969299,7.50044020644584
1726,28.7666666666667,0,1.78633266639613,0.671576927928683,7.50510125863225
1728,28.8,0,1.78611605241321,0.67146820216222,7.50969503531593
1730,28.8333333333333,0,1.78589184618981,0.671356760975198,7.51422192619446
1732,28.8666666666667,0,1.78566008786061,0.671242618936131,7.51868231956732
1734,28.9,0,1.78542081804224,0.671125790875099,7.52307660237615
1736,28.9333333333333,0,1.78517407783617,0.671006291882014,7.52740516024416
1738,28.9666666666667,0,1.78491990883124,0.670884137304807,7.53166837751469
1740,29,0,1.78465835310577,0.670759342747529,7.53586663728895
1742,29.0333333333333,0,1.78438945322935,0.670631924068377,7.54000032146295
1744,29.0666666666667,0,1.78411325226421,0.670501897377651,7.5440698107635
1746,29.1,0,1.7838297937663,0.670369279035625,7.54807548478352
1748,29.1333333333333,0,1.783539121786,0.67023408565036,7.55201772201644
1750,29.1666666666667,0,1.7832412808685,0.670096334075442,7.55589689988984
1752,29.2,0,1.78293631605383,0.66995604140765,7.55971339479822
1754,29.2333333333333,0,1.78262427287663,0.669813224984561,7.56346758213507
1756,29.2666666666667,0,1.78230519736558,0.669667902382096,7.56715983632405
1758,29.3,0,1.78197913604247,0.669520091411991,7.57079053084939
1760,29.3333333333333,0,1.7816461359211,0.669369810119221,7.57436003828561
1762,29.3666666666667,0,1.78130624450577,0.669217076779361,7.57786873032629
1764,29.4,0,1.78095950978958,0.669061909895883,7.58131697781224
1766,29.4333333333333,0,1.78060598025239,0.668904328197407,7.58470515075877
1768,29.4666666666667,0,1.78024570485859,0.668744350634895,7.58803361838226
1770,29.5,0,1.7798787330545,0.668581996378788,7.59130274912601
1772,29.5333333333333,0,1.77950511476563,0.668417284816103,7.59451291068522
1774,29.5666666666667,0,1.77912490039365,0.668250235547467,7.59766447003138
1776,29.6,0,1.77873814081308,0.668080868384117,7.6007577934358
1778,29.6333333333333,0,1.77834488736784,0.66790920334484,7.60379324649249
1780,29.6666666666667,0,1.77794519186747,0.667735260652886,7.60677119414023
1782,29.7,0,1.77753910658318,0.667559060732816,7.60969200068403
1784,29.7333333333333,0,1.77712668424373,0.667380624207329,7.6125560298158
1786,29.7666666666667,0,1.776707978031,0.667199971894031,7.61536364463433
1788,29.8,0,1.77628304157543,0.66701712480218,7.61811520766456
1790,29.8333333333333,0,1.77585192895126,0.666832104129383,7.62081108087621
1792,29.8666666666667,0,1.77541469467154,0.666644931258259,7.62345162570167
1794,29.9,0,1.77497139368297,0.666455627753071,7.62603720305322
1796,29.9333333333333,0,1.7745220813606,0.666264215356317,7.62856817333956
1798,29.9666666666667,0,1.77406681350226,0.666070715985297,7.63104489648177
1800,30,0,1.77360564632296,0.665875151728643,7.63346773192846
1802,30.0333333333333,0,1.77313863644896,0.665677544842819,7.63583703867036
1804,30.0666666666667,0,1.7726658409118,0.665477917748599,7.63815317525429
1806,30.1,0,1.77218731714216,0.665276293027507,7.64041649979639
1808,30.1333333333333,0,1.77170312296349,0.665072693418241,7.64262736999479
1810,30.1666666666667,0,1.77121331658563,0.664867141813064,7.64478614314165
1812,30.2,0,1.77071795659811,0.664659661254179,7.64689317613454
1814,30.2333333333333,0,1.77021710196353,0.664450274930075,7.64894882548729
1816,30.2666666666667,0,1.76971081201058,0.664239006171854,7.65095344734008
1818,30.3,0,1.76919914642715,0.664025878449538,7.65290739746913
1820,30.3333333333333,0,1.76868216525312,0.663810915368356,7.65481103129564
1822,30.3666666666667,0,1.7681599288732,0.663594140665014,7.6566647038942
1824,30.4,0,1.76763249800954,0.663375578203948,7.65846877000066
1826,30.4333333333333,0,1.76709993371428,0.66315525197356,7.66022358401937
1828,30.4666666666667,0,1.766562297362,0.66293318608244,7.66192950002987
1830,30.5,0,1.76601965064205,0.662709404755574,7.66358687179307
1832,30.5333333333333,0,1.76547205555076,0.662483932330542,7.6651960527568
1834,30.5666666666667,0,1.76491957438363,0.662256793253701,7.66675739606089
1836,30.6,0,1.76436226972736,0.662028012076355,7.66827125454169
1838,30.6333333333333,0,1.76380020445182,0.661797613450928,7.66973798073603
1840,30.6666666666667,0,1.76323344170195,0.661565622127113,7.67115792688471
1842,30.7,0,1.76266204488955,0.661332062948019,7.67253144493545
1844,30.7333333333333,0,1.76208607768506,0.661096960846322,7.67385888654536
1846,30.7666666666667,0,1.76150560400915,0.660860340840392,7.67514060308282
1848,30.8,0,1.76092068802441,0.660622228030429,7.67637694562902
1850,30.8333333333333,0,1.76033139412683,0.660382647594594,7.67756826497888
1852,30.8666666666667,0,1.75973778693726,0.660141624785129,7.67871491164156
1854,30.9,0,1.7591399312929,0.659899184924488,7.67981723584048
1856,30.9333333333333,0,1.75853789223861,0.659655353401454,7.6808755875129
1858,30.9666666666667,0,1.75793173501823,0.659410155667267,7.68189031630899
1860,31,0,1.75732152506587,0.65916361723175,7.68286177159053
1862,31.0333333333333,0,1.75670732799715,0.65891576365943,7.68379030242909
1864,31.0666666666667,0,1.75608920960035,0.658666620565675,7.68467625760383
1866,31.1,0,1.75546723582759,0.65841621361282,7.68551998559887
1868,31.1333333333333,0,1.75484147278595,0.658164568506314,7.68632183460021
1870,31.1666666666667,0,1.75421198672853,0.657911710990855,7.68708215249224
1872,31.2,0,1.75357884404555,0.657657666846546,7.68780128685392
1874,31.2333333333333,0,1.75294211125534,0.65740246188505,7.68847958495443
1876,31.2666666666667,0,1.75230185499542,0.657146121945756,7.68911739374857
1878,31.3,0,1.75165814201343,0.656888672891952,7.68971505987168
1880,31.3333333333333,0,1.75101103915814,0.65663014060701,7.69027292963419
1882,31.3666666666667,0,1.75036061337042,0.656370550990581,7.69079134901592
1884,31.4,0,1.74970693167421,0.656109929954798,7.69127066365982
1886,31.4333333333333,0,1.74905006116742,0.655848303420496,7.69171121886554
1888,31.4666666666667,0,1.74839006901296,0.655585697313442,7.69211335958255
1890,31.5,0,1.74772702242959,0.655322137560577,7.69247743040295
1892,31.5333333333333,0,1.74706098868295,0.655057650086277,7.69280377555398
1894,31.5666666666667,0,1.74639203507645,0.654792260808627,7.69309273889013
1896,31.6,0,1.74572022894225,0.654525995635707,7.69334466388501
1898,31.6333333333333,0,1.74504563763223,0.654258880461902,7.69355989362286
1900,31.6666666666667,0,1.74436832850895,0.65399094116422,7.6937387707898
1902,31.7,0,1.74368836893664,0.653722203598639,7.69388163766474
1904,31.7333333333333,0,1.74300582627222,0.653452693596466,7.69398883611003
1906,31.7666666666667,0,1.7423207678563,0.653182436960714,7.69406070756184
1908,31.8,0,1.74163326100424,0.652911459462502,7.6940975930202
1910,31.8333333333333,0,1.74094337299723,0.652639786837479,7.6940998330389
1912,31.8666666666667,0,1.74025117107333,0.652367444782262,7.69406776771498
1914,31.9,0,1.73955672241866,0.652094458950906,7.69400173667809
1916,31.9333333333333,0,1.73886009415851,0.651820854951384,7.69390207907953
1918,31.9666666666667,0,1.73816135334853,0.651546658342103,7.69376913358109
1920,32,0,1.73746056696595,0.651271894628439,7.69360323834367
1922,32.0333333333333,0,1.73675780190082,0.650996589259296,7.69340473101562
1924,32.0666666666667,0,1.73605312494735,0.650720767623689,7.69317394872092
1926,32.1,0,1.73534660279518,0.650444455047361,7.69291122804714
1928,32.1333333333333,0,1.73463830202082,0.650167676789419,7.69261690503317
1930,32.1666666666667,0,1.73392828907903,0.649890458038997,7.69229131515678
1932,32.2,0,1.7332166302943,0.649612823911955,7.691934793322
1934,32.2333333333333,0,1.73250339185241,0.649334799447599,7.69154767384629
1936,32.2666666666667,0,1.73178863979192,0.649056409605435,7.69113029044755
1938,32.3,0,1.7310724399959,0.648777679261948,7.690682976231
1940,32.3333333333333,0,1.7303548581835,0.648498633207417,7.69020606367583
1942,32.3666666666667,0,1.7296359599018,0.648219296142759,7.68969988462173
1944,32.4,0,1.72891581051751,0.647939692676401,7.68916477025531
1946,32.4333333333333,0,1.72819447520891,0.647659847321192,7.68860105109634
1948,32.4666666666667,0,1.7274720189577,0.64737978449134,7.68800905698386
1950,32.5,0,1.72674850654104,0.647099528499389,7.68738911706216
1952,32.5333333333333,0,1.72602400252361,0.646819103553225,7.68674155976671
1954,32.5666666666667,0,1.72529857124967,0.64653853375312,7.68606671280984
1956,32.6,0,1.72457227683534,0.64625784308881,7.6853649031665
1958,32.6333333333333,0,1.72384518316079,0.645977055436606,7.68463645705976
1960,32.6666666666667,0,1.72311735386265,0.64569619455655,7.68388169994629
1962,32.7,0,1.72238885232636,0.645415284089597,7.68310095650178
1964,32.7333333333333,0,1.72165974167873,0.645134347554842,7.68229455060625
1966,32.7666666666667,0,1.72093008478046,0.64485340834678,7.68146280532929
1968,32.8,0,1.72019994421885,0.644572489732611,7.68060604291522
1970,32.8333333333333,0,1.7194693823005,0.64429161484958,7.67972458476828
1972,32.8666666666667,0,1.71873846104413,0.644010806702352,7.67881875143766
1974,32.9,0,1.71800724217354,0.643730088160438,7.67788886260257
1976,32.9333333333333,0,1.71727578711056,0.643449481955653,7.67693523705721
1978,32.9666666666667,0,1.71654415696817,0.643169010679622,7.6759581926958
1980,33,0,1.71581241254366,0.642888696781318,7.67495804649749
1982,33.0333333333333,0,1.71508061431193,0.642608562564656,7.67393511451131
1984,33.0666666666667,0,1.71434882241883,0.642328630186116,7.67288971184112
1986,33.1,0,1.71361709667466,0.642048921652422,7.67182215263054
1988,33.1333333333333,0,1.71288549654771,0.641769458818253,7.67073275004785
1990,33.1666666666667,0,1.71215408115793,0.641490263384013,7.66962181627101
1992,33.2,0,1.71142290927069,0.641211356893627,7.66848966247257
1994,33.2333333333333,0,1.71069203929068,0.640932760732403,7.6673365988047
1996,33.2666666666667,0,1.70996152925585,0.640654496124924,7.66616293438419
1998,33.3,0,1.7092314368315,0.640376584132998,7.66496897727757
2000,33.3333333333333,0,1.70850181930447,0.640099045653644,7.66375503448617
2002,33.3666666666667,0,1.70777273357743,0.639821901417138,7.6625214119313
2004,33.4,0,1.70704423616332,0.639545171985096,7.66126841443952
2006,33.4333333333333,0,1.70631638317981,0.639268877748614,7.65999634572787
2008,33.4666666666667,0,1.705589230344,0.638993038926453,7.65870550838928
2010,33.5,0,1.70486283296712,0.638717675563271,7.65739620387802
2012,33.5333333333333,0,1.70413724594942,0.638442807527914,7.65606873249518
2014,33.5666666666667,0,1.70341252377516,0.638168454511748,7.65472339337436
2016,33.6,0,1.70268872050768,0.637894636027049,7.65336048446735
2018,33.6333333333333,0,1.70196588978469,0.63762137140544,7.65198030252997
2020,33.6666666666667,0,1.70124408481355,0.637348679796383,7.65058314310803
2022,33.7,0,1.70052335836678,0.637076580165723,7.64916930052336
2024,33.7333333333333,0,1.69980376277766,0.636805091294284,7.64773906786001
2026,33.7666666666667,0,1.69908534993593,0.63653423177652,7.64629273695058
2028,33.8,0,1.69836817128369,0.63626402001922,7.64483059836265
2030,33.8333333333333,0,1.69765227781133,0.635994474240265,7.64335294138539
2032,33.8666666666667,0,1.69693772005368,0.635725612467442,7.64186005401635
2034,33.9,0,1.69622454808625,0.635457452537315,7.64035222294829
2036,33.9333333333333,0,1.6955128115216,0.635190012094148,7.63882973355631
2038,33.9666666666667,0,1.69480255950588,0.634923308588889,7.63729286988509
2040,34,0,1.69409384071546,0.634657359278202,7.63574191463629
2042,34.0333333333333,0,1.69338670335373,0.63439218122357,7.63417714915614
2044,34.0666666666667,0,1.69268119514802,0.63412779129044,7.63259885342328
2046,34.1,0,1.69197736334669,0.633864206147439,7.63100730603669
2048,34.1333333333333,0,1.69127525471632,0.633601442265641,7.62940278420389
2050,34.1666666666667,0,1.69057491553909,0.633339515917893,7.62778556372937
2052,34.2,0,1.68987639161023,0.633078443178203,7.62615591900315
2054,34.2333333333333,0,1.68917972823571,0.632818239921186,7.62451412298961
2056,34.2666666666667,0,1.68848497023002,0.632558921821572,7.62286044721659
2058,34.3,0,1.68779216191409,0.632300504353768,7.62119516176459
2060,34.3333333333333,0,1.68710134711335,0.632043002791488,7.61951853525638
2062,34.3666666666667,0,1.68641256915604,0.631786432207437,7.61783083484667
2064,34.4,0,1.6857258708715,0.631530807473067,7.61613232621221
2066,34.4333333333333,0,1.68504129458879,0.631276143258378,7.61442327354197
2068,34.4666666666667,0,1.68435888213531,0.631022454031795,7.61270393952774
2070,34.5,0,1.68367867483566,0.630769754060102,7.61097458535485
2072,34.5333333333333,0,1.68300071351066,0.630518057408438,7.60923547069328
2074,34.5666666666667,0,1.68232503847646,0.630267377940352,7.60748685368898
2076,34.6,0,1.68165168954386,0.630017729317931,7.60572899095549
2078,34.6333333333333,0,1.68098070601776,0.629769125001979,7.60396213756582
2080,34.6666666666667,0,1.68031212669682,0.629521578252266,7.6021865470447
2082,34.7,0,1.67964598987315,0.629275102127841,7.60040247136102
2084,34.7333333333333,0,1.67898233333232,0.629029709487402,7.59861016092066
2086,34.7666666666667,0,1.67832119435343,0.628785412989738,7.59680986455959
2088,34.8,0,1.67766260970932,0.628542225094228,7.59500182953726
2090,34.8333333333333,0,1.67700661566705,0.628300158061408,7.59318630153036
2092,34.8666666666667,0,1.67635324798841,0.628059223953599,7.59136352462686
2094,34.9,0,1.67570254193068,0.627819434635598,7.58953374132039
2096,34.9333333333333,0,1.67505453224752,0.627580801775442,7.58769719250496
2098,34.9666666666667,0,1.67440925319001,0.627343336845218,7.58585411746998
2100,35,0,1.6737667385079,0.627107051121958,7.58400475389564
2102,35.0333333333333,0,1.67312702145093,0.626871955688581,7.58214933784869
2104,35.0666666666667,0,1.67249013477042,0.626638061434906,7.58028810377843
2106,35.1,0,1.67185611072093,0.626405379058732,7.57842128451319
2108,35.1333333333333,0,1.67122498106214,0.626173919066972,7.57654911125706
2110,35.1666666666667,0,1.67059677706089,0.625943691776855,7.57467181358708
2112,35.2,0,1.66997152949331,0.625714707317197,7.57278961945067
2114,35.2333333333333,0,1.66934926864723,0.625486975629726,7.57090275516352
2116,35.2666666666667,0,1.66873002432462,0.625260506470469,7.5690114454078
2118,35.3,0,1.6681138258443,0.625035309411214,7.56711591323078
2120,35.3333333333333,0,1.66750070204476,0.624811393841016,7.56521638004377
2122,35.3666666666667,0,1.66689068128711,0.62458876896778,7.56331306562143
2124,35.4,0,1.66628379145827,0.624367443819894,7.56140618810157
2126,35.4333333333333,0,1.66568005997421,0.624147427247932,7.55949596398518
2128,35.4666666666667,0,1.66507951378346,0.623928727926408,7.55758260813691
2130,35.5,0,1.66448217937071,0.623711354355598,7.55566633378597
2132,35.5333333333333,0,1.66388808276055,0.623495314863417,7.55374735252736
2134,35.5666666666667,0,1.66329724952141,0.623280617607352,7.55182587432348
2136,35.6,0,1.66270970476963,0.623067270576461,7.54990210750618
2138,35.6333333333333,0,1.66212547317369,0.62285528159342,7.54797625877917
2140,35.6666666666667,0,1.66154457895857,0.622644658316634,7.54604853322078
2142,35.7,0,1.66096704591028,0.622435408242399,7.54411913428722
2144,35.7333333333333,0,1.66039289738055,0.62222753870712,7.54218826381606
2146,35.7666666666667,0,1.65982215629158,0.622021056889589,7.54025612203031
2148,35.8,0,1.65925484514108,0.621815969813304,7.53832290754268
2150,35.8333333333333,0,1.65869098600732,0.621612284348852,7.53638881736041
2152,35.8666666666667,0,1.65813060055436,0.621410007216342,7.53445404689036
2154,35.9,0,1.65757371003746,0.621209144987878,7.53251878994454
2156,35.9333333333333,0,1.65702033530857,0.621009704090097,7.53058323874605
2158,35.9666666666667,0,1.65647049682198,0.620811690806741,7.5286475839354
2160,36,0,1.65592421464009,0.620615111281286,7.52671201457712
2162,36.0333333333333,0,1.65538150843932,0.620419971519614,7.52477671816691
2164,36.0666666666667,0,1.65484239751611,0.620226277392726,7.52284188063906
2166,36.1,0,1.65430690079313,0.620034034639505,7.52090768637428
2168,36.1333333333333,0,1.65377503682549,0.619843248869518,7.51897431820791
2170,36.1666666666667,0,1.65324682380715,0.619653925565853,7.51704195743849
2172,36.2,0,1.65272227957742,0.619466070088011,7.51511078383674
2174,36.2333333333333,0,1.65220142162759,0.619279687674817,7.51318097565484
2176,36.2666666666667,0,1.6516842671076,0.619094783447382,7.51125270963615
2178,36.3,0,1.65117083283292,0.618911362412091,7.5093261610252
2180,36.3333333333333,0,1.65066113529144,0.618729429463632,7.50740150357815
2182,36.3666666666667,0,1.65015519065049,0.618548989388047,7.50547890957349
2184,36.4,0,1.64965301476396,0.618370046865825,7.50355854982312
2186,36.4333333333333,0,1.64915462317951,0.618192606475011,7.50164059368386
2188,36.4666666666667,0,1.64866003114584,0.618016672694353,7.49972520906912
2190,36.5,0,1.64816925362009,0.617842249906462,7.49781256246107
2192,36.5333333333333,0,1.64768230527523,0.617669342401007,7.49590281892304
2194,36.5666666666667,0,1.64719920050765,0.617497954377924,7.49399614211228
2196,36.6,0,1.64671995344471,0.617328089950642,7.49209269429296
2198,36.6333333333333,0,1.64624457795237,0.617159753149335,7.4901926363496
2200,36.6666666666667,0,1.64577308764295,0.616992947924179,7.48829612780069
2202,36.7,0,1.64530549588288,0.616827678148632,7.48640332681263
2204,36.7333333333333,0,1.64484181580051,0.616663947622716,7.48451439021398
2206,36.7666666666667,0,1.64438206029396,0.616501760076313,7.48262947350997
2208,36.8,0,1.64392624203907,0.616341119172472,7.48074873089725
2210,36.8333333333333,0,1.64347437349729,0.61618202851071,7.47887231527895
2212,36.8666666666667,0,1.64302646692369,0.616024491630323,7.47700037827995
2214,36.9,0,1.6425825343749,0.615868512013698,7.47513307026242
2216,36.9333333333333,0,1.64214258771722,0.61571409308962,7.47327054034154
2218,36.9666666666667,0,1.64170663863455,0.615561238236574,7.47141293640155
2220,37,0,1.64127469863648,0.615409950786047,7.46956040511186
2222,37.0333333333333,0,1.64084677906636,0.615260234025808,7.46771309194354
2224,37.0666666666667,0,1.64042289110928,0.615112091203197,7.46587114118584
2226,37.1,0,1.64000304580016,0.614965525528377,7.46403469596299
2228,37.1333333333333,0,1.63958725403173,0.614820540177592,7.46220389825117
2230,37.1666666666667,0,1.6391755265626,0.614677138296389,7.46037888889561
2232,37.2,0,1.63876787402516,0.614535323002834,7.45855980762782
2234,37.2333333333333,0,1.6383643069336,0.614395097390693,7.45674679308304
2236,37.2666666666667,0,1.6379648356918,0.614256464532593,7.45493998281776
2238,37.3,0,1.63756947060119,0.614119427483159,7.45313951332732
2240,37.3333333333333,0,1.63717822186861,0.61398398928211,7.45134552006373
2242,37.3666666666667,0,1.63679109961406,0.613850152957334,7.44955813745348
2244,37.4,0,1.63640811387844,0.613717921527919,7.44777749891547
2246,37.4333333333333,0,1.63602927463119,0.613587298007153,7.44600373687901
2248,37.4666666666667,0,1.63565459177786,0.613458285405475,7.44423698280186
2250,37.5,0,1.63528407516763,0.613330886733395,7.44247736718834
2252,37.5333333333333,0,1.63491773460073,0.61320510500436,7.44072501960746
2254,37.5666666666667,0,1.63455557983577,0.613080943237577,7.43898006871104
2256,37.6,0,1.63419762059699,0.612958404460784,7.43724264225189
2258,37.6333333333333,0,1.63384386658138,0.612837491712971,7.43551286710193
2260,37.6666666666667,0,1.63349432746574,0.612718208047048,7.43379086927032
2262,37.7,0,1.63314901291358,0.612600556532449,7.43207677392154
2264,37.7333333333333,0,1.63280793258193,0.612484540257689,7.43037070539345
2266,37.7666666666667,0,1.63247109612802,0.612370162332846,7.42867278721524
2268,37.8,0,1.63213851321586,0.61225742589199,7.42698314212534
2270,37.8333333333333,0,1.63181019352261,0.612146334095544,7.42530189208927
2272,37.8666666666667,0,1.6314861467449,0.612036890132571,7.42362915831731
2274,37.9,0,1.63116638260493,0.611929097223003,7.42196506128214
2276,37.9333333333333,0,1.63085091085649,0.611822958619783,7.42030972073628
2278,37.9666666666667,0,1.63053974129075,0.611718477610946,7.41866325572946
2280,38,0,1.63023288374195,0.611615657521617,7.41702578462575
2282,38.0333333333333,0,1.62993034809287,0.611514501715933,7.41539742512062
2284,38.0666666666667,0,1.62963214428021,0.611415013598883,7.41377829425775
2286,38.1,0,1.62933828229967,0.61131719661807,7.41216850844564
2288,38.1333333333333,0,1.62904877221098,0.611221054265386,7.41056818347406
2290,38.1666666666667,0,1.62876362414265,0.611126590078602,7.40897743453029
2292,38.2,0,1.62848284829658,0.611033807642876,7.40739637621501
2294,38.2333333333333,0,1.62820645495244,0.610942710592162,7.4058251225581
2296,38.2666666666667,0,1.62793445447189,0.610853302610543,7.40426378703407
2298,38.3,0,1.62766685730257,0.610765587433458,7.40271248257728
2300,38.3333333333333,0,1.6274036739819,0.610679568848846,7.40117132159683
2302,38.3666666666667,0,1.62714491514061,0.610595250698195,7.3996404159912
2304,38.4,0,1.62689059150618,0.610512636877488,7.39811987716251
2306,38.4333333333333,0,1.62664071390593,0.610431731338062,7.39660981603058
2308,38.4666666666667,0,1.62639529326995,0.61035253808736,7.39511034304653
2310,38.5,0,1.62615434063383,0.610275061189596,7.39362156820612
2312,38.5333333333333,0,1.62591786714109,0.610199304766304,7.39214360106272
2314,38.5666666666667,0,1.62568588404546,0.610125272996805,7.39067655073986
2316,38.6,0,1.62545840271285,0.610052970118555,7.3892205259435
2318,38.6333333333333,0,1.62523543462317,0.609982400427407,7.38777563497385
2320,38.6666666666667,0,1.62501699137181,0.609913568277755,7.38634198573681
2322,38.7,0,1.62480308467098,0.609846478082589,7.38491968575498
2324,38.7333333333333,0,1.62459372635074,0.609781134313437,7.38350884217833
2326,38.7666666666667,0,1.62438892835981,0.609717541500206,7.38210956179435
2328,38.8,0,1.62418870276614,0.609655704230921,7.38072195103782
2330,38.8333333333333,0,1.62399306175724,0.609595627151357,7.37934611600016
2332,38.8666666666667,0,1.62380201764023,0.609537314964567,7.37798216243827
2334,38.9,0,1.62361558284167,0.609480772430309,7.37663019578296
2336,38.9333333333333,0,1.62343376990714,0.609426004364363,7.37529032114691
2338,38.9666666666667,0,1.62325659150059,0.609373015637751,7.37396264333212
2340,39,0,1.62308406040337,0.609321811175849,7.37264726683694
2342,39.0333333333333,0,1.62291618951308,0.609272395957396,7.37134429586257
2344,39.0666666666667,0,1.62275299184217,0.609224775013406,7.37005383431911
2346,39.1,0,1.62259448051625,0.609178953425965,7.36877598583105
2348,39.1333333333333,0,1.62244066877218,0.609134936326946,7.36751085374233
2350,39.1666666666667,0,1.6222915699559,0.609092728896606,7.36625854112087
2352,39.2,0,1.62214719752005,0.609052336362091,7.36501915076256
2354,39.2333333333333,0,1.62200756502127,0.609013763995845,7.36379278519479
2356,39.2666666666667,0,1.62187268611738,0.608977017113916,7.36257954667939
2358,39.3,0,1.62174257456416,0.60894210107417,7.36137953721516
2360,39.3333333333333,0,1.62161724421206,0.608909021274404,7.36019285853975
2362,39.3666666666667,0,1.62149670900252,0.608877783150375,7.35901961213113
2364,39.4,0,1.62138098296418,0.608848392173725,7.35785989920843
2366,39.4333333333333,0,1.62127008020878,0.608820853849825,7.35671382073237
2368,39.4666666666667,0,1.62116401492686,0.608795173715523,7.35558147740502
2370,39.5,0,1.62106280138326,0.608771357336811,7.35446296966917
2372,39.5333333333333,0,1.62096645391232,0.608749410306397,7.35335839770709
2374,39.5666666666667,0,1.62087498691296,0.608729338241202,7.35226786143878
2376,39.6,0,1.62078841484347,0.60871114677977,7.35119146051969
2378,39.6333333333333,0,1.62070675221612,0.608694841579598,7.35012929433792
2380,39.6666666666667,0,1.62063001359157,0.608680428314391,7.34908146201094
2382,39.7,0,1.62055821357307,0.608667912671234,7.34804806238166
2384,39.7333333333333,0,1.62049136680043,0.608657300347702,7.34702919401415
2386,39.7666666666667,0,1.62042948794385,0.608648597048884,7.34602495518871
2388,39.8,0,1.62037259169752,0.608641808484348,7.3450354438965
2390,39.8333333333333,0,1.62032069277306,0.608636940365036,7.34406075783364
2392,39.8666666666667,0,1.62027380589277,0.608633998400095,7.34310099439479
2394,39.9,0,1.62023194578269,0.60863298829364,7.34215625066627
2396,39.9333333333333,0,1.62019512716553,0.608633915741468,7.34122662341864
2398,39.9666666666667,0,1.62016336475338,0.608636786427708,7.34031220909884
2400,40,0,1.62013667324033,0.608641606021413,7.33941310382181
2402,40.0333333333333,0,1.62011506729489,0.608648380173111,7.33852940336163
2404,40.0666666666667,0,1.62009856155226,0.608657114511296,7.33766120314221
2406,40.1,0,1.62008717060651,0.60866781463888,7.33680859822756
2408,40.1333333333333,0,1.62008090900253,0.608680486129593,7.33597168331148
2410,40.1666666666667,0,1.62007979122796,0.608695134524355,7.33515055270693
2412,40.2,0,1.62008383170496,0.608711765327594,7.33434530033489
2414,40.2333333333333,0,1.62009304478178,0.608730384003539,7.3335560197128
2416,40.2666666666667,0,1.62010744472436,0.608750995972479,7.33278280394261
2418,40.3,0,1.62012704570773,0.608773606606988,7.33202574569834
2420,40.3333333333333,0,1.62015186180733,0.608798221228127,7.33128493721332
2422,40.3666666666667,0,1.62018190699027,0.60882484510162,7.330560470267
2424,40.4,0,1.62021719510646,0.608853483434008,7.32985243617133
2426,40.4333333333333,0,1.6202577398797,0.608884141368787,7.32916092575681
2428,40.4666666666667,0,1.62030355489867,0.608916823982527,7.32848602935822
2430,40.5,0,1.62035465360789,0.608951536280982,7.32782783679986
2432,40.5333333333333,0,1.62041104929857,0.608988283195184,7.32718643738057
2434,40.5666666666667,0,1.62047275509947,0.609027069577538,7.32656191985835
2436,40.6,0,1.62053978396766,0.609067900197906,7.32595437243468
2438,40.6333333333333,0,1.62061214867927,0.609110779739692,7.32536388273851
2440,40.6666666666667,0,1.6206898618202,0.609155712795926,7.32479053780997
2442,40.7,0,1.6207729357768,0.609202703865357,7.32423442408376
2444,40.7333333333333,0,1.62086138272656,0.609251757348545,7.3236956273723
2446,40.7666666666667,0,1.62095521462873,0.609302877543969,7.32317423284854
2448,40.8,0,1.62105444321499,0.609356068644145,7.32267032502863
2450,40.8333333333333,0,1.6211590799801,0.609411334731753,7.32218398775421
2452,40.8666666666667,0,1.62126913617252,0.609468679775791,7.32171530417461
2454,40.9,0,1.62138462278512,0.609528107627739,7.32126435672868
2456,40.9333333333333,0,1.62150555054584,0.609589622017752,7.32083122712653
2458,40.9666666666667,0,1.62163192990839,0.609653226550874,7.32041599633101
2460,41,0,1.621763771043,0.609718924703278,7.32001874453907
2462,41.0333333333333,0,1.62190108382722,0.609786719818538,7.31963955116282
2464,41.0666666666667,0,1.62204387783668,0.609856615103934,7.3192784948106
2466,41.1,0,1.62219216233602,0.60992861362678,7.31893565326775
2468,41.1333333333333,0,1.62234594626976,0.610002718310807,7.31861110347735
2470,41.1666666666667,0,1.6225052382533,0.610078931932563,7.31830492152075
2472,41.2,0,1.62267004656398,0.610157257117869,7.31801718259809
2474,41.2333333333333,0,1.62284037913216,0.610237696338309,7.31774796100859
2476,41.2666666666667,0,1.6230162435324,0.610320251907767,7.3174973301309
2478,41.3,0,1.6231976469748,0.610404925979007,7.3172653624032
2480,41.3333333333333,0,1.62338459629627,0.610491720540307,7.31705212930344
2482,41.3666666666667,0,1.62357709795199,0.610580637412135,7.31685770132931
2484,41.4,0,1.62377515800701,0.610671678243882,7.31668214797835
2486,41.4333333333333,0,1.62397878212779,0.610764844510643,7.31652553772792
2488,41.4666666666667,0,1.624187975574,0.610860137510055,7.31638793801519
2490,41.5,0,1.62440274319036,0.610957558359196,7.3162694152171
2492,41.5333333333333,0,1.62462308939858,0.611057107991527,7.31617003463038
2494,41.5666666666667,0,1.62484901818943,0.61115878715391,7.31608986045148
2496,41.6,0,1.62508053311495,0.611262596403673,7.31602895575665
2498,41.6333333333333,0,1.62531763728076,0.611368536105741,7.31598738248194
2500,41.6666666666667,0,1.62556033333848,0.61147660642983,7.31596520140331
2502,41.7,0,1.62580862347832,0.611586807347706,7.3159624721168
2504,41.7333333333333,0,1.62606250942178,0.611699138630498,7.31597925301872
2506,41.7666666666667,0,1.62632199241447,0.611813599846093,7.31601560128595
2508,41.8,0,1.62658707321912,0.611930190356583,7.31607157285631
2510,41.8333333333333,0,1.62685775210867,0.612048909315784,7.31614722240903
2512,41.8666666666667,0,1.62713402885952,0.612169755666826,7.31624260334535
2514,41.9,0,1.627415902745,0.612292728139806,7.31635776776913
2516,41.9333333333333,0,1.62770337252886,0.612417825249513,7.31649276646777
2518,41.9666666666667,0,1.62799643645899,0.612545045293221,7.31664764889302
2520,42,0,1.62829509226132,0.612674386348556,7.31682246314215
2522,42.0333333333333,0,1.62859933713378,0.612805846271426,7.31701725593912
2524,42.0666666666667,0,1.62890916774052,0.612939422694028,7.31723207261598
2526,42.1,0,1.62922458020621,0.613075113022927,7.31746695709438
2528,42.1333333333333,0,1.62954557011053,0.613212914437198,7.31772195186731
2530,42.1666666666667,0,1.62987213248282,0.613352823886651,7.31799709798093
2532,42.2,0,1.6302042617969,0.613494838090115,7.31829243501669
2534,42.2333333333333,0,1.63054195196602,0.613638953533807,7.31860800107358
2536,42.2666666666667,0,1.63088519633802,0.613785166469762,7.31894383275056
2538,42.3,0,1.63123398769061,0.613933472914339,7.31929996512921
2540,42.3333333333333,0,1.63158831822686,0.6140838686468,7.31967643175665
2542,42.3666666666667,0,1.63194817957079,0.614236349207954,7.32007326462858
2544,42.4,0,1.6323135627632,0.614390909898885,7.3204904941726
2546,42.4333333333333,0,1.63268445825761,0.614547545779732,7.32092814923176
2548,42.4666666666667,0,1.63306085591641,0.614706251668561,7.3213862570483
2550,42.5,0,1.6334427450071,0.614867022140288,7.32186484324764
2552,42.5333333333333,0,1.63383011419882,0.615029851525686,7.32236393182271
2554,42.5666666666667,0,1.63422295155892,0.615194733910453,7.32288354511833
2556,42.6,0,1.63462124454976,0.615361663134356,7.32342370381604
2558,42.6333333333333,0,1.63502498002569,0.615530632790435,7.32398442691908
2560,42.6666666666667,0,1.63543414423013,0.615701636224283,7.32456573173761
2562,42.7,0,1.63584872279286,0.615874666533392,7.3251676338743
2564,42.7333333333333,0,1.63626870072748,0.61604971656656,7.32579014721007
2566,42.7666666666667,0,1.63669406242902,0.616226778923373,7.3264332838902
2568,42.8,0,1.63712479167167,0.616405845953746,7.32709705431061
2570,42.8333333333333,0,1.63756087160675,0.616586909757531,7.32778146710452
2572,42.8666666666667,0,1.63800228476078,0.616769962184193,7.32848652912933
2574,42.9,0,1.63844901303372,0.616954994832543,7.3292122454538
2576,42.9333333333333,0,1.63890103769737,0.61714199905054,7.3299586193455
2578,42.9666666666667,0,1.63935833939395,0.617330965935149,7.33072565225856
2580,43,0,1.6398208981348,0.617521886332269,7.33151334382173
2582,43.0333333333333,0,1.64028869329923,0.61771475083671,7.33232169182671
2584,43.0666666666667,0,1.64076170363358,0.61790954979224,7.33315069221673
2586,43.1,0,1.64123990725032,0.618106273291685,7.33400033907552
2588,43.1333333333333,0,1.64172328162746,0.618304911177093,7.33487062461652
2590,43.1666666666667,0,1.64221180360793,0.618505453039944,7.33576153917236
2592,43.2,0,1.64270544939924,0.618707888221431,7.33667307118472
2594,43.2333333333333,0,1.64320419457322,0.618912205812783,7.33760520719442
2596,43.2666666666667,0,1.64370801406592,0.619118394655655,7.33855793183182
2598,43.3,0,1.64421688217764,0.619326443342559,7.33953122780761
2600,43.3333333333333,0,1.64473077257314,0.61953634021736,7.34052507590373
2602,43.3666666666667,0,1.6452496582819,0.619748073375816,7.34153945496478
2604,43.4,0,1.64577351169863,0.619961630666173,7.34257434188962
2606,43.4333333333333,0,1.64630230458383,0.620176999689806,7.34362971162331
2608,43.4666666666667,0,1.64683600806451,0.620394167801919,7.34470553714935
2610,43.5,0,1.64737459263502,0.620613122112279,7.34580178948224
2612,43.5333333333333,0,1.64791802815808,0.620833849486015,7.3469184376603
2614,43.5666666666667,0,1.64846628386583,0.621056336544447,7.34805544873887
2616,43.6,0,1.64901932836109,0.621280569665973,7.34921278778376
2618,43.6333333333333,0,1.64957712961873,0.621506534986996,7.35039041786501
2620,43.6666666666667,0,1.65013965498711,0.621734218402897,7.35158830005096
2622,43.7,0,1.65070687118968,0.621963605569049,7.35280639340267
2624,43.7333333333333,0,1.65127874432674,0.62219468190188,7.35404465496858
2626,43.7666666666667,0,1.65185523987721,0.622427432579968,7.35530303977947
2628,43.8,0,1.65243632270064,0.622661842545188,7.35658150084383
2630,43.8333333333333,0,1.65302195703921,0.622897896503888,7.35787998914338
2632,43.8666666666667,0,1.65361210651994,0.623135578928118,7.35919845362903
2634,43.9,0,1.65420673415695,0.623374874056885,7.36053684121704
2636,43.9333333333333,0,1.65480580235386,0.623615765897453,7.36189509678556
2638,43.9666666666667,0,1.65540927290631,0.623858238226679,7.36327316317142
2640,44,0,1.65601710700449,0.624102274592387,7.36467098116724
2642,44.0333333333333,0,1.65662926523592,0.624347858314774,7.36608848951883
2644,44.0666666666667,0,1.65724570758822,0.624594972487855,7.36752562492292
2646,44.1,0,1.65786639345199,0.624843599980941,7.36898232202513
2648,44.1333333333333,0,1.65849128162387,0.625093723440153,7.3704585134183
2650,44.1666666666667,0,1.6591203303096,0.625345325289964,7.37195412964108
2652,44.2,0,1.65975349712723,0.625598387734781,7.3734690991768
2654,44.2333333333333,0,1.66039073911041,0.625852892760553,7.37500334845272
2656,44.2666666666667,0,1.66103201271176,0.626108822136416,7.37655680183945
2658,44.3,0,1.66167727380636,0.626366157416361,7.37812938165074
2660,44.3333333333333,0,1.66232647769531,0.626624879940943,7.37972100814359
2662,44.3666666666667,0,1.66297957910939,0.626884970839008,7.38133159951853
2664,44.4,0,1.66363653221276,0.627146411029462,7.38296107192037
2666,44.4333333333333,0,1.66429729060685,0.627409181223058,7.38460933943905
2668,44.4666666666667,0,1.66496180733422,0.627673261924217,7.38627631411093
2670,44.5,0,1.66563003488256,0.627938633432876,7.38796190592024
2672,44.5333333333333,0,1.66630192518879,0.628205275846363,7.38966602280097
2674,44.5666666666667,0,1.6669774296432,0.628473169061299,7.39138857063889
2676,44.6,0,1.66765649909369,0.62874229277553,7.39312945327394
2678,44.6333333333333,0,1.66833908385008,0.629012626490075,7.3948885725029
2680,44.6666666666667,0,1.66902513368854,0.629284149511114,7.39666582808233
2682,44.7,0,1.669714597856,0.629556840951992,7.39846111773176
2684,44.7333333333333,0,1.67040742507475,0.62983067973525,7.40027433713725
2686,44.7666666666667,0,1.67110356354704,0.630105644594681,7.40210537995515
2688,44.8,0,1.67180296095979,0.630381714077413,7.40395413781614
2690,44.8333333333333,0,1.67250556448935,0.630658866546013,7.40582050032963
2692,44.8666666666667,0,1.67321132080633,0.630937080180615,7.40770435508831
2694,44.9,0,1.67392017608054,0.631216332981075,7.40960558767314
2696,44.9333333333333,0,1.67463207598598,0.631496602769144,7.41152408165846
2698,44.9666666666667,0,1.67534696570587,0.631777867190669,7.41345971861747
2700,45,0,1.67606478993777,0.632060103717816,7.41541237812795
2702,45.0333333333333,0,1.67678549289882,0.632343289651312,7.41738193777829
2704,45.0666666666667,0,1.67750901833094,0.632627402122714,7.41936827317373
2706,45.1,0,1.67823530950622,0.632912418096697,7.42137125794295
2708,45.1333333333333,0,1.67896430923227,0.633198314373365,7.42339076374486
2710,45.1666666666667,0,1.67969595985769,0.633485067590587,7.42542666027573
2712,45.2,0,1.68043020327763,0.633772654226349,7.42747881527652
2714,45.2333333333333,0,1.68116698093933,0.634061050601132,7.42954709454058
2716,45.2666666666667,0,1.68190623384782,0.634350232880309,7.43163136192148
2718,45.3,0,1.68264790257163,0.634640177076563,7.43373147934126
2720,45.3333333333333,0,1.68339192724856,0.63493085905233,7.43584730679883
2722,45.3666666666667,0,1.68413824759154,0.635222254522259,7.43797870237871
2724,45.4,0,1.68488680289453,0.635514339055692,7.44012552226003
2726,45.4333333333333,0,1.68563753203851,0.635807088079169,7.44228762072573
2728,45.4666666666667,0,1.6863903734975,0.636100476878952,7.44446485017215
2730,45.5,0,1.68714526534465,0.636394480603567,7.44665706111874
2732,45.5333333333333,0,1.68790214525842,0.636689074266369,7.44886410221819
2734,45.5666666666667,0,1.68866095052877,0.636984232748128,7.45108582026669
2736,45.6,0,1.68942161806344,0.637279930799633,7.45332206021452
2738,45.6333333333333,0,1.6901840843943,0.637576143044317,7.45557266517693
2740,45.6666666666667,0,1.69094828568374,0.637872843980904,7.45783747644521
2742,45.7,0,1.69171415773113,0.638170007986074,7.46011633349811
2744,45.7333333333333,0,1.69248163597933,0.638467609317145,7.46240907401343
2746,45.7666666666667,0,1.69325065552124,0.638765622114786,7.46471553387995
2748,45.8,0,1.69402115110649,0.639064020405734,7.46703554720957
2750,45.8333333333333,0,1.69479305714805,0.639362778105545,7.46936894634979
2752,45.8666666666667,0,1.69556630772904,0.639661869021355,7.47171556189632
2754,45.9,0,1.69634083660952,0.639961266854666,7.47407522270608
2756,45.9333333333333,0,1.69711657723333,0.64026094520415,7.47644775591037
2758,45.9666666666667,0,1.69789346273502,0.640560877568472,7.47883298692838
2760,46,0,1.69867142594683,0.640861037349133,7.48123073948089
2762,46.0333333333333,0,1.69945039940571,0.64116139785333,7.48364083560423
2764,46.0666666666667,0,1.70023031536041,0.641461932296843,7.4860630956646
2766,46.1,0,1.70101110577864,0.641762613806929,7.48849733837247
2768,46.1333333333333,0,1.70179270235423,0.642063415425248,7.49094338079742
2770,46.1666666666667,0,1.7025750365144,0.642364310110795,7.49340103838313
2772,46.2,0,1.7033580394271,0.642665270742864,7.49587012496262
2774,46.2333333333333,0,1.70414164200831,0.642966270124022,7.49835045277385
2776,46.2666666666667,0,1.7049257749295,0.643267280983104,7.50084183247541
2778,46.3,0,1.70571036862508,0.643568275978226,7.50334407316263
2780,46.3333333333333,0,1.70649535329994,0.643869227699822,7.50585698238383
2782,46.3666666666667,0,1.70728065893699,0.644170108673691,7.5083803661569
2784,46.4,0,1.70806621530485,0.644470891364065,7.51091402898604
2786,46.4333333333333,0,1.70885195196545,0.644771548176702,7.51345777387886
2788,46.4666666666667,0,1.70963779828185,0.645072051461986,7.51601140236367
2790,46.5,0,1.71042368342593,0.645372373518056,7.51857471450698
2792,46.5333333333333,0,1.71120953638633,0.645672486593941,7.52114750893138
2794,46.5666666666667,0,1.71199528597623,0.645972362892724,7.52372958283349
2796,46.6,0,1.71278086084137,0.646271974574714,7.52632073200236
2798,46.6333333333333,0,1.713566189468,0.646571293760646,7.5289207508379
2800,46.6666666666667,0,1.71435120019091,0.646870292534884,7.53152943236977
2802,46.7,0,1.71513582120153,0.647168942948653,7.53414656827634
2804,46.7333333333333,0,1.71591998055605,0.647467217023285,7.53677194890398
2806,46.7666666666667,0,1.71670360618361,0.647765086753474,7.53940536328659
2808,46.8,0,1.71748662589454,0.648062524110559,7.54204659916538
2810,46.8333333333333,0,1.7182689673886,0.648359501045815,7.5446954430088
2812,46.8666666666667,0,1.71905055826332,0.64865598949376,7.54735168003287
2814,46.9,0,1.71983132602239,0.648951961375483,7.55001509422157
2816,46.9333333333333,0,1.72061119808401,0.649247388601983,7.55268546834762
2818,46.9666666666667,0,1.72139010178941,0.649542243077522,7.55536258399338
2820,47,0,1.72216796441132,0.649836496702997,7.55804622157208
2822,47.0333333333333,0,1.72294471316251,0.650130121379325,7.5607361603492
2824,47.0666666666667,0,1.72372027520436,0.650423089010839,7.56343217846412
2826,47.1,0,1.72449457765554,0.650715371508702,7.56613405295202
2828,47.1333333333333,0,1.7252675476006,0.651006940794334,7.56884155976596
2830,47.1666666666667,0,1.72603911209873,0.651297768802849,7.5715544737992
2832,47.2,0,1.7268091981925,0.65158782748651,7.57427256890781
2834,47.2333333333333,0,1.72757773291661,0.651877088818189,7.5769956179334
2836,47.2666666666667,0,1.72834464330674,0.652165524794852,7.5797233927261
2838,47.3,0,1.72910985640841,0.652453107441038,7.58245566416784
2840,47.3333333333333,0,1.72987329928584,0.652739808812367,7.58519220219575
2842,47.3666666666667,0,1.7306348990309,0.653025600999048,7.5879327758258
2844,47.4,0,1.73139458277209,0.653310456129402,7.59067715317669
2846,47.4333333333333,0,1.73215227768348,0.653594346373391,7.59342510149389
2848,47.4666666666667,0,1.73290791099377,0.653877243946165,7.59617638717397
2850,47.5,0,1.73366140999535,0.654159121111607,7.59893077578904
2852,47.5333333333333,0,1.73441270205336,0.654439950185899,7.60168803211148
2854,47.5666666666667,0,1.73516171461482,0.654719703541087,7.60444792013881
2856,47.6,0,1.73590837521776,0.654998353608656,7.60721020311882
2858,47.6333333333333,0,1.73665261150038,0.655275872883119,7.60997464357481
2860,47.6666666666667,0,1.73739435121027,0.655552233925602,7.61274100333111
2862,47.7,0,1.73813352221357,0.655827409367443,7.61550904353877
2864,47.7333333333333,0,1.73887005250427,0.656101371913796,7.61827852470138
2866,47.7666666666667,0,1.73960387021342,0.65637409434724,7.62104920670117
2868,47.8,0,1.74033490361841,0.656645549531387,7.62382084882522
2870,47.8333333333333,0,1.74106308115229,0.656915710414506,7.62659320979188
2872,47.8666666666667,0,1.74178833141308,0.657184550033139,7.62936604777734
2874,47.9,0,1.74251058317306,0.657452041515727,7.63213912044247
2876,47.9333333333333,0,1.74322976538814,0.657718158086238,7.63491218495965
2878,47.9666666666667,0,1.74394580720725,0.65798287306779,7.63768499803998
2880,48,0,1.74465863798162,0.658246159886287,7.64045731596048
2882,48.0333333333333,0,1.74536818727423,0.658507992074048,7.64322889459155
2884,48.0666666666667,0,1.74607438486917,0.658768343273432,7.64599948942455
2886,48.1,0,1.74677716078104,0.659027187240476,7.64876885559955
2888,48.1333333333333,0,1.74747644526431,0.659284497848517,7.65153674793324
2890,48.1666666666667,0,1.74817216882277,0.659540249091821,7.65430292094692
2892,48.2,0,1.74886426221892,0.659794415089208,7.65706712889474
2894,48.2333333333333,0,1.74955265648334,0.660046970087669,7.659829125792
2896,48.2666666666667,0,1.75023728292413,0.660297888465988,7.6625886654436
2898,48.3,0,1.7509180731363,0.660547144738351,7.66534550147264
2900,48.3333333333333,0,1.75159495901114,0.66079471355795,7.66809938734917
2902,48.3666666666667,0,1.75226787274565,0.661040569720591,7.67085007641897
2904,48.4,0,1.7529367468519,0.661284688168278,7.67359732193256
2906,48.4333333333333,0,1.75360151416637,0.66152704399281,7.67634087707426
2908,48.4666666666667,0,1.75426210785938,0.661767612439349,7.67908049499141
2910,48.5,0,1.75491846144435,0.662006368909995,7.68181592882361
2912,48.5333333333333,0,1.75557050878722,0.662243288967346,7.68454693173215
2914,48.5666666666667,0,1.75621818411569,0.662478348338041,7.68727325692953
2916,48.6,0,1.75686142202854,0.662711522916303,7.689994657709
2918,48.6333333333333,0,1.75750015750492,0.662942788767459,7.69271088747428
2920,48.6666666666667,0,1.7581343259136,0.663172122131461,7.6954216997693
2922,48.7,0,1.75876386302216,0.663399499426373,7.69812684830806
2924,48.7333333333333,0,1.75938870500623,0.663624897251868,7.70082608700452
2926,48.7666666666667,0,1.76000878845866,0.663848292392688,7.70351917000264
2928,48.8,0,1.76062405039863,0.664069661822101,7.70620585170635
2930,48.8333333333333,0,1.7612344282808,0.664288982705338,7.70888588680976
2932,48.8666666666667,0,1.76183986000435,0.664506232403013,7.71155903032725
2934,48.9,0,1.76244028392205,0.664721388474518,7.71422503762373
2936,48.9333333333333,0,1.76303563884924,0.664934428681412,7.71688366444488
2938,48.9666666666667,0,1.7636258640728,0.665145330990777,7.71953466694749
2940,49,0,1.76421089936007,0.665354073578562,7.72217780172975
2942,49.0333333333333,0,1.76479068496772,0.6655606348329,7.72481282586165
2944,49.0666666666667,0,1.76536516165058,0.665764993357405,7.72743949691534
2946,49.1,0,1.76593427067043,0.665967127974445,7.73005757299559
2948,49.1333333333333,0,1.76649795380468,0.666167017728392,7.73266681277016
2950,49.1666666666667,0,1.76705615335515,0.666364641888847,7.73526697550028
2952,49.2,0,1.76760881215657,0.666559979953836,7.73785782107102
2954,49.2333333333333,0,1.76815587358525,0.666753011652984,7.7404391100218
2956,49.2666666666667,0,1.76869728156752,0.66694371695066,7.74301060357673
2958,49.3,0,1.7692329805882,0.667132076049093,7.74557206367509
2960,49.3333333333333,0,1.76976291569901,0.667318069391459,7.74812325300167
2962,49.3666666666667,0,1.77028703252683,0.667501677664938,7.75066393501712
2964,49.4,0,1.77080527728202,0.667682881803745,7.75319387398834
2966,49.4333333333333,0,1.77131759676656,0.66786166299212,7.75571283501871
2968,49.4666666666667,0,1.77182393838216,0.668038002667295,7.75822058407839
2970,49.5,0,1.77232425013834,0.668211882522425,7.76071688803447
2972,49.5333333333333,0,1.77281848066036,0.668383284509482,7.76320151468116
2974,49.5666666666667,0,1.77330657919712,0.668552190842118,7.76567423276985
2976,49.6,0,1.77378849562897,0.668718583998493,7.76813481203914
2978,49.6333333333333,0,1.77426418047544,0.668882446724063,7.77058302324478
2980,49.6666666666667,0,1.77473358490287,0.669043762034332,7.77301863818954
2982,49.7,0,1.77519666073199,0.669202513217574,7.77544142975301
2984,49.7333333333333,0,1.77565336044538,0.6693586838375,7.77785117192125
2986,49.7666666666667,0,1.77610363719486,0.669512257735907,7.78024763981645
2988,49.8,0,1.77654744480878,0.669663219035264,7.78263060972638
2990,49.8333333333333,0,1.77698473779922,0.669811552141279,7.78499985913379
2992,49.8666666666667,0,1.77741547136909,0.669957241745405,7.78735516674569
2994,49.9,0,1.77783960141915,0.670100272827322,7.78969631252251
2996,49.9333333333333,0,1.77825708455489,0.670240630657358,7.79202307770709
2998,49.9666666666667,0,1.77866787809338,0.670378300798883,7.79433524485363
3000,50,0,1.77907194006994,0.670513269110643,7.7966325978564
3002,50.0333333333333,0,1.77946922924476,0.670645521749063,7.79891492197839
3004,50.0666666666667,0,1.77985970510939,0.670775045170496,7.80118200387974
3006,50.1,0,1.78024332789312,0.670901826133423,7.80343363164608
3008,50.1333333333333,0,1.78062005856925,0.671025851700616,7.80566959481664
3010,50.1666666666667,0,1.78098985886129,0.671147109241243,7.80788968441226
3012,50.2,0,1.78135269124898,0.671265586432929,7.81009369296316
3014,50.2333333333333,0,1.78170851897421,0.671381271263771,7.81228141453661
3016,50.2666666666667,0,1.78205730604689,0.671494152034294,7.81445264476431
3018,50.3,0,1.78239901725061,0.671604217359368,7.81660718086969
3020,50.3333333333333,0,1.78273361814823,0.671711456170064,7.81874482169489
3022,50.3666666666667,0,1.78306107508733,0.671815857715465,7.82086536772769
3024,50.4,0,1.78338135520559,0.671917411564424,7.82296862112808
3026,50.4333333333333,0,1.78369442643593,0.672016107607263,7.8250543857547
3028,50.4666666666667,0,1.78400025751163,0.672111936057431,7.82712246719104
3030,50.5,0,1.78429881797129,0.672204887453093,7.82917267277142
3032,50.5333333333333,0,1.78459007816365,0.67229495265868,7.83120481160672
3034,50.5666666666667,0,1.78487400925228,0.672382122866373,7.83321869460987
3036,50.6,0,1.78515058322014,0.672466389597534,7.83521413452114
3038,50.6333333333333,0,1.78541977287399,0.672547744704089,7.83719094593315
3040,50.6666666666667,0,1.78568155184874,0.672626180369841,7.83914894531557
3042,50.7,0,1.78593589461153,0.67270168911174,7.84108795103968
3044,50.7333333333333,0,1.78618277646582,0.672774263781087,7.84300778340257
3046,50.7666666666667,0,1.7864221735552,0.672843897564684,7.84490826465112
3048,50.8,0,1.7866540628672,0.672910583985925,7.84678921900563
3050,50.8333333333333,0,1.78687842223682,0.67297431690583,7.84865047268329
3052,50.8666666666667,0,1.78709523035004,0.673035090524018,7.85049185392125
3054,50.9,0,1.78730446674709,0.673092899379625,7.85231319299946
3056,50.9333333333333,0,1.78750611182562,0.673147738352159,7.85411432226319
3058,50.9666666666667,0,1.78770014684378,0.673199602662294,7.85589507614526
3060,51,0,1.78788655392299,0.673248487872611,7.85765529118794
3062,51.0333333333333,0,1.78806531605077,0.673294389888272,7.85939480606459
3064,51.0666666666667,0,1.78823641708323,0.673337304957635,7.86111346160091
3066,51.1,0,1.78839984174758,0.673377229672812,7.86281110079594
3068,51.1333333333333,0,1.78855557564433,0.673414160970161,7.86448756884268
3070,51.1666666666667,0,1.78870360524947,0.67344809613072,7.8661427131484
3072,51.2,0,1.78884391791644,0.673479032780578,7.86777638335465
3074,51.2333333333333,0,1.78897650187792,0.673506968891187,7.86938843135685
3076,51.2666666666667,0,1.78910134624753,0.67353190277961,7.8709787113236
3078,51.3,0,1.78921844102134,0.673553833108704,7.87254707971565
3080,51.3333333333333,0,1.78932777707924,0.673572758887252,7.87409339530445
3082,51.3666666666667,0,1.78942934618611,0.67358867947002,7.87561751919039
3084,51.4,0,1.78952314099293,0.673601594557761,7.87711931482073
3086,51.4333333333333,0,1.78960915503762,0.673611504197153,7.87859864800703
3088,51.4666666666667,0,1.78968738274583,0.673618408780674,7.88005538694235
3090,51.5,0,1.78975781943149,0.673622309046418,7.88148940221797
3092,51.5333333333333,0,1.78982046129725,0.673623206077847,7.88290056683985
3094,51.5666666666667,0,1.78987530543476,0.67362110130348,7.88428875624457
3096,51.6,0,1.78992234982476,0.673615996496522,7.88565384831501
3098,51.6333333333333,0,1.78996159333706,0.673607893774427,7.88699572339557
3100,51.6666666666667,0,1.78999303573034,0.673596795598406,7.88831426430704
3102,51.7,0,1.79001667765178,0.673582704772864,7.88960935636104
3104,51.7333333333333,0,1.79003252063655,0.673565624444783,7.89088088737411
3106,51.7666666666667,0,1.79004056710714,0.67354555810304,7.89212874768136
3108,51.8,0,1.79004082037252,0.67352250957766,7.89335283014974
3110,51.8333333333333,0,1.7900332846272,0.673496483039017,7.8945530301909
3112,51.8666666666667,0,1.79001796495,0.673467482996963,7.89572924577362
3114,51.9,0,1.78999486730285,0.673435514299902,7.89688137743588
3116,51.9333333333333,0,1.78996399852927,0.673400582133804,7.89800932829649
3118,51.9666666666667,0,1.78992536635276,0.673362692021156,7.89911300406629
3120,52,0,1.78987897937507,0.673321849819852,7.90019231305893
3122,52.0333333333333,0,1.78982484707426,0.673278061722024,7.90124716620128
3124,52.0666666666667,0,1.78976297980259,0.673231334252817,7.90227747704338
3126,52.1,0,1.78969338878435,0.673181674269095,7.90328316176794
3128,52.1333333333333,0,1.78961608611342,0.673129088958101,7.90426413919949
3130,52.1666666666667,0,1.78953108475076,0.673073585836046,7.90522033081303
3132,52.2,0,1.78943839852173,0.673015172746648,7.9061516607423
3134,52.2333333333333,0,1.78933804211319,0.672953857859605,7.90705805578757
3136,52.2666666666667,0,1.78923003107059,0.672889649669023,7.90793944542306
3138,52.3,0,1.78911438179474,0.672822556991771,7.90879576180389
3140,52.3333333333333,0,1.7889911115386,0.672752588965792,7.90962693977258
3142,52.3666666666667,0,1.78886023840374,0.672679755048351,7.91043291686516
3144,52.4,0,1.78872178133686,0.672604065014229,7.91121363331681
3146,52.4333333333333,0,1.78857576012595,0.672525528953862,7.91196903206707
3148,52.4666666666667,0,1.78842219539646,0.672444157271423,7.9126990587646
3150,52.5,0,1.78826110860729,0.672359960682853,7.91340366177156
3152,52.5333333333333,0,1.78809252204655,0.672272950213835,7.91408279216745
3154,52.5666666666667,0,1.78791645882731,0.672183137197715,7.91473640375263
3156,52.6,0,1.7877329428831,0.672090533273372,7.91536445305125
3158,52.6333333333333,0,1.78754199896333,0.671995150383034,7.91596689931393
3160,52.6666666666667,0,1.78734365262856,0.671897000770045,7.91654370451981
3162,52.7,0,1.78713793024559,0.671796096976574,7.9170948333783
3164,52.7333333333333,0,1.78692485898249,0.671692451841282,7.91762025333029
3166,52.7666666666667,0,1.78670446680342,0.671586078496937,7.91811993454903
3168,52.8,0,1.78647678246338,0.671476990367971,7.91859384994044
3170,52.8333333333333,0,1.78624183550274,0.671365201168003,7.9190419751431
3172,52.8666666666667,0,1.78599965624175,0.671250724897301,7.9194642885277
3174,52.9,0,1.78575027577482,0.671133575840207,7.91986077119615
3176,52.9333333333333,0,1.78549372596477,0.671013768562504,7.92023140698018
3178,52.9666666666667,0,1.78523003943681,0.67089131790875,7.92057618243951
3180,53,0,1.78495924957256,0.670766238999556,7.92089508685966
3182,53.0333333333333,0,1.78468139050384,0.670638547228825,7.92118811224919
3184,53.0666666666667,0,1.78439649710636,0.670508258260945,7.92145525333665
3186,53.1,0,1.78410460499327,0.670375388027941,7.921696507567
3188,53.1333333333333,0,1.78380575050869,0.670239952726581,7.92191187509766
3190,53.1666666666667,0,1.78349997072097,0.670101968815445,7.92210135879407
3192,53.2,0,1.78318730341594,0.669961453011949,7.92226496422488
3194,53.2333333333333,0,1.78286778709004,0.66981842228933,7.9224026996567
3196,53.2666666666667,0,1.78254146094328,0.669672893873596,7.9225145760484
3198,53.3,0,1.78220836487215,0.669524885240428,7.92260060704499
3200,53.3333333333333,0,1.78186853946237,0.669374414112053,7.92266080897116
3202,53.3666666666667,0,1.7815220259816,0.669221498454077,7.92269520082425
3204,53.4,0,1.78116886637197,0.66906615647228,7.92270380426699
3206,53.4333333333333,0,1.78080910324255,0.668908406609379,7.92268664361963
3208,53.4666666666667,0,1.78044277986171,0.668748267541752,7.92264374585184
3210,53.5,0,1.7800699401494,0.668585758176135,7.92257514057407
3212,53.5333333333333,0,1.77969062866928,0.668420897646274,7.92248086002859
3214,53.5666666666667,0,1.77930489062081,0.668253705309564,7.92236093908005
3216,53.6,0,1.77891277183124,0.668084200743634,7.92221541520571
3218,53.6333333333333,0,1.77851431874743,0.667912403742921,7.92204432848524
3220,53.6666666666667,0,1.77810957842773,0.667738334315203,7.92184772159011
3222,53.7,0,1.77769859853361,0.667562012678106,7.9216256397726
3224,53.7333333333333,0,1.77728142732134,0.667383459255585,7.92137813085446
3226,53.7666666666667,0,1.77685811363347,0.667202694674376,7.92110524521513
3228,53.8,0,1.77642870689034,0.667019739760424,7.92080703577956
3230,53.8333333333333,0,1.77599325708142,0.66683461553528,7.92048355800577
3232,53.8666666666667,0,1.77555181475662,0.666647343212483,7.92013486987186
3234,53.9,0,1.77510443101752,0.666457944193907,7.91976103186281
3236,53.9333333333333,0,1.77465115750851,0.666266440066096,7.91936210695678
3238,53.9666666666667,0,1.77419204640787,0.666072852596569,7.91893816061115
3240,54,0,1.77372715041881,0.665877203730109,7.91848926074815
3242,54.0333333333333,0,1.77325652276035,0.665679515585027,7.91801547774008
3244,54.0666666666667,0,1.77278021715827,0.665479810449416,7.91751688439429
3246,54.1,0,1.77229828783589,0.665278110777371,7.91699355593771
3248,54.1333333333333,0,1.77181078950482,0.66507443918521,7.9164455700011
3250,54.1666666666667,0,1.77131777735568,0.664868818447661,7.9158730066029
3252,54.2,0,1.77081930704874,0.664661271494046,7.91527594813277
3254,54.2333333333333,0,1.77031543470449,0.664451821404444,7.91465447933483
3256,54.2666666666667,0,1.76980621689418,0.664240491405838,7.9140086872905
3258,54.3,0,1.76929171063034,0.664027304868256,7.91333866140104
3260,54.3333333333333,0,1.76877197335716,0.663812285300893,7.91264449336983
3262,54.3666666666667,0,1.76824706294094,0.663595456348222,7.9119262771842
3264,54.4,0,1.76771703766041,0.663376841786102,7.91118410909709
3266,54.4333333333333,0,1.76718195619705,0.66315646551786,7.91041808760831
3268,54.4666666666667,0,1.76664187762535,0.662934351570386,7.90962831344552
3270,54.5,0,1.76609686140305,0.662710524090197,7.9088148895449
3272,54.5333333333333,0,1.76554696736135,0.662485007339514,7.90797792103155
3274,54.5666666666667,0,1.76499225569506,0.662257825692317,7.90711751519961
3276,54.6,0,1.76443278695274,0.662029003630403,7.90623378149199
3278,54.6333333333333,0,1.76386862202682,0.661798565739436,7.90532683148
3280,54.6666666666667,0,1.76329982214365,0.661566536704995,7.90439677884251
3282,54.7,0,1.76272644885361,0.661332941308617,7.90344373934498
3284,54.7333333333333,0,1.76214856402108,0.66109780442384,7.90246783081814
3286,54.7666666666667,0,1.76156622981452,0.66086115101224,7.90146917313648
3288,54.8,0,1.76097950869643,0.660623006119473,7.9004478881964
3290,54.8333333333333,0,1.76038846341333,0.660383394871311,7.89940409989415
3292,54.8666666666667,0,1.75979315698576,0.660142342469689,7.89833793410355
3294,54.9,0,1.75919365269821,0.659899874188739,7.89724951865341
3296,54.9333333333333,0,1.75859001408907,0.65965601537084,7.89613898330477
3298,54.9666666666667,0,1.75798230494059,0.659410791422666,7.89500645972784
3300,55,0,1.7573705892688,0.659164227811235,7.89385208147878
3302,55.0333333333333,0,1.75675493131344,0.658916350059968,7.8926759839762
3304,55.0666666666667,0,1.75613539552789,0.658667183744751,7.89147830447751
3306,55.1,0,1.75551204656914,0.658416754490005,7.89025918205499
3308,55.1333333333333,0,1.75488494928767,0.658165087964762,7.88901875757167
3310,55.1666666666667,0,1.75425416871741,0.657912209878748,7.88775717365707
3312,55.2,0,1.75361977006571,0.657658145978479,7.88647457468262
3314,55.2333333333333,0,1.75298181870326,0.657402922043358,7.88517110673705
3316,55.2666666666667,0,1.75234038015407,0.657146563881795,7.88384691760141
3318,55.3,0,1.75169552008548,0.656889097327324,7.88250215672408
3320,55.3333333333333,0,1.7510473042981,0.656630548234742,7.88113697519549
3322,55.3666666666667,0,1.75039579871584,0.656370942476254,7.87975152572274
3324,55.4,0,1.74974106937596,0.656110305937639,7.87834596260399
3326,55.4333333333333,0,1.74908318241911,0.655848664514416,7.87692044170274
3328,55.4666666666667,0,1.74842220407937,0.655586044108043,7.87547512042195
3330,55.5,0,1.74775820067441,0.655322470622111,7.87401015767798
3332,55.5333333333333,0,1.74709123859552,0.655057969958575,7.87252571387444
3334,55.5666666666667,0,1.74642138429788,0.654792568013982,7.87102195087584
3336,55.6,0,1.74574870429061,0.65452629067573,7.86949903198116
3338,55.6333333333333,0,1.74507326512709,0.654259163818339,7.86795712189725
3340,55.6666666666667,0,1.74439513339515,0.653991213299743,7.86639638671216
3342,55.7,0,1.74371437570736,0.653722464957596,7.86481699386827
3344,55.7333333333333,0,1.74303105869134,0.653452944605608,7.86321911213544
3346,55.7666666666667,0,1.74234524898014,0.653182678029893,7.86160291158389
3348,55.8,0,1.74165701320262,0.652911690985342,7.85996856355714
3350,55.8333333333333,0,1.74096641797389,0.652640009192014,7.85831624064473
3352,55.8666666666667,0,1.74027352988582,0.652367658331558,7.85664611665494
3354,55.9,0,1.73957841549751,0.65209466404365,7.85495836658737
3356,55.9333333333333,0,1.73888114132594,0.651821051922455,7.85325316660546
3358,55.9666666666667,0,1.73818177383655,0.65154684751312,7.85153069400896
3360,56,0,1.73748037943393,0.651272076308284,7.84979112720627
3362,56.0333333333333,0,1.73677702445257,0.650996763744618,7.84803464568681
3364,56.0666666666667,0,1.73607177514762,0.650720935199393,7.84626142999327
3366,56.1,0,1.73536469768574,0.650444615987067,7.8444716616938
3368,56.1333333333333,0,1.73465585813601,0.650167831355912,7.8426655233542
3370,56.1666666666667,0,1.73394532246089,0.649890606484657,7.84084319851006
3372,56.2,0,1.73323315650722,0.649612966479167,7.83900487163883
3374,56.2333333333333,0,1.73251942599733,0.64933493636915,7.83715072813191
3376,56.2666666666667,0,1.73180419652018,0.649056541104892,7.83528095426667
3378,56.3,0,1.73108753352257,0.648777805554027,7.83339573717853
3380,56.3333333333333,0,1.73036950230042,0.64849875449833,7.8314952648329
3382,56.3666666666667,0,1.72965016799014,0.648219412630551,7.82957972599726
3384,56.4,0,1.72892959556002,0.647939804551277,7.82764931021312
3386,56.4333333333333,0,1.72820784980178,0.647659954765822,7.82570420776807
3388,56.4666666666667,0,1.72748499532206,0.647379887681163,7.82374460966779
3390,56.5,0,1.72676109653416,0.647099627602895,7.82177070760807
3392,56.5333333333333,0,1.72603621764968,0.646819198732233,7.81978269394692
3394,56.5666666666667,0,1.72531042267037,0.646538625163039,7.81778076167661
3396,56.6,0,1.72458377537998,0.646257930878895,7.81576510439582
3398,56.6333333333333,0,1.72385633933627,0.645977139750205,7.81373591628181
3400,56.6666666666667,0,1.723128177863,0.64569627553133,7.8116933920626
3402,56.7,0,1.7223993540421,0.645415361857776,7.80963772698924
3404,56.7333333333333,0,1.72166993070588,0.6451344222434,7.8075691168081
3406,56.7666666666667,0,1.72093997042934,0.644853480077672,7.80548775773327
3408,56.8,0,1.72020953552253,0.64457255862296,7.80339384641897
3410,56.8333333333333,0,1.71947868802311,0.644291681011871,7.80128757993208
3412,56.8666666666667,0,1.71874748968885,0.644010870244616,7.7991691557247
3414,56.9,0,1.71801600199036,0.643730149186428,7.79703877160685
3416,56.9333333333333,0,1.71728428610384,0.643449540565014,7.79489662571917
3418,56.9666666666667,0,1.71655240290392,0.643169066968052,7.79274291650586
3420,57,0,1.71582041295667,0.642888750840727,7.79057784268755
3422,57.0333333333333,0,1.71508837651265,0.642608614483312,7.78840160323437
3424,57.0666666666667,0,1.71435635350002,0.642328680048793,7.78621439733917
3426,57.1,0,1.71362440351791,0.642048969540537,7.78401642439074
3428,57.1333333333333,0,1.7128925858297,0.641769504809999,7.78180788394724
3430,57.1666666666667,0,1.71216095935654,0.641490307554485,7.77958897570976
3432,57.2,0,1.71142958267095,0.641211399314949,7.77735989949591
3434,57.2333333333333,0,1.71069851399045,0.64093280147384,7.77512085521373
3436,57.2666666666667,0,1.70996781117143,0.640654535253001,7.77287204283555
3438,57.3,0,1.70923753170304,0.640376621711603,7.77061366237213
3440,57.3333333333333,0,1.70850773270121,0.640099081744136,7.76834591384691
3442,57.3666666666667,0,1.70777847090279,0.639821936078446,7.76606899727042
3444,57.4,0,1.70704980265981,0.639545205273817,7.76378311261487
3446,57.4333333333333,0,1.70632178393387,0.639268909719102,7.76148845978893
3448,57.4666666666667,0,1.70559447029061,0.638993069630909,7.75918523861258
3450,57.5,0,1.70486791689432,0.638717705051831,7.75687364879234
3452,57.5333333333333,0,1.70414217850268,0.638442835848727,7.75455388989648
3454,57.5666666666667,0,1.70341730946165,0.638168481711057,7.75222616133058
3456,57.6,0,1.70269336370036,0.637894662149265,7.74989066231321
3458,57.6333333333333,0,1.7019703947263,0.637621396493216,7.74754759185182
3460,57.6666666666667,0,1.70124845562052,0.637348703890683,7.74519714871889
3462,57.7,0,1.70052759903298,0.637076603305889,7.74283953142825
3464,57.7333333333333,0,1.69980787717802,0.6368051135181,7.74047493821163
3466,57.7666666666667,0,1.69908934183002,0.636534253120273,7.73810356699544
3468,57.8,0,1.69837204431913,0.63626404051776,7.73572561537781
3470,57.8333333333333,0,1.69765603552714,0.635994493927063,7.73334128060583
3472,57.8666666666667,0,1.69694136588351,0.635725631374642,7.73095075955306
3474,57.9,0,1.69622808536149,0.63545747069579,7.72855424869727
3476,57.9333333333333,0,1.69551624347448,0.635190029533548,7.72615194409845
3478,57.9666666666667,0,1.69480588927236,0.634923325337688,7.72374404137707
3480,58,0,1.69409707133814,0.634657375363749,7.72133073569264
3482,58.0333333333333,0,1.69338983778462,0.634392196672129,7.71891222172246
3484,58.0666666666667,0,1.69268423625123,0.634127806127236,7.71648869364074
3486,58.1,0,1.69198031390105,0.633864220396699,7.71406034509798
3488,58.1333333333333,0,1.69127811741793,0.63360145595063,7.71162736920055
3490,58.1666666666667,0,1.69057769300375,0.633339529060956,7.70918995849069
3492,58.2,0,1.68987908637588,0.6330784558008,7.70674830492672
3494,58.2333333333333,0,1.68918234276472,0.632818252043929,7.70430259986359
3496,58.2666666666667,0,1.68848750691143,0.632558933464255,7.70185303403375
3498,58.3,0,1.6877946230658,0.6323005155354,7.69939979752825
3500,58.3333333333333,0,1.68710373498427,0.632043013530327,7.69694307977829
3502,58.3666666666667,0,1.6864148859281,0.631786442521019,7.69448306953698
3504,58.4,0,1.68572811866168,0.63153081737823,7.69201995486149
3506,58.4333333333333,0,1.68504347545102,0.631276152771297,7.68955392309547
3508,58.4666666666667,0,1.68436099806236,0.631022463168002,7.68708516085194
3510,58.5,0,1.68368072776099,0.630769762834516,7.68461385399634
3512,58.5333333333333,0,1.68300270531014,0.630518065835384,7.68214018763008
3514,58.5666666666667,0,1.6823269709701,0.630267386033592,7.67966434607433
3516,58.6,0,1.6816535644975,0.630017737090679,7.67718651285429
3518,58.6333333333333,0,1.68098252514467,0.629769132466926,7.67470687068368
3520,58.6666666666667,0,1.68031389165922,0.629521585421601,7.67222560144971
3522,58.7,0,1.67964770228379,0.62927510901327,7.66974288619834
3524,58.7333333333333,0,1.67898399475594,0.629029716100168,7.66725890511999
3526,58.7666666666667,0,1.67832280630815,0.628785419340638,7.66477383753553
3528,58.8,0,1.6776641736681,0.628542231193633,7.66228786188276
3530,58.8333333333333,0,1.67700813305895,0.628300163919277,7.65980115570321
3532,58.8666666666667,0,1.67635472019997,0.628059229579495,7.65731389562934
3534,58.9,0,1.67570397030714,0.62781944003871,7.65482625737213
3536,58.9333333333333,0,1.67505591809407,0.62758080696459,7.65233841570908
3538,58.9666666666667,0,1.67441059777298,0.627343341828876,7.64985054447263
3540,59,0,1.67376804305591,0.627107055908263,7.64736281653895
3542,59.0333333333333,0,1.67312828715603,0.626871960285348,7.64487540381713
3544,59.0666666666667,0,1.67249136278914,0.626638065849642,7.64238847723883
3546,59.1,0,1.67185730217539,0.626405383298644,7.63990220674832
3548,59.1333333333333,0,1.67122613704105,0.626173923138983,7.6374167612929
3550,59.1666666666667,0,1.67059789862053,0.625943695687615,7.63493230881381
3552,59.2,0,1.66997261765851,0.625714711073091,7.63244901623751
3554,59.2333333333333,0,1.66935032441231,0.625486979236886,7.62996704946741
3556,59.2666666666667,0,1.66873104865429,0.625260509934786,7.62748657337602
3558,59.3,0,1.66811481967456,0.625035312738344,7.62500775179752
3560,59.3333333333333,0,1.66750166628372,0.624811397036392,7.62253074752079
3562,59.3666666666667,0,1.66689161681586,0.624588772036618,7.62005572228288
3564,59.4,0,1.66628469913165,0.624367446767207,7.61758283676282
3566,59.4333333333333,0,1.66568094062161,0.624147430078531,7.61511225057603
3568,59.4666666666667,0,1.66508036820959,0.623928730644915,7.61264412226902
3570,59.5,0,1.6644830083563,0.623711356966453,7.61017860931461
3572,59.5333333333333,0,1.6638888870631,0.623495317370882,7.6077158681076
3574,59.5666666666667,0,1.66329802987585,0.623280620015521,7.60525605396081
3576,59.6,0,1.66271046188901,0.623067272889267,7.60279932110163
3578,59.6333333333333,0,1.66212620774984,0.622855283814639,7.600345822669
3580,59.6666666666667,0,1.66154529166272,0.622644660449893,7.59789571071082
3582,59.7,0,1.66096773739367,0.62243541029118,7.59544913618179
3584,59.7333333333333,0,1.66039356827501,0.62222754067477,7.59300624894173
3586,59.7666666666667,0,1.65982280721016,0.622021058779319,7.59056719775435
3588,59.8,0,1.65925547667857,0.621815971628201,7.58813213028638
3590,59.8333333333333,0,1.65869159874077,0.62161228609188,7.58570119310724
3592,59.8666666666667,0,1.65813119504367,0.621410008890346,7.58327453168911
3594,59.9,0,1.65757428682586,0.621209146595592,7.58085229040742
3596,59.9333333333333,0,1.65702089492309,0.621009705634145,7.57843461254182
3598,59.9666666666667,0,1.65647103977398,0.620811692289644,7.57602164027755
3600,60,0,1.6559247414257,0.620615112705466,7.57361351470726
3602,60.0333333333333,0,1.65538201953988,0.620419972887396,7.57121037583325
3604,60.0666666666667,0,1.65484289339866,0.620226278706344,7.56881236257018
3606,60.1,0,1.65430738191077,0.620034035901105,7.56641961274814
3608,60.1333333333333,0,1.65377550361785,0.619843250081157,7.56403226311619
3610,60.1666666666667,0,1.65324727670077,0.619653926729512,7.56165044934631
3612,60.2,0,1.65272271898614,0.619466071205589,7.55927430603778
3614,60.2333333333333,0,1.65220184795291,0.619279688748139,7.55690396672192
3616,60.2666666666667,0,1.65168468073908,0.619094784478201,7.55453956386733
3618,60.3,0,1.65117123414853,0.618911363402089,7.55218122888543
3620,60.3333333333333,0,1.65066152465787,0.618729430414426,7.54982909213648
3622,60.3666666666667,0,1.65015556842354,0.61854899030119,7.54748328293594
3624,60.4,0,1.64965338128881,0.618370047742807,7.54514392956129
3626,60.4333333333333,0,1.64915497879109,0.618192607317265,7.54281115925914
3628,60.4666666666667,0,1.64866037616909,0.618016673503253,7.54048509825278
3630,60.5,0,1.64816958837026,0.61784225068333,7.53816587175013
3632,60.5333333333333,0,1.64768263005822,0.617669343147111,7.53585360395194
3634,60.5666666666667,0,1.64719951562023,0.617497955094482,7.53354841806051
3636,60.6,0,1.64672025917481,0.617328090638825,7.53125043628861
3638,60.6333333333333,0,1.64624487457935,0.617159753810265,7.52895977986885
3640,60.6666666666667,0,1.64577337543787,0.616992948558937,7.52667656906333
3642,60.7,0,1.64530577510871,0.616827678758253,7.52440092317367
3644,60.7333333333333,0,1.64484208671238,0.616663948208196,7.52213296055132
3646,60.7666666666667,0,1.64438232313944,0.616501760638609,7.5198727986082
3648,60.8,0,1.64392649705832,0.616341119712501,7.51762055382762
3650,60.8333333333333,0,1.64347462092335,0.616182029029353,7.51537634177559
3652,60.8666666666667,0,1.64302670698263,0.616024492128428,7.51314027711229
3654,60.9,0,1.64258276728609,0.615868512492078,7.51091247360391
3656,60.9333333333333,0,1.64214281369348,0.615714093549056,7.5086930441347
3658,60.9666666666667,0,1.64170685788236,0.615561238677817,7.50648210071937
3660,61,0,1.64127491135619,0.615409951209816,7.50427975451561
3662,61.0333333333333,0,1.64084698545234,0.615260234432796,7.50208611583699
3664,61.0666666666667,0,1.64042309135012,0.615112091594068,7.49990129416594
3666,61.1,0,1.64000324007882,0.61496552590377,7.49772539816712
3668,61.1333333333333,0,1.63958744252575,0.614820540538119,7.49555853570082
3670,61.1666666666667,0,1.63917570944421,0.614677138642639,7.49340081383669
3672,61.2,0,1.63876805146147,0.614535323335373,7.49125233886762
3674,61.2333333333333,0,1.63836447908675,0.614395097710063,7.48911321632372
3676,61.2666666666667,0,1.63796500271908,0.614256464839316,7.48698355098661
3678,61.3,0,1.63756963265523,0.614119427777735,7.48486344690369
3680,61.3333333333333,0,1.63717837909749,0.613983989565021,7.48275300740267
3682,61.3666666666667,0,1.63679125216146,0.613850153229042,7.48065233510622
3684,61.4,0,1.63640826188374,0.613717921788868,7.47856153194662
3686,61.4333333333333,0,1.63602941822963,0.613587298257768,7.47648069918067
3688,61.4666666666667,0,1.63565473110066,0.613458285646166,7.47440993740456
3690,61.5,0,1.63528421034209,0.613330886964555,7.47234934656888
3692,61.5333333333333,0,1.63491786575037,0.613205105226366,7.47029902599368
3694,61.5666666666667,0,1.63455570708043,0.613080943450791,7.46825907438356
3696,61.6,0,1.63419774405294,0.612958404665554,7.46622958984283
3698,61.6333333333333,0,1.63384398636143,0.612837491909633,7.46421066989065
3700,61.6666666666667,0,1.63349444367934,0.612718208235922,7.46220241147622
3702,61.7,0,1.63314912566692,0.612600556713844,7.46020491099394
3704,61.7333333333333,0,1.63280804197803,0.6124845404319,7.45821826429855
3706,61.7666666666667,0,1.63247120226686,0.612370162500158,7.45624256672026
3708,61.8,0,1.63213861619441,0.612257426052677,7.4542779130798
3710,61.8333333333333,0,1.63181029343498,0.612146334249867,7.45232439770346
3712,61.8666666666667,0,1.63148624368237,0.612036890280784,7.450382114438
3714,61.9,0,1.63116647665609,0.611929097365346,7.44845115666552
3716,61.9333333333333,0,1.63085100210728,0.611822958756489,7.44653161731822
3718,61.9666666666667,0,1.63053982982455,0.611718477742239,7.44462358889299
3720,62,0,1.63023296963965,0.611615657647711,7.44272716346597
3722,62.0333333333333,0,1.62993043143298,0.611514501837033,7.44084243270692
3724,62.0666666666667,0,1.62963222513886,0.611415013715188,7.43896948789337
3726,62.1,0,1.62933836075076,0.611317196729769,7.43710841992474
3728,62.1333333333333,0,1.62904884832619,0.611221054372661,7.43525931933616
3730,62.1666666666667,0,1.62876369799152,0.61112659018163,7.43342227631216
3732,62.2,0,1.6284829199466,0.611033807741823,7.43159738070011
3734,62.2333333333333,0,1.62820652446908,0.610942710687192,7.42978472202346
3736,62.2666666666667,0,1.62793452191867,0.610853302701809,7.42798438949476
3738,62.3,0,1.62766692274113,0.61076558752111,7.42619647202843
3740,62.3333333333333,0,1.62740373747202,0.610679568933027,7.42442105825321
3742,62.3666666666667,0,1.62714497674032,0.610595250779043,7.42265823652442
3744,62.4,0,1.62689065127176,0.610512636955134,7.42090809493591
3746,62.4333333333333,0,1.62664077189198,0.610431731412633,7.4191707213317
3748,62.4666666666667,0,1.62639534952947,0.610352538158978,7.41744620331727
3750,62.5,0,1.62615439521822,0.610275061258378,7.41573462827066
3752,62.5333333333333,0,1.62591792010023,0.610199304832362,7.41403608335311
3754,62.5666666666667,0,1.62568593542774,0.610125273060247,7.4123506555194
3756,62.6,0,1.62545845256523,0.610052970179485,7.41067843152787
3758,62.6333333333333,0,1.62523548299119,0.609982400485924,7.40901949795002
3760,62.6666666666667,0,1.62501703829967,0.609913568333955,7.40737394117979
3762,62.7,0,1.62480313020157,0.609846478136563,7.40574184744242
3764,62.7333333333333,0,1.62459377052565,0.609781134365274,7.40412330280293
3766,62.7666666666667,0,1.62438897121941,0.60971754154999,7.40251839317422
3768,62.8,0,1.6241887443496,0.609655704278734,7.40092720432468
3770,62.8333333333333,0,1.62399310210255,0.609595627197276,7.39934982188548
3772,62.8666666666667,0,1.62380205678426,0.609537315008668,7.39778633135738
3774,62.9,0,1.62361562082018,0.609480772472663,7.39623681811711
3776,62.9333333333333,0,1.62343380675485,0.60942600440504,7.39470136742327
3778,62.9666666666667,0,1.62325662725116,0.609373015676817,7.39318006442188
3780,63,0,1.62308409508946,0.609321811213368,7.39167299415133
3782,63.0333333333333,0,1.62291622316639,0.60927239599343,7.390180241547
3784,63.0666666666667,0,1.62275302449346,0.609224775048012,7.38870189144534
3786,63.1,0,1.62259451219535,0.609178953459202,7.38723802858744
3788,63.1333333333333,0,1.62244069950803,0.609134936358867,7.38578873762223
3790,63.1666666666667,0,1.62229159977659,0.609092728927262,7.38435410310907
3792,63.2,0,1.62214722645282,0.609052336391533,7.38293420951993
3794,63.2333333333333,0,1.62200759309258,0.609013764024121,7.38152914124104
3796,63.2666666666667,0,1.62187271335286,0.608977017141073,7.38013898257408
3798,63.3,0,1.62174260098871,0.608942101100251,7.3787638177368
3800,63.3333333333333,0,1.62161726984981,0.608909021299453,7.37740373086319
3802,63.3666666666667,0,1.62149673387691,0.608877783174431,7.37605880600314
3804,63.4,0,1.62138100709793,0.608848392196829,7.37472912712158
3806,63.4333333333333,0,1.62127010362395,0.608820853872014,7.37341477809708
3808,63.4666666666667,0,1.62116403764485,0.608795173736834,7.37211584272001
3810,63.5,0,1.62106282342482,0.608771357357277,7.37083240469015
3812,63.5333333333333,0,1.62096647529759,0.608749410326053,7.36956454761374
3814,63.5666666666667,0,1.62087500766149,0.60872933826008,7.36831235500011
3816,63.6,0,1.6207884349742,0.6087111467979,7.36707591025774
3818,63.6333333333333,0,1.62070677174746,0.60869484159701,7.36585529668984
3820,63.6666666666667,0,1.62063003254137,0.608680428331113,7.36465059748939
3820.2,63.67,0.332545141239719,1.61625361344768,0.606489053632685,7.3580105249341
3820.4,63.6733333333333,0.379367719205894,1.61280641954298,0.604764322284302,7.35275224709473
3820.6,63.6766666666667,0.384389641718016,1.6094961393043,0.603109749471349,7.34768923644712
3820.8,63.68,0.383534489559924,1.60620722179133,0.601467505486952,7.34264846160984
3821,63.6833333333333,0.382056103914945,1.6029237260647,0.59982960555403,7.33760606737256
3821.2,63.6866666666667,0.380691690576302,1.59964422850259,0.598195328941034,7.33255994243157
3821.4,63.69,0.379518110657151,1.596369299296,0.596564952200441,7.3275109641233
3821.6,63.6933333333333,0.378519755749898,1.59309967811239,0.594938836334072,7.32246026591628
3821.8,63.6966666666667,0.377671547397621,1.58983602429448,0.593317301855281,7.31740886293793
3822,63.7,0.376950536970325,1.58657889632528,0.591700618567606,7.31235762090079
3822.2,63.7033333333333,0.37633707267483,1.58332876259543,0.590089010998848,7.30730727195583
3822.4,63.7066666666667,0.37581451104197,1.58008601465895,0.588482665073154,7.30225843431429
3822.6,63.71,0.375368784414568,1.57685097905331,0.586881734058668,7.29721162975532
3822.8,63.7133333333333,0.37498800716237,1.57362392738197,0.585286343640537,7.29216729856151
3823,63.7166666666667,0.374662138448191,1.57040508484969,0.583696596215361,7.28712581216284
3823.2,63.72,0.374382696409526,1.56719463747746,0.582112574521252,7.28208748382485
3823.4,63.7233333333333,0.374142516399942,1.5639927381993,0.580534344705285,7.27705257768049
3823.6,63.7266666666667,0.37393554660386,1.56079951201344,0.578961958915122,7.27202131636112
3823.8,63.73,0.373756675287374,1.55761506033397,0.577395457488359,7.26699388744323
3824,63.7333333333333,0.373601584811729,1.55443946466698,0.575834870801963,7.26197044889448
3824.2,63.7366666666667,0.373466628279303,1.55127278971565,0.574280220834381,7.25695113367376
3824.4,63.74,0.373348725314602,1.54811508600295,0.572731522484949,7.25193605361676
3824.6,63.7433333333333,0.373245274020008,1.54496639208685,0.571188784688218,7.24692530271778
3824.8,63.7466666666667,0.373154076601652,1.54182673643107,0.569652011355016,7.24191895990135
3825,63.75,0.373073276547001,1.53869613898514,0.568121202167206,7.23691709136323
3825.2,63.7533333333333,0.37300130556283,1.53557461251867,0.566596353248798,7.23191975254724
3825.4,63.7566666666667,0.372936838759221,1.53246216374823,0.565077457732679,7.2269269898149
3825.6,63.76,0.372878756799584,1.52935879428888,0.563564506239176,7.22193884185539
3825.8,63.7633333333333,0.372826113934941,1.52626450145778,0.562057487280105,7.21695534087624
3826,63.7666666666667,0.372778111008453,1.52317927895277,0.560556387599992,7.21197651360889
3826.2,63.77,0.372734072657858,1.52010311742534,0.559061192464114,7.20700238215782
3826.4,63.7733333333333,0.372693428063427,1.51703600496457,0.557571885901734,7.2020329647177
3826.6,63.7766666666667,0.372655694690256,1.51397792750568,0.556088450911454,7.197068276179
3826.8,63.78,0.372620464559366,1.51092886917506,0.554610869634547,7.19210832863932
3827,63.7833333333333,0.372587392654385,1.50788881258164,0.55313912350133,7.18715313183539
3827.2,63.7866666666667,0.372556187131688,1.50485773906285,0.551673193354683,7.1822026935077
3827.4,63.79,0.372526601053519,1.50183562889235,0.550213059554334,7.17725701970859
3827.6,63.7933333333333,0.372498425407182,1.4988224614555,0.548758702064883,7.17231611506243
3827.8,63.7966666666667,0.372471483210271,1.49581821539736,0.547310100530066,7.16737998298521
3828,63.8,0.372445624532971,1.49282286874786,0.545867234335458,7.16244862587022
3828.2,63.8033333333333,0.372420722294773,1.48983639902729,0.544430082661349,7.15752204524471
3828.4,63.8066666666667,0.372396668715123,1.4868587833355,0.542998624527373,7.15260024190224
3828.6,63.81,0.372373372316252,1.48388999842723,0.541572838830161,7.14768321601461
3828.8,63.8133333333333,0.372350755392291,1.48093002077555,0.540152704375065,7.14277096722618
3829,63.8166666666667,0.372328751872112,1.47797882662566,0.538738199902948,7.13786349473379
3829.2,63.82,0.372307305514639,1.47503639204008,0.537329304112728,7.13296079735409
3829.4,63.8233333333333,0.372286368384898,1.47210269293696,0.535925995680399,7.12806287358053
3829.6,63.8266666666667,0.372265899567119,1.46917770512237,0.534528253275061,7.12316972163152
3829.8,63.83,0.372245864078021,1.46626140431755,0.533136055572377,7.11828133949108
3830,63.8333333333333,0.372226231949112,1.46335376618191,0.531749381265954,7.11339772494324
3830.2,63.8366666666667,0.372206977451719,1.46045476633246,0.530368209076859,7.10851887560111
3830.4,63.84,0.37218807844254,1.45756438036019,0.528992517761654,7.10364478893142
3830.6,63.8433333333333,0.372169515810959,1.45468258384396,0.527622286119134,7.09877546227541
3830.8,63.8466666666667,0.37215127301229,1.45180935236206,0.526257492995957,7.09391089286628
3831,63.85,0.372133335673592,1.4489446615022,0.524898117291396,7.08905107784422
3831.2,63.8533333333333,0.372115691260744,1.44608848686966,0.523544137961274,7.08419601426888
3831.4,63.8566666666667,0.372098328797271,1.44324080409443,0.522195534021274,7.07934569913011
3831.6,63.86,0.372081238626846,1.44040158883703,0.520852284549699,7.074500129357
3831.8,63.8633333333333,0.372064412212695,1.43757081679352,0.519514368689731,7.06965930182553
3832,63.8666666666667,0.372047841968144,1.43474846369969,0.518181765651347,7.06482321336508
3832.2,63.87,0.37203152111348,1.43193450533457,0.516854454712853,7.05999186076396
3832.4,63.8733333333333,0.372015443555019,1.42912891752342,0.515532415222169,7.05516524077405
3832.6,63.8766666666667,0.371999603782934,1.42633167614024,0.514215626597879,7.0503433501149
3832.8,63.88,0.371983996784921,1.4235427571098,0.512904068330051,7.04552618547701
3833,63.8833333333333,0.371968617973243,1.42076213640952,0.511597719980924,7.04071374352482
3833.2,63.8866666666667,0.37195346312307,1.4179897900708,0.510296561185423,7.03590602089914
3833.4,63.89,0.371938528320351,1.41522569418036,0.509000571651571,7.03110301421927
3833.6,63.8933333333333,0.371923809917749,1.41246982488127,0.507709731160804,7.02630472008483
3833.8,63.8966666666667,0.371909304497372,1.40972215837371,0.506424019568172,7.02151113507733
3834,63.9,0.371895008839257,1.40698267091582,0.505143416802509,7.01672225576151
3834.2,63.9033333333333,0.371880919894694,1.40425133882416,0.503867902866501,7.01193807868645
3834.4,63.9066666666667,0.371867034763655,1.40152813847428,0.502597457836728,7.00715860038667
3834.6,63.91,0.371853350675685,1.39881304630111,0.501332061863666,7.00238381738295
3834.8,63.9133333333333,0.37183986497371,1.39610603879923,0.50007169517162,6.99761372618308
3835,63.9166666666667,0.371826575100317,1.39340709252321,0.498816338058673,6.9928483232826
3835.2,63.92,0.371813478586117,1.39071618408772,0.497565970896567,6.98808760516532
3835.4,63.9233333333333,0.371800573039875,1.38803329016779,0.49632057413058,6.98333156830385
3835.6,63.9266666666667,0.37178785614012,1.38535838749885,0.495080128279401,6.97858020916016
3835.8,63.93,0.371775325628016,1.38269145287688,0.493844613934947,6.97383352418586
3836,63.9333333333333,0.371762979301298,1.38003246315846,0.492614011762218,6.96909150982268
3836.2,63.9366666666667,0.371750815009102,1.37738139526076,0.491388302499093,6.96435416250278
3836.4,63.94,0.37173883064755,1.37473822616162,0.490167466956151,6.95962147864901
3836.6,63.9433333333333,0.371727024155985,1.37210293289954,0.488951486016477,6.95489345467532
3836.8,63.9466666666667,0.371715393513741,1.36947549257363,0.48774034063544,6.95017008698687
3837,63.95,0.371703936737371,1.36685588234365,0.486534011840503,6.9454513719804
3837.2,63.9533333333333,0.371692651878269,1.3642440794299,0.485332480730992,6.94073730604439
3837.4,63.9566666666667,0.371681537020609,1.36164006111322,0.484135728477882,6.93602788555928
3837.6,63.96,0.371670590279574,1.35904380473495,0.482943736323584,6.93132310689771
3837.8,63.9633333333333,0.371659809799808,1.35645528769684,0.481756485581704,6.92662296642465
3838,63.9666666666667,0.371649193754074,1.35387448746099,0.480573957636837,6.92192746049767
3838.2,63.97,0.371638740342078,1.35130138154979,0.479396133944318,6.917236585467
3838.4,63.9733333333333,0.371628447789435,1.34873594754585,0.478222996030005,6.91255033767579
3838.6,63.9766666666667,0.371618314346757,1.34617816309191,0.477054525490051,6.90786871346027
3838.8,63.98,0.371608338288844,1.34362800589075,0.475890703990661,6.9031917091498
3839,63.9833333333333,0.371598517913962,1.34108545370515,0.474731513267874,6.89851932106718
3839.2,63.9866666666667,0.371588851543191,1.33855048435774,0.473576935127317,6.89385154552866
3839.4,63.99,0.371579337519846,1.33602307573097,0.472426951443978,6.88918837884413
3839.6,63.9933333333333,0.37156997420894,1.33350320576698,0.47128154416198,6.88452981731732
3839.8,63.9966666666667,0.3715607599967,1.33099085246751,0.470140695294333,6.87987585724582
3840,64,0.371551693290123,1.32848599389385,0.469004386922719,6.8752264949213
3840.2,64.0033333333333,0.371542772516558,1.32598860816668,0.467872601197239,6.87058172662961
3840.4,64.0066666666667,0.371533996123329,1.323498673466,0.466745320336194,6.86594154865091
3840.6,64.01,0.371525362577369,1.32101616803105,0.465622526625852,6.86130595725979
3840.8,64.0133333333333,0.371516870364886,1.3185410701602,0.464504202420204,6.8566749487254
3841,64.0166666666667,0.371508517991041,1.31607335821083,0.463390330140749,6.85204851931158
3841.2,64.02,0.371500303979649,1.31361301059925,0.462280892276244,6.84742666527694
3841.4,64.0233333333333,0.371492226872883,1.31116000580057,0.461175871382482,6.84280938287502
3841.6,64.0266666666667,0.371484285231002,1.30871432234867,0.460075250082066,6.83819666835439
3841.8,64.03,0.371476477632084,1.30627593883598,0.458979011064161,6.83358851795876
3842,64.0333333333333,0.371468802671766,1.30384483391349,0.457887137084286,6.82898492792709
3842.2,64.0366666666667,0.371461258962998,1.30142098629055,0.456799610964062,6.8243858944937
3842.4,64.04,0.371453845135802,1.29900437473484,0.455716415590992,6.81979141388837
3842.6,64.0433333333333,0.371446559837036,1.29659497807223,0.454637533918241,6.8152014823365
3842.8,64.0466666666667,0.371439401730167,1.29419277518664,0.453562948964387,6.8106160960591
3843,64.05,0.371432369495047,1.29179774502,0.452492643813214,6.80603525127304
3843.2,64.0533333333333,0.371425461827698,1.2894098665721,0.451426601613464,6.80145894419102
3843.4,64.0566666666667,0.371418677440097,1.28702911890045,0.450364805578623,6.79688717102177
3843.6,64.06,0.371412015059965,1.28465548112028,0.449307238986695,6.79231992797008
3843.8,64.0633333333333,0.371405473430567,1.28228893240428,0.448253885179962,6.78775721123693
3844,64.0666666666667,0.371399051310508,1.27992945198262,0.447204727564777,6.78319901701961
3844.2,64.07,0.371392747473537,1.27757701914278,0.446159749611319,6.77864534151175
3844.4,64.0733333333333,0.371386560708349,1.27523161322941,0.445118934853382,6.77409618090346
3844.6,64.0766666666667,0.3713804898184,1.27289321364429,0.444082266888149,6.76955153138145
3844.8,64.08,0.371374533621713,1.27056179984617,0.443049729375958,6.76501138912904
3845,64.0833333333333,0.371368690950698,1.26823735135066,0.442021306040095,6.76047575032633
3845.2,64.0866666666667,0.371362960651965,1.26591984773013,0.440996980666555,6.75594461115024
3845.4,64.09,0.371357341586147,1.26360926861359,0.439976737103826,6.75141796777461
3845.6,64.0933333333333,0.371351832627723,1.26130559368658,0.438960559262676,6.74689581637031
3845.8,64.0966666666667,0.371346432664839,1.25900880269104,0.437948431115915,6.7423781531053
3846,64.1,0.371341140599144,1.25671887542523,0.436940336698189,6.73786497414472
3846.2,64.1033333333333,0.371335955345611,1.25443579174358,0.43593626010575,6.73335627565097
3846.4,64.1066666666667,0.371330875832375,1.25215953155658,0.434936185496239,6.7288520537838
3846.6,64.11,0.371325901000567,1.24989007483069,0.433940097088474,6.72435230470041
3846.8,64.1133333333333,0.37132102980415,1.24762740158819,0.432947979162219,6.71985702455547
3847,64.1166666666667,0.371316261209756,1.24537149190709,0.431959816057978,6.71536620950128
3847.2,64.12,0.371311594196533,1.243122325921,0.430975592176767,6.71087985568778
3847.4,64.1233333333333,0.371307027755981,1.24087988381901,0.429995291979903,6.70639795926265
3847.6,64.1266666666667,0.371302560891801,1.2386441458456,0.429018899988791,6.70192051637142
3847.8,64.13,0.371298192619745,1.23641509230048,0.428046400784698,6.69744752315749
3848,64.1333333333333,0.37129392196746,1.2341927035385,0.427077779008549,6.69297897576224
3848.2,64.1366666666667,0.371289747974341,1.23197695996953,0.426113019360703,6.68851487032509
3848.4,64.14,0.371285669691387,1.22976784205834,0.425152106600743,6.68405520298356
3848.6,64.1433333333333,0.371281686181051,1.22756533032448,0.424195025547267,6.67959996987339
3848.8,64.1466666666667,0.371277796517101,1.22536940534216,0.423241761077663,6.67514916712855
3849,64.15,0.371273999784477,1.22318004774012,0.422292298127913,6.67070279088134
3849.2,64.1533333333333,0.371270295079151,1.22099723820155,0.421346621692364,6.66626083726247
3849.4,64.1566666666667,0.371266681507992,1.21882095746391,0.420404716823526,6.66182330240108
3849.6,64.16,0.371263158188626,1.21665118631889,0.419466568631867,6.65739018242487
3849.8,64.1633333333333,0.371259724249306,1.21448790561221,0.418532162285585,6.65296147346012
3850,64.1666666666667,0.371256378828774,1.21233109624354,0.417601483010421,6.64853717163177
3850.2,64.17,0.371253121076136,1.21018073916639,0.41667451608943,6.64411727306349
3850.4,64.1733333333333,0.371249950150731,1.20803681538797,0.415751246862782,6.63970177387773
3850.6,64.1766666666667,0.371246865222002,1.20589930596907,0.414831660727558,6.63529067019579
3850.8,64.18,0.371243865469369,1.20376819202394,0.41391574313753,6.63088395813787
3851,64.1833333333333,0.37124095008211,1.20164345472021,0.413003479602973,6.62648163382318
3851.2,64.1866666666667,0.371238118259233,1.19952507527869,0.412094855690437,6.62208369336991
3851.4,64.19,0.371235369209357,1.1974130349733,0.411189857022556,6.61769013289537
3851.6,64.1933333333333,0.371232702150593,1.19530731513098,0.410288469277845,6.61330094851603
3851.8,64.1966666666667,0.371230116310425,1.1932078971315,0.409390678190482,6.60891613634752
3852,64.2,0.371227610925592,1.19111476240736,0.40849646955012,6.60453569250479
3852.2,64.2033333333333,0.371225185241977,1.18902789244371,0.40760582920167,6.60015961310208
3852.4,64.2066666666667,0.371222838514488,1.18694726877817,0.406718743045105,6.59578789425299
3852.6,64.21,0.371220570006949,1.18487287300077,0.405835197035264,6.59142053207059
3852.8,64.2133333333333,0.371218378991991,1.18280468675374,0.404955177181635,6.58705752266738
3853,64.2166666666667,0.371216264750937,1.18074269173152,0.404078669548172,6.58269886215546
3853.2,64.22,0.3712142265737,1.17868686968048,0.403205660253078,6.57834454664648
3853.4,64.2233333333333,0.371212263758671,1.17663720239894,0.402336135468615,6.57399457225171
3853.6,64.2266666666667,0.37121037561262,1.17459367173697,0.40147008142091,6.56964893508217
3853.8,64.23,0.371208561450584,1.17255625959627,0.400607484389738,6.56530763124857
3854,64.2333333333333,0.371206820595771,1.17052494793009,0.399748330708347,6.56097065686145
3854.2,64.2366666666667,0.371205152379457,1.16849971874306,0.398892606763241,6.55663800803116
3854.4,64.24,0.371203556140883,1.1664805540911,0.398040298993992,6.55230968086795
3854.6,64.2433333333333,0.371202031227161,1.16446743608131,0.397191393893051,6.54798567148202
3854.8,64.2466666666667,0.371200576993173,1.16246034687178,0.396345878005533,6.54366597598353
3855,64.25,0.371199192801473,1.16045926867157,0.395503737929044,6.5393505904827
3855.2,64.2533333333333,0.371197878022199,1.15846418374048,0.394664960313471,6.53503951108981
3855.4,64.2566666666667,0.371196632032972,1.15647507438902,0.393829531860791,6.53073273391524
3855.6,64.26,0.371195454218806,1.15449192297823,0.392997439324887,6.52643025506959
3855.8,64.2633333333333,0.371194343972015,1.15251471191956,0.392168669511341,6.52213207066362
3856,64.2666666666667,0.371193300692128,1.15054342367482,0.391343209277257,6.51783817680837
3856.2,64.27,0.371192323785792,1.14857804075594,0.390521045531055,6.51354856961517
3856.4,64.2733333333333,0.371191412666689,1.14661854572494,0.38970216523229,6.50926324519568
3856.6,64.2766666666667,0.371190566755447,1.14466492119378,0.38888655539146,6.50498219966197
3856.8,64.28,0.371189785479555,1.14271714982423,0.38807420306981,6.50070542912649
3857,64.2833333333333,0.371189068273279,1.14077521432775,0.387265095379155,6.49643292970219
3857.2,64.2866666666667,0.371188414577575,1.13883909746539,0.386459219481678,6.49216469750251
3857.4,64.29,0.37118782384001,1.13690878204762,0.38565656258975,6.4879007286414
3857.6,64.2933333333333,0.371187295514678,1.13498425093426,0.384857111965744,6.48364101923346
3857.8,64.2966666666667,0.371186829062121,1.13306548703434,0.38406085492184,6.47938556539384
3858,64.3,0.371186423949247,1.13115247330596,0.383267778819848,6.4751343632384
3858.2,64.3033333333333,0.371186079649255,1.1292451927562,0.382477871071016,6.47088740888366
3858.4,64.3066666666667,0.371185795641554,1.12734362844095,0.381691119135846,6.46664469844687
3858.6,64.31,0.371185571411688,1.12544776346487,0.380907510523917,6.4624062280461
3858.8,64.3133333333333,0.371185406451259,1.12355758098115,0.380127032793685,6.45817199380014
3859,64.3166666666667,0.371185300257857,1.12167306419153,0.379349673552321,6.45394199182871
3859.2,64.32,0.371185252334978,1.11979419634606,0.378575420455507,6.44971621825233
3859.4,64.3233333333333,0.371185262191959,1.11792096074301,0.377804261207268,6.44549466919247
3859.6,64.3266666666667,0.371185329343902,1.11605334072882,0.377036183559788,6.44127734077154
3859.8,64.33,0.371185453311603,1.11419131969786,0.376271175313223,6.4370642291129
3860,64.3333333333333,0.371185633621483,1.1123348810924,0.37550922431553,6.43285533034096
3860.2,64.3366666666667,0.371185869805519,1.11048400840247,0.374750318462278,6.42865064058115
3860.4,64.34,0.371186161401176,1.10863868516569,0.373994445696473,6.42445015595995
3860.6,64.3433333333333,0.371186507951337,1.10679889496722,0.373241594008385,6.420253872605
3860.8,64.3466666666667,0.371186909004238,1.1049646214396,0.372491751435354,6.41606178664503
3861,64.35,0.371187364113404,1.10313584826262,0.371744906061635,6.41187389420997
3861.2,64.3533333333333,0.371187872837581,1.10131255916323,0.3710010460182,6.40769019143094
3861.4,64.3566666666667,0.371188434740672,1.09949473791539,0.370260159482571,6.40351067444026
3861.6,64.36,0.371189049391676,1.09768236833998,0.36952223467865,6.39933533937156
3861.8,64.3633333333333,0.371189716364625,1.09587543430465,0.36878725987653,6.39516418235971
3862,64.3666666666667,0.371190435238519,1.09407391972373,0.368055223392336,6.39099719954094
3862.2,64.37,0.371191205597268,1.09227780855806,0.367326113588037,6.38683438705279
3862.4,64.3733333333333,0.371192027029633,1.09048708481494,0.366599918871279,6.38267574103418
3862.6,64.3766666666667,0.371192899129163,1.08870173254796,0.365876627695217,6.37852125762544
3862.8,64.38,0.371193821494138,1.08692173585688,0.36515622855833,6.37437093296832
3863,64.3833333333333,0.371194793727511,1.08514707888755,0.364438710004265,6.37022476320605
3863.2,64.3866666666667,0.371195815436851,1.08337774583173,0.363724060621651,6.3660827444833
3863.4,64.39,0.371196886234285,1.08161372092704,0.363012269043935,6.36194487294625
3863.6,64.3933333333333,0.371198005736446,1.07985498845678,0.362303323949219,6.35781114474266
3863.8,64.3966666666667,0.371199173564412,1.07810153274985,0.361597214060075,6.3536815560218
3864,64.4,0.371200389343656,1.07635333818063,0.360893928143392,6.34955610293456
3864.2,64.4033333333333,0.371201652703992,1.07461038916882,0.360193455010196,6.3454347816334
3864.4,64.4066666666667,0.371202963279519,1.07287267017936,0.359495783515486,6.34131758827242
3864.6,64.41,0.371204320708572,1.07114016572232,0.358800902558071,6.33720451900743
3864.8,64.4133333333333,0.371205724633669,1.06941286035274,0.358108801080397,6.33309556999583
3865,64.4166666666667,0.371207174701457,1.06769073867056,0.357419468068386,6.32899073739681
3865.2,64.42,0.371208670562667,1.06597378532045,0.356732892551267,6.32489001737123
3865.4,64.4233333333333,0.37121021187206,1.06426198499173,0.35604906360141,6.32079340608172
3865.6,64.4266666666667,0.37121179828838,1.06255532241826,0.355367970334171,6.31670089969268
3865.8,64.43,0.371213429474303,1.06085378237827,0.354689601907713,6.31261249437029
3866,64.4333333333333,0.371215105096392,1.05915734969431,0.354013947522857,6.30852818628258
3866.2,64.4366666666667,0.371216824825048,1.05746600923308,0.35334099642291,6.30444797159938
3866.4,64.44,0.371218588334462,1.05577974590533,0.352670737893506,6.30037184649239
3866.6,64.4433333333333,0.371220395302572,1.05409854466576,0.352003161262448,6.2962998071352
3866.8,64.4466666666667,0.371222245411015,1.05242239051287,0.351338255899539,6.29223184970328
3867,64.45,0.371224138345081,1.05075126848889,0.350676011216429,6.28816797037404
3867.2,64.4533333333333,0.371226073793671,1.0490851636796,0.350016416666452,6.28410816532682
3867.4,64.4566666666667,0.371228051449254,1.04742406121427,0.349359461744462,6.28005243074289
3867.6,64.46,0.37123007100782,1.04576794626553,0.348705135986688,6.27600076280556
3867.8,64.4633333333333,0.371232132168837,1.04411680404923,0.348053428970557,6.27195315770007
3868,64.4666666666667,0.371234234635213,1.04247061982435,0.347404330314553,6.26790961161375
3868.2,64.47,0.371236378113252,1.04082937889287,0.346757829678048,6.26387012073589
3868.4,64.4733333333333,0.371238562312611,1.03919306659966,0.346113916761152,6.25983468125787
3868.6,64.4766666666667,0.371240786946262,1.03756166833239,0.345472581304556,6.25580328937316
3868.8,64.48,0.37124305173045,1.03593516952135,0.344833813089372,6.25177594127728
3869,64.4833333333333,0.371245356384654,1.03431355563941,0.344197601936985,6.24775263316787
3869.2,64.4866666666667,0.371247700631546,1.03269681220184,0.343563937708894,6.24373336124472
3869.4,64.49,0.371250084196957,1.03108492476626,0.342932810306555,6.2397181217097
3869.6,64.4933333333333,0.371252506809834,1.02947787893246,0.342304209671238,6.23570691076691
3869.8,64.4966666666667,0.371254968202203,1.02787566034234,0.341678125783862,6.23169972462256
3870,64.5,0.371257468109133,1.02627825467976,0.341054548664854,6.2276965594851
3870.2,64.5033333333333,0.371260006268701,1.02468564767046,0.340433468373987,6.22369741156515
3870.4,64.5066666666667,0.371262582421949,1.0230978250819,0.339814875010232,6.21970227707557
3870.6,64.51,0.371265196312856,1.02151477272319,0.339198758711615,6.21571115223145
3870.8,64.5133333333333,0.371267847688297,1.01993647644495,0.338585109655053,6.21172403325014
3871,64.5166666666667,0.371270536298011,1.01836292213923,0.337973918056219,6.20774091635126
3871.2,64.52,0.371273261894565,1.01679409573936,0.337365174169381,6.2037617977567
3871.4,64.5233333333333,0.371276024233318,1.01522998321983,0.336758868287256,6.19978667369063
3871.6,64.5266666666667,0.371278823072394,1.01367057059624,0.336154990740871,6.19581554037959
3871.8,64.53,0.371281658172639,1.01211584392511,0.335553531899401,6.19184839405239
3872,64.5333333333333,0.371284529297596,1.01056578930385,0.334954482170034,6.18788523094021
3872.2,64.5366666666667,0.371287436213469,1.00902039287057,0.334357831997819,6.18392604727657
3872.4,64.54,0.371290378689091,1.007479640804,0.333763571865516,6.17997083929735
3872.6,64.5433333333333,0.371293356495894,1.0059435193234,0.333171692293464,6.17601960324083
3872.8,64.5466666666667,0.371296369407876,1.00441201468843,0.332582183839419,6.17207233534768
3873,64.55,0.371299417201569,1.00288511319902,0.331995037098425,6.16812903186096
3873.2,64.5533333333333,0.371302499656013,1.0013628011953,0.331410242702657,6.16418968902617
3873.4,64.5566666666667,0.37130561655272,0.999845065057454,0.330827791321286,6.16025430309122
3873.6,64.56,0.37130876767565,0.998331891205633,0.330247673660336,6.15632287030649
3873.8,64.5633333333333,0.371311952811177,0.996823266099828,0.329669880462534,6.15239538692478
3874,64.5666666666667,0.371315171748061,0.995319176239778,0.329094402507179,6.14847184920142
3874.2,64.57,0.371318424277423,0.99381960816484,0.328521230609992,6.14455225339415
3874.4,64.5733333333333,0.37132171019271,0.992324548453894,0.327950355622977,6.14063659576323
3874.6,64.5766666666667,0.371325029289674,0.990833983725234,0.327381768434287,6.13672487257145
3874.8,64.58,0.371328381366339,0.989347900636448,0.326815459968072,6.13281708008407
3875,64.5833333333333,0.371331766222976,0.987866285884324,0.326251421184353,6.12891321456892
3875.2,64.5866666666667,0.371335183662078,0.986389126204727,0.325689643078873,6.12501327229632
3875.4,64.59,0.371338633488329,0.984916408372495,0.325130116682963,6.12111724953917
3875.6,64.5933333333333,0.371342115508581,0.983448119201347,0.324572833063406,6.11722514257291
3875.8,64.5966666666667,0.371345629531827,0.981984245543743,0.324017783322293,6.11333694767557
3876,64.6,0.371349175369175,0.980524774290811,0.323464958596896,6.10945266112774
3876.2,64.6033333333333,0.371352752833824,0.979069692372214,0.322914350059521,6.10557227921261
3876.4,64.6066666666667,0.371356361741037,0.97761898675605,0.32236594891738,6.10169579821594
3876.6,64.61,0.371360001908118,0.976172644448757,0.321819746412452,6.09782321442614
3876.8,64.6133333333333,0.371363673154388,0.974730652494984,0.321275733821349,6.09395452413421
3877,64.6166666666667,0.371367375301158,0.973292997977511,0.320733902455184,6.09008972363379
3877.2,64.62,0.371371108171709,0.971859668017115,0.320194243659431,6.08622880922115
3877.4,64.6233333333333,0.371374871591266,0.970430649772481,0.319656748813796,6.0823717771952
3877.6,64.6266666666667,0.371378665386975,0.9690059304401,0.319121409332088,6.07851862385753
3877.8,64.63,0.371382489387881,0.967585497254144,0.318588216662075,6.07466934551235
3878,64.6333333333333,0.371386343424905,0.966169337486384,0.318057162285365,6.07082393846659
3878.2,64.6366666666667,0.371390227330822,0.964757438446065,0.317528237717266,6.06698239902984
3878.4,64.64,0.371394140940238,0.963349787479806,0.317001434506656,6.06314472351435
3878.6,64.6433333333333,0.371398084089569,0.961946371971513,0.316476744235859,6.05931090823513
3878.8,64.6466666666667,0.371402056617018,0.960547179342242,0.315954158520504,6.05548094950983
3879,64.65,0.371406058362556,0.959152197050129,0.315433669009408,6.05165484365887
3879.2,64.6533333333333,0.371410089167901,0.957761412590259,0.314915267384435,6.04783258700536
3879.4,64.6566666666667,0.371414148876495,0.956374813494571,0.314398945360375,6.04401417587512
3879.6,64.66,0.371418237333483,0.954992387331767,0.313884694684815,6.04019960659676
3879.8,64.6633333333333,0.371422354385698,0.953614121707186,0.313372507138007,6.03638887550159
3880,64.6666666666667,0.371426499881635,0.952240004262723,0.312862374532749,6.0325819789237
3880.2,64.67,0.356728836602069,0.950870022676707,0.312354288714247,6.02877891319991
3880.4,64.6733333333333,0.317719956153015,0.949407033622001,0.311799683390014,6.02483393400161
3880.6,64.6766666666667,0.280761191470936,0.947792713079739,0.311169455191598,6.02065920602513
3880.8,64.68,0.248902961323452,0.946040530292389,0.3104704130772,6.01627448849491
3881,64.6833333333333,0.221870355680714,0.944171244925816,0.309713002671618,6.01171052623359
3881.2,64.6866666666667,0.198998982512684,0.942203842461177,0.308906772020183,6.00699546457331
3881.4,64.69,0.179656391881191,0.940154597679775,0.308059904453367,6.00215343803555
3881.6,64.6933333333333,0.163293248016677,0.938037289991435,0.307179327625402,5.99720488524033
3881.8,64.6966666666667,0.149440705270455,0.935863544459431,0.306270885262621,5.99216705316716
3882,64.7,0.137700776000337,0.933643150690275,0.305339497670383,5.98705446923474
3882.2,64.7033333333333,0.127736631841861,0.931384341665166,0.30438930205224,5.98187935422626
3882.4,64.7066666666667,0.11926385065135,0.929094033844351,0.303423773327629,5.97665197793588
3882.6,64.71,0.112042712214345,0.926778032618741,0.30244582750466,5.97138096353402
3882.8,64.7133333333333,0.105871490699478,0.924441207367478,0.301457909754606,5.96607354693789
3883,64.7166666666667,0.100580658112242,0.92208764011481,0.30046206919984,5.96073579708889
3883.2,64.72,0.0960279043844083,0.919720751412956,0.299460022241638,5.95537280249967
3883.4,64.7233333333333,0.0920938796688675,0.91734340668839,0.298453206057799,5.94998882886106
3883.6,64.7266666666667,0.0886785686599026,0.91495800590509,0.297442823706502,5.94458745193219
3883.8,64.73,0.0856982133956428,0.912566559035536,0.296429882090011,5.9391716694018
3884,64.7333333333333,0.0830827088176794,0.910170749496646,0.295415223863802,5.93374399491515
3884.2,64.7366666666667,0.0807734035637542,0.907771987406616,0.294399554225025,5.92830653701577
3884.4,64.74,0.0787212465384153,0.905371454251583,0.293383463379748,5.92286106535592
3884.6,64.7433333333333,0.0768852274269266,0.902970140316243,0.29236744537028,5.91740906618203
3884.8,64.7466666666667,0.0752310663165178,0.900568876028419,0.291351913841121,5.91195178879926
3885,64.75,0.073730113887871,0.898168358191651,0.290337215233552,5.90649028445863
3885.2,64.7533333333333,0.0723584292228397,0.895769171928338,0.289323639822649,5.90102543888577
3885.4,64.7566666666667,0.0710960071666729,0.893371809027154,0.288311430945686,5.89555799947947
3885.6,64.76,0.0699261314304377,0.890976683278457,0.28730079271553,5.89008859804524
3885.8,64.7633333333333,0.0688348332809185,0.888584143288213,0.286291896465801,5.88461776979081
3886,64.7666666666667,0.0678104388036172,0.886194483182461,0.285284886135002,5.87914596919465
3886.2,64.77,0.0668431904015815,0.883807951547523,0.284279882763297,5.8736735832588
3886.4,64.7733333333333,0.0659249304682747,0.88142475889554,0.283276988247565,5.86820094257566
3886.6,64.7766666666667,0.0650488371003899,0.879045083897623,0.282276288476593,5.8627283305677
3886.8,64.78,0.0642092033456883,0.876669078587385,0.281277855948431,5.85725599120075
3887,64.7833333333333,0.0634012528549352,0.874296872704646,0.280281751955257,5.85178413542256
3887.2,64.7866666666667,0.0626209859635465,0.871928577320983,0.279288028407061,5.84631294653666
3887.4,64.79,0.0618650512010112,0.869564287865834,0.278296729353811,5.84084258468758
3887.6,64.7933333333333,0.061130638042501,0.867204086652142,0.277307892255916,5.83537319060409
3887.8,64.7966666666667,0.0604153874018921,0.864848044984244,0.276321549044575,5.82990488872299
3888,64.8,0.0597173169394141,0.862496224917251,0.275337727006828,5.82443778979644
3888.2,64.8033333333333,0.0590347587377219,0.860148680725442,0.274356449524268,5.8189719930677
3888.4,64.8066666666667,0.0583663073025986,0.857805460128004,0.273377736689693,5.81350758808721
3888.6,64.81,0.0577107761810204,0.855466605312256,0.272401605821903,5.80804465622847
3888.8,64.8133333333333,0.0570671617707711,0.853132153787875,0.271428071895498,5.80258327195327
3889,64.8166666666667,0.0564346131311246,0.850802139100253,0.27045714789982,5.79712350386822
3889.2,64.82,0.0558124068006456,0.848476591426218,0.269488845138732,5.79166541560674
3889.4,64.8233333333333,0.055199925792502,0.846155538071716,0.268523173481077,5.78620906656588
3889.6,64.8266666666667,0.0545966420748287,0.843839003887704,0.267560141570005,5.78075451252172
3889.8,64.83,0.0540021019582645,0.841527011617752,0.266599756997947,5.77530180614368
3890,64.8333333333333,0.0534159139084909,0.839219582188804,0.265642026452997,5.76985099742449
3890.2,64.8366666666667,0.0528377383813951,0.8369167349544,0.264686955841384,5.76440213403971
3890.4,64.84,0.0522672793452154,0.834618487898347,0.263734550390052,5.75895526164865
3890.6,64.8433333333333,0.0517042772096174,0.832324857805372,0.262784814732614,5.75351042414634
3890.8,64.8466666666667,0.0511485029280867,0.83003586040417,0.261837752981447,5.74806766387456
3891,64.85,0.05059975307881,0.827751510487552,0.260893368788235,5.74262702179897
3891.2,64.8533333333333,0.0500578457614771,0.825471822013348,0.25995166539486,5.73718853765773
3891.4,64.8566666666667,0.0495226171744788,0.823196808189367,0.25901264567625,5.73175225008643
3891.6,64.86,0.0489939187594328,0.820926481545023,0.258076312176522,5.72631819672337
3891.8,64.8633333333333,0.0484716148187418,0.818660853991761,0.2571426671395,5.72088641429813
3892,64.8666666666667,0.0479555805275887,0.816399936874285,0.256211712534592,5.71545693870665
3892.2,64.87,0.0474457002747683,0.814143741013939,0.255283450078723,5.71002980507455
3892.4,64.8733333333333,0.0469418662777141,0.811892276745676,0.254357881255039,5.70460504781107
3892.6,64.8766666666667,0.0464439774261217,0.809645553949611,0.253435007328885,5.69918270065494
3892.8,64.88,0.0459519383161493,0.807403582078008,0.252514829361485,5.69376279671352
3893,64.8833333333333,0.045465658443532,0.805166370178572,0.251597348221757,5.68834536849643
3893.2,64.8866666666667,0.0449850515291576,0.802933926914503,0.2506825645965,5.68293044794445
3893.4,64.89,0.0445100349551015,0.800706260581963,0.249770478999281,5.67751806645457
3893.6,64.8933333333333,0.0440405292927483,0.798483379125333,0.248861091778197,5.67210825490179
3893.8,64.8966666666667,0.0435764579076808,0.796265290150565,0.247954403122689,5.66670104365804
3894,64.9,0.0431177466285995,0.794052000937065,0.247050413069606,5.66129646260909
3894.2,64.9033333333333,0.0426643234696059,0.791843518448184,0.246149121508571,5.65589454116923
3894.4,64.9066666666667,0.0422161183970051,0.789639849340679,0.245250528186823,5.65049530829455
3894.6,64.91,0.0417730631332285,0.787440999973244,0.244354632713592,5.64509879249483
3894.8,64.9133333333333,0.041335090991703,0.785246976414212,0.243461434564056,5.63970502184418
3895,64.9166666666667,0.0409021367375576,0.783057784448684,0.242570933083001,5.63431402399089
3895.2,64.92,0.0404741364698572,0.78087342958502,0.241683127488166,5.62892582616631
3895.4,64.9233333333333,0.0400510275218198,0.778693917060912,0.240798016873371,5.62354045519316
3895.6,64.9266666666667,0.039632748376034,0.776519251849057,0.239915600211438,5.61815793749318
3895.8,64.93,0.0392192385921893,0.774349438662433,0.239035876356922,5.61277829909433
3896,64.9333333333333,0.0388104387452765,0.772184481959358,0.238158844048718,5.60740156563754
3896.2,64.9366666666667,0.0384062903725082,0.770024385948225,0.237284501912511,5.6020277623831
3896.4,64.94,0.038006735927549,0.767869154592062,0.23641284846313,5.59665691421675
3896.6,64.9433333333333,0.0376117187408478,0.765718791612904,0.235543882106813,5.5912890456555
3896.8,64.9466666666667,0.0372211829850686,0.763573300495952,0.234677601143358,5.58592418085316
3897,64.95,0.0368350736448092,0.761432684493654,0.233814003768229,5.5805623436058
3897.2,64.9533333333333,0.0364533364898901,0.759296946629591,0.232953088074573,5.57520355735682
3897.4,64.9566666666667,0.0360759180516569,0.757166089702287,0.232094852055187,5.56984784520205
3897.6,64.96,0.0357027656018065,0.755040116288924,0.231239293604436,5.56449522989462
3897.8,64.9633333333333,0.035333827133328,0.752919028748908,0.230386410520105,5.55914573384971
3898,64.9666666666667,0.0349690513432425,0.750802829227429,0.229536200505229,5.55379937914921
3898.2,64.97,0.0346083876168407,0.748691519658864,0.228688661169861,5.54845618754619
3898.4,64.9733333333333,0.0342517860132037,0.746585101770165,0.227843790032811,5.54311618046939
3898.6,64.9766666666667,0.033899197251805,0.744483577084168,0.227001584523364,5.53777937902758
3898.8,64.98,0.0335505727000252,0.742386946922801,0.226162041982929,5.53244580401374
3899,64.9833333333333,0.0332058643614614,0.740295212410306,0.2253251596667,5.52711547590936
3899.2,64.9866666666667,0.0328650248648975,0.738208374476324,0.22449093474525,5.52178841488844
3899.4,64.99,0.0325280074538578,0.736126433858984,0.223659364306119,5.5164646408216
3899.6,64.9933333333333,0.0321947659766598,0.73404939110794,0.222830445355376,5.51114417328005
3899.8,64.9966666666667,0.0318652548768907,0.731977246587306,0.222004174819133,5.50582703153945
3900,65,0.0315394291842727,0.729910000478626,0.221180549545067,5.50051323458385
3900.2,65.0033333333333,0.0312172445058472,0.727847652783715,0.220359566303882,5.4952028011094
3900.4,65.0066666666667,0.030898657017459,0.725790203327518,0.219541221790777,5.48989574952812
3900.6,65.01,0.0305836234554995,0.723737651760914,0.218725512626883,5.48459209797164
3900.8,65.0133333333333,0.0302721011088751,0.721689997563442,0.217912435360662,5.4792918642947
3901,65.0166666666667,0.0299640478111954,0.719647240046049,0.217101986469312,5.47399506607888
3901.2,65.02,0.0296594219331406,0.717609378353734,0.216294162360122,5.46870172063601
3901.4,65.0233333333333,0.0293581823750095,0.715576411468196,0.215488959371832,5.4634118450117
3901.6,65.0266666666667,0.0290602885594273,0.713548338210453,0.214686373775958,5.4581254559888
3901.8,65.03,0.0287657004241938,0.711525157243364,0.213886401778096,5.45284257009072
3902,65.0333333333333,0.0284743784152802,0.7095068670742,0.213089039519222,5.44756320358481
3902.2,65.0366666666667,0.0281862834799451,0.707493466057095,0.212294283076947,5.44228737248567
3902.4,65.04,0.0279013770599791,0.705484952395521,0.211502128466779,5.43701509255832
3902.6,65.0433333333333,0.0276196210850649,0.703481324144723,0.21071257164336,5.43174637932154
3902.8,65.0466666666667,0.0273409779662419,0.701482579214071,0.209925608501664,5.42648124805087
3903,65.05,0.0270654105894846,0.699488715369455,0.209141234878214,5.42121971378191
3903.2,65.0533333333333,0.0267928823093743,0.697499730235575,0.208359446552244,5.41596179131321
3903.4,65.0566666666667,0.0265233569428741,0.695515621298241,0.207580239246871,5.41070749520946
3903.6,65.06,0.0262567987631983,0.693536385906651,0.20680360863024,5.40545683980443
3903.8,65.0633333333333,0.0259931724937674,0.691562021275581,0.206029550316645,5.40020983920391
3904,65.0666666666667,0.0257324433022618,0.68959252448762,0.205258059867652,5.39496650728866
3904.2,65.07,0.0254745767947521,0.687627892495305,0.204489132793183,5.38972685771728
3904.4,65.0733333333333,0.0252195390099211,0.685668122123269,0.2037227645526,5.38449090392904
3904.6,65.0766666666667,0.0249672964133674,0.683713210070364,0.202958950555773,5.37925865914674
3904.8,65.08,0.024717815891985,0.681763152911703,0.202197686164118,5.37403013637939
3905,65.0833333333333,0.0244710647484302,0.679817947100751,0.201438966691642,5.36880534842503
3905.2,65.0866666666667,0.0242270106956574,0.67787758897131,0.20068278740595,5.36358430787336
3905.4,65.09,0.0239856218515373,0.675942074739527,0.199929143529248,5.35836702710842
3905.6,65.0933333333333,0.0237468667335494,0.674011400505873,0.199178030239343,5.35315351831129
3905.8,65.0966666666667,0.0235107142535428,0.672085562257054,0.198429442670597,5.34794379346252
3906,65.1,0.0232771337125773,0.670164555867953,0.197683375914906,5.34273786434489
3906.2,65.1033333333333,0.0230460947958272,0.668248377103487,0.196939825022626,5.33753574254574
3906.4,65.1066666666667,0.0228175675675609,0.666337021620484,0.196198785003518,5.3323374394596
3906.6,65.11,0.0225915224661886,0.664430484969523,0.195460250827661,5.32714296629061
3906.8,65.1133333333333,0.0223679302993732,0.662528762596721,0.19472421742635,5.3219523340549
3907,65.1166666666667,0.0221467622392149,0.660631849845543,0.193990679692998,5.31676555358306
3907.2,65.12,0.0219279898174939,0.65873974195854,0.193259632483999,5.31158263552246
3907.4,65.1233333333333,0.0217115849209839,0.65685243407909,0.192531070619602,5.30640359033958
3907.6,65.1266666666667,0.0214975197868273,0.654969921253129,0.191804988884763,5.30122842832234
3907.8,65.13,0.0212857669979701,0.653092198430803,0.191081382029975,5.29605715958235
3908,65.1333333333333,0.0210762994786651,0.651219260468171,0.190360244772106,5.29088979405718
3908.2,65.1366666666667,0.0208690904900283,0.649351102128816,0.189641571795203,5.28572634151254
3908.4,65.14,0.0206641136256616,0.647487718085475,0.188925357751298,5.28056681154448
3908.6,65.1433333333333,0.0204613428073332,0.645629102921652,0.188211597261201,5.27541121358158
3908.8,65.1466666666667,0.0202607522807123,0.643775251133162,0.18750028491527,5.27025955688702
3909,65.15,0.0200623166111686,0.641926157129716,0.186791415274192,5.26511185056074
3909.2,65.1533333333333,0.0198660106796207,0.640081815236426,0.18608498286972,5.25996810354146
3909.4,65.1566666666667,0.0196718096784461,0.638242219695328,0.185380982205432,5.25482832460877
3909.6,65.16,0.0194796891074449,0.636407364666883,0.184679407757457,5.24969252238514
3909.8,65.1633333333333,0.0192896247698547,0.634577244231418,0.183980253975196,5.2445607053379
3910,65.1666666666667,0.0191015927684247,0.632751852390608,0.183283515282042,5.23943288178124
3910.2,65.17,0.0189155695015367,0.630931183068878,0.182589186076065,5.23430905987812
3910.4,65.1733333333333,0.0187315316593818,0.629115230114822,0.181897260730714,5.22918924764219
3910.6,65.1766666666667,0.0185494562201892,0.627303987302605,0.181207733595498,5.22407345293975
3910.8,65.18,0.0183693204465004,0.625497448333308,0.180520598996643,5.2189616834915
3911,65.1833333333333,0.0181911018815009,0.623695606836311,0.179835851237764,5.21385394687451
3911.2,65.1866666666667,0.0180147783453932,0.621898456370597,0.179153484600507,5.20875025052395
3911.4,65.19,0.0178403279318242,0.620105990426079,0.178473493345188,5.20365060173492
3911.6,65.1933333333333,0.0176677290043586,0.618318202424909,0.177795871711431,5.19855500766427
3911.8,65.1966666666667,0.0174969601929973,0.616535085722728,0.177120613918777,5.19346347533225
3912,65.2,0.0173280003907468,0.61475663360996,0.176447714167305,5.18837601162435
3912.2,65.2033333333333,0.0171608287502292,0.612982839313024,0.175777166638227,5.18329262329293
3912.4,65.2066666666667,0.0169954246803412,0.611213695995577,0.175108965494478,5.17821331695894
3912.6,65.21,0.016831767842958,0.609449196759732,0.174443104881313,5.17313809911357
3912.8,65.2133333333333,0.0166698381496766,0.607689334647224,0.173779578926863,5.1680669761199
3913,65.2166666666667,0.0165096157586092,0.605934102640616,0.173118381742717,5.16299995421454
3913.2,65.22,0.0163510810712126,0.604183493664431,0.172459507424468,5.15793703950917
3913.4,65.2233333333333,0.0161942147291645,0.602437500586311,0.171802950052266,5.15287823799218
3913.6,65.2266666666667,0.0160389976112806,0.60069611621815,0.17114870369136,5.14782355553022
3913.8,65.23,0.0158854108304698,0.598959333317185,0.170496762392625,5.14277299786971
3914,65.2333333333333,0.0157334357307345,0.597227144587118,0.169847120193091,5.1377265706384
3914.2,65.2366666666667,0.0155830538842061,0.595499542679175,0.169199771116453,5.13268427934683
3914.4,65.24,0.0154342470882231,0.593776520193181,0.168554709173581,5.12764612938982
3914.6,65.2433333333333,0.0152869973624477,0.592058069678622,0.167911928363025,5.12261212604798
3914.8,65.2466666666667,0.0151412869460181,0.590344183635658,0.167271422671495,5.11758227448908
3915,65.25,0.0149970982947423,0.588634854516172,0.16663318607436,5.11255657976953
3915.2,65.2533333333333,0.0148544140783257,0.586930074724757,0.165997212536113,5.10753504683577
3915.4,65.2566666666667,0.0147132171776373,0.585229836619713,0.165363496010843,5.10251768052563
3915.6,65.26,0.0145734906820127,0.583534132514048,0.164732030442706,5.09750448556977
3915.8,65.2633333333333,0.0144352178865902,0.581842954676409,0.164102809766364,5.09249546659295
3916,65.2666666666667,0.0142983822896855,0.580156295332073,0.163475827907451,5.08749062811545
3916.2,65.27,0.0141629675901977,0.578474146663853,0.162851078782997,5.0824899745543
3916.4,65.2733333333333,0.0140289576850521,0.576796500813041,0.162228556301872,5.07749351022467
3916.6,65.2766666666667,0.0138963366666767,0.57512334988033,0.161608254365211,5.0725012393411
3916.8,65.28,0.0137650888205094,0.573454685926691,0.160990166866832,5.06751316601877
3917,65.2833333333333,0.0136351986225422,0.571790500974287,0.160374287693654,5.06252929427481
3917.2,65.2866666666667,0.0135066507368938,0.570130787007326,0.159760610726098,5.05754962802946
3917.4,65.29,0.0133794300134164,0.568475535972933,0.159149129838491,5.05257417110732
3917.6,65.2933333333333,0.0132535214853349,0.566824739782015,0.158539838899463,5.04760292723862
3917.8,65.2966666666667,0.0131289103669141,0.565178390310072,0.15793273177233,5.04263590006028
3918,65.3,0.01300558205116,0.563536479398053,0.157327802315479,5.03767309311723
3918.2,65.3033333333333,0.0128835221075487,0.561898998853151,0.156725044382742,5.03271450986345
3918.4,65.3066666666667,0.0127627162797868,0.560265940449613,0.156124451823764,5.02776015366319
3918.6,65.31,0.0126431504836016,0.558637295929545,0.155526018484376,5.02281002779209
3918.8,65.3133333333333,0.0125248108045575,0.557013057003671,0.154929738206936,5.01786413543825
3919,65.3166666666667,0.0124076834959055,0.555393215352129,0.154335604830702,5.01292247970342
3919.2,65.32,0.0122917549764567,0.55377776262521,0.153743612192158,5.00798506360399
3919.4,65.3233333333333,0.0121770118284862,0.552166690444113,0.153153754125367,5.00305189007213
3919.6,65.3266666666667,0.012063440795665,0.550559990401697,0.152566024462307,4.99812296195686
3919.8,65.33,0.0119510287810157,0.548957654063184,0.151980417033192,4.99319828202503
3920,65.3333333333333,0.0118397628448995,0.547359672966905,0.151396925666808,4.98827785296245
3920.2,65.3366666666667,0.0117296302030257,0.545766038624981,0.150815544190818,4.98336167737481
3920.4,65.34,0.0116206182244893,0.544176742524035,0.150236266432088,4.97844975778876
3920.6,65.3433333333333,0.011512714429835,0.542591776125886,0.149659086216992,4.97354209665289
3920.8,65.3466666666667,0.0114059064891436,0.541011130868204,0.149083997371711,4.9686386963387
3921,65.35,0.0113001822201471,0.539434798165207,0.148510993722542,4.96373955914161
3921.2,65.3533333333333,0.0111955295863649,0.537862769408293,0.147940069096179,4.95884468728183
3921.4,65.3566666666667,0.0110919366952672,0.536295035966703,0.147371217320007,4.95395408290541
3921.6,65.36,0.0109893917964617,0.534731589188167,0.146804432222395,4.94906774808514
3921.8,65.3633333333333,0.010887883279902,0.533172420399515,0.146239707632957,4.94418568482142
3922,65.3666666666667,0.0107873996741228,0.531617520907323,0.145677037382844,4.93930789504326
3922.2,65.37,0.0106879296444949,0.530066881998504,0.145116415305003,4.93443438060912
3922.4,65.3733333333333,0.010589461991505,0.528520494940923,0.144557835234444,4.92956514330778
3922.6,65.3766666666667,0.0104919856490578,0.526978350983998,0.144001291008508,4.92470018485932
3922.8,65.38,0.0103954896827984,0.525440441359269,0.143446776467113,4.91983950691586
3923,65.3833333333333,0.0102999632884597,0.523906757281001,0.142894285453013,4.91498311106252
3923.2,65.3866666666667,0.0102053957902279,0.522377289946729,0.142343811812045,4.91013099881818
3923.4,65.39,0.0101117766391318,0.520852030537834,0.141795349393368,4.90528317163636
3923.6,65.3933333333333,0.0100190954114524,0.519330970220102,0.14124889204971,4.90043963090607
3923.8,65.3966666666667,0.009927341807152,0.51781410014425,0.140704433637594,4.89560037795254
3924,65.4,0.0098365056483261,0.51630141144649,0.140161968017581,4.89076541403813
3924.2,65.4033333333333,0.00974657687767267,0.514792895249034,0.139621489054484,4.88593474036302
3924.4,65.4066666666667,0.00965754555698328,0.513288542660629,0.139082990617598,4.88110835806606
3924.6,65.41,0.0095694018656539,0.51178834477708,0.138546466580923,4.87628626822555
3924.8,65.4133333333333,0.0094821360992129,0.510292292681736,0.138011910823371,4.87146847185991
3925,65.4166666666667,0.00939573866787123,0.508800377446014,0.137479317228984,4.86665496992857
3925.2,65.42,0.00931020009508846,0.507312590129871,0.136948679687141,4.86184576333262
3925.4,65.4233333333333,0.00922551101615933,0.505828921782296,0.136419992092755,4.85704085291556
3925.6,65.4266666666667,0.00914166217681864,0.504349363441805,0.135893248346487,4.85224023946406
3925.8,65.43,0.00905864443186229,0.502873906136883,0.135368442354931,4.84744392370864
3926,65.4333333333333,0.00897644874378909,0.501402540886475,0.134845568030816,4.84265190632442
3926.2,65.4366666666667,0.00889506618145723,0.499935258700428,0.134324619293188,4.83786418793177
3926.4,65.44,0.00881448791876011,0.498472050579941,0.133805590067601,4.833080769097
3926.6,65.4433333333333,0.00873470523331924,0.49701290751803,0.133288474286304,4.82830165033314
3926.8,65.4466666666667,0.00865570950519224,0.495557820499936,0.132773265888412,4.82352683210046
3927,65.45,0.00857749221560027,0.494106780503584,0.132259958820093,4.81875631480727
3927.2,65.4533333333333,0.00850004494566918,0.492659778499986,0.13174854703473,4.81399009881051
3927.4,65.4566666666667,0.00842335937518875,0.49121680545367,0.131239024493099,4.80922818441638
3927.6,65.46,0.00834742728138791,0.489777852323103,0.130731385163535,4.80447057188106
3927.8,65.4633333333333,0.00827224053772407,0.48834291006107,0.130225623022092,4.79971726141125
3928,65.4666666666667,0.0081977911126906,0.486911969615107,0.129721732052712,4.79496825316489
3928.2,65.47,0.00812407106863719,0.485485021927868,0.129219706247371,4.79022354725167
3928.4,65.4733333333333,0.00805107256060711,0.484062057937524,0.128719539606241,4.78548314373373
3928.6,65.4766666666667,0.0079787878351894,0.482643068578159,0.128221226137847,4.78074704262623
3928.8,65.48,0.00790720922938427,0.481228044780119,0.127724759859202,4.77601524389791
3929,65.4833333333333,0.00783632916948549,0.479816977470414,0.127230134795967,4.77128774747175
3929.2,65.4866666666667,0.0077661401699748,0.478409857573058,0.126737344982585,4.76656455322549
3929.4,65.49,0.00769663483243215,0.477006676009441,0.126246384462426,4.76184566099221
3929.6,65.4933333333333,0.00762780584445991,0.475607423698693,0.125757247287926,4.75713107056092
3929.8,65.4966666666667,0.0075596459786194,0.474212091558009,0.125269927520715,4.75242078167711
3930,65.5,0.00749214809138337,0.472820670503023,0.124784419231761,4.74771479404329
3930.2,65.5033333333333,0.00742530512209972,0.471433151448122,0.124300716501486,4.74301310731954
3930.4,65.5066666666667,0.00735911009196993,0.470049525306791,0.123818813419905,4.73831572112404
3930.6,65.51,0.00729355610304071,0.468669782991948,0.123338704086747,4.73362263503365
3930.8,65.5133333333333,0.00722863633720707,0.467293915416251,0.122860382611572,4.72893384858434
3931,65.5166666666667,0.00716434405523038,0.465921913492436,0.1223838431139,4.72424936127181
3931.2,65.52,0.00710067259576684,0.464553768133615,0.12190907972332,4.71956917255195
3931.4,65.5233333333333,0.00703761537440988,0.463189470253593,0.121436086579609,4.7148932818413
3931.6,65.5266666666667,0.00697516588274479,0.461829010767176,0.120964857832848,4.71022168851768
3931.8,65.53,0.00691331768741405,0.460472380590459,0.12049538764352,4.70555439192055
3932,65.5333333333333,0.0068520644291968,0.459119570641139,0.120027670182635,4.70089139135157
3932.2,65.5366666666667,0.0067913998220979,0.457770571838784,0.11956169963182,4.69623268607507
3932.4,65.54,0.00673131765245013,0.456425375105134,0.119097470183431,4.69157827531848
3932.6,65.5433333333333,0.00667181177802781,0.455083971364384,0.118634976040655,4.68692815827289
3932.8,65.5466666666667,0.00661287612717041,0.453746351543448,0.118174211417602,4.68228233409342
3933,65.55,0.00655450469791939,0.452412506572251,0.11771517053941,4.67764080189975
3933.2,65.5533333333333,0.00649669155716407,0.451082427383976,0.117257847642333,4.67300356077653
3933.4,65.5566666666667,0.00643943083979974,0.449756104915343,0.116802236973837,4.6683706097738
3933.6,65.56,0.00638271674789647,0.448433530106872,0.116348332792694,4.66374194790753
3933.8,65.5633333333333,0.00632654354987729,0.447114693903123,0.115896129369061,4.65911757415995
3934,65.5666666666667,0.00627090557970877,0.445799587252971,0.115445620984578,4.65449748748006
3934.2,65.57,0.00621579723609998,0.444488201109832,0.114996801932445,4.64988168678399
3934.4,65.5733333333333,0.00616121298171294,0.443180526431916,0.114549666517505,4.64527017095546
3934.6,65.5766666666667,0.00610714734238316,0.44187655418248,0.114104209056332,4.6406629388462
3934.8,65.58,0.00605359490634884,0.44057627533004,0.1136604238773,4.63605998927632
3935,65.5833333333333,0.00600055032349171,0.439279680848629,0.113218305320668,4.63146132103477
3935.2,65.5866666666667,0.00594800830458576,0.437986761718006,0.112777847738652,4.62686693287968
3935.4,65.59,0.00589596362055671,0.436697508923889,0.112339045495496,4.62227682353878
3935.6,65.5933333333333,0.00584441110175085,0.435411913458186,0.111901892967551,4.61769099170986
3935.8,65.5966666666667,0.0057933456372121,0.434129966319195,0.111466384543336,4.61310943606099
3936,65.6,0.00574276217396989,0.432851658511839,0.111032514623617,4.60853215523109
3936.2,65.6033333333333,0.00569265571633445,0.431576981047856,0.11060027762146,4.60395914783017
3936.4,65.6066666666667,0.00564302132520216,0.430305924946022,0.110169667962308,4.59939041243974
3936.6,65.61,0.00559385411736968,0.429038481232355,0.10974068008404,4.59482594761323
3936.8,65.6133333333333,0.00554514926485573,0.427774640940304,0.109313308437029,4.59026575187626
3937,65.6166666666667,0.00549690199423308,0.426514395110964,0.108887547484209,4.58570982372708
3937.2,65.62,0.0054491075859674,0.425257734793255,0.108463391701128,4.58115816163687
3937.4,65.6233333333333,0.00540176137376557,0.424004651044115,0.108040835576006,4.5766107640501
3937.6,65.6266666666667,0.0053548587439322,0.422755134928707,0.107619873609793,4.57206762938491
3937.8,65.63,0.00530839513473332,0.421509177520574,0.107200500316219,4.56752875603341
3938,65.6333333333333,0.00526236603576963,0.42026676990185,0.106782710221851,4.56299414236203
3938.2,65.6366666666667,0.00521676698735617,0.419027903163415,0.106366497866141,4.55846378671187
3938.4,65.64,0.00517159357991081,0.417792568405084,0.105951857801473,4.55393768739896
3938.6,65.6433333333333,0.00512684145335055,0.416560756735782,0.105538784593218,4.54941584271472
3938.8,65.6466666666667,0.00508250629649437,0.4153324592737,0.105127272819775,4.54489825092612
3939,65.65,0.00503858384647516,0.414107667146483,0.104717317072619,4.54038491027614
3939.2,65.6533333333333,0.00499506988815758,0.412886371491372,0.104308911956344,4.53587581898396
3939.4,65.6566666666667,0.00495196025356426,0.411668563455377,0.103902052088703,4.53137097524535
3939.6,65.66,0.00490925082130924,0.410454234195442,0.103496732100658,4.52687037723298
3939.8,65.6633333333333,0.00486693751603757,0.409243374878583,0.103092946636409,4.52237402309664
3940,65.6666666666667,0.00482501630787345,0.408035976682061,0.102690690353441,4.51788191096364
3940.2,65.67,0.00478348321187386,0.406832030793516,0.102289957922557,4.51339403893904
3940.4,65.6733333333333,0.00474233428749006,0.405631528411123,0.101890744027916,4.50891040510593
3940.6,65.6766666666667,0.00470156563803583,0.404434460743742,0.10149304336707,4.5044310075258
3940.8,65.68,0.0046611734101615,0.403240819011046,0.101096850650992,4.49995584423872
3941,65.6833333333333,0.00462115379333598,0.402050594443681,0.100702160604116,4.4954849132637
3941.2,65.6866666666667,0.00458150301933389,0.400863778283383,0.100308967964363,4.49101821259893
3941.4,65.69,0.00454221736173017,0.399680361783127,0.0999172674831728,4.48655574022203
3941.6,65.6933333333333,0.00450329313540087,0.398500336207261,0.0995270539255358,4.4820974940904
3941.8,65.6966666666667,0.00446472669602945,0.397323692831622,0.0991383220700165,4.4776434721414
3942,65.7,0.00442651443962054,0.396150422943687,0.0987510667087864,4.47319367229268
3942.2,65.7033333333333,0.00438865280201854,0.394980517842674,0.0983652826476438,4.4687480924424
3942.4,65.7066666666667,0.00435113825843306,0.393813968839679,0.097980964706042,4.46430673046949
3942.6,65.71,0.0043139673229704,0.392650767257805,0.097598107717115,4.45986958423394
3942.8,65.7133333333333,0.00427713654816995,0.39149090443226,0.0972167065276946,4.45543665157701
3943,65.7166666666667,0.00424064252454775,0.390334371710494,0.0968367559983394,4.4510079303215
3943.2,65.72,0.00420448188014449,0.3891811604523,0.0964582510033492,4.44658341827199
3943.4,65.7233333333333,0.00416865128007997,0.38803126202993,0.0960811864307872,4.44216311321508
3943.6,65.7266666666667,0.00413314742611315,0.386884667828216,0.0957055571825022,4.43774701291965
3943.8,65.73,0.00409796705620694,0.385741369244659,0.0953313581741398,4.43333511513706
3944,65.7333333333333,0.00406310694409954,0.384601357689554,0.0949585843351666,4.42892741760143
3944.2,65.7366666666667,0.00402856389888004,0.383464624586081,0.09458723060888,4.42452391802982
3944.4,65.74,0.00399433476457007,0.38233116137041,0.0942172919524262,4.42012461412248
3944.6,65.7433333333333,0.00396041641971064,0.381200959491812,0.0938487633368169,4.41572950356312
3944.8,65.7466666666667,0.00392680577695344,0.380074010412739,0.0934816397469366,4.41133858401904
3945,65.75,0.00389349978265835,0.378950305608938,0.0931159161815619,4.40695185314146
3945.2,65.7533333333333,0.00386049541649479,0.377829836569533,0.0927515876533673,4.40256930856563
3945.4,65.7566666666667,0.00382778969104888,0.37671259479712,0.0923886491889387,4.39819094791112
3945.6,65.76,0.00379537965143542,0.375598571807869,0.0920270958287857,4.39381676878202
3945.8,65.7633333333333,0.00376326237491402,0.374487759131593,0.0916669226273447,4.38944676876711
3946,65.7666666666667,0.00373143497051103,0.373380148311856,0.0913081246529945,4.38508094544012
3946.2,65.77,0.0036998945786452,0.372275730906043,0.0909506969880575,4.38071929635991
3946.4,65.7733333333333,0.00366863837075863,0.371174498485446,0.0905946347288095,4.37636181907064
3946.6,65.7766666666667,0.0036376635489523,0.370076442635359,0.0902399329854878,4.37200851110207
3946.8,65.78,0.00360696734562552,0.368981554955138,0.089886586882291,4.36765936996961
3947,65.7833333333333,0.00357654702312078,0.3678898270583,0.0895345915573898,4.36331439317468
3947.2,65.7866666666667,0.00354639987337209,0.366801250572582,0.0891839421629256,4.35897357820477
3947.4,65.79,0.00351652321755829,0.365715817140023,0.0888346338650157,4.35463692253367
3947.6,65.7933333333333,0.00348691440576068,0.36463351841705,0.0884866618437582,4.35030442362173
3947.8,65.7966666666667,0.00345757081662424,0.363554346074524,0.0881400212932281,4.34597607891592
3948,65.8,0.00342848985702406,0.362478291797839,0.0877947074214848,4.34165188585013
3948.2,65.8033333333333,0.00339966896173487,0.361405347286969,0.0874507154505668,4.33733184184527
3948.4,65.8066666666667,0.00337110559310533,0.360335504256542,0.0871080406164938,4.33301594430949
3948.6,65.81,0.00334279724073638,0.359268754435919,0.0867666781692682,4.32870419063838
3948.8,65.8133333333333,0.00331474142116289,0.358205089569234,0.0864266233728682,4.32439657821507
3949,65.8166666666667,0.00328693567754026,0.357144501415482,0.0860878715052512,4.32009310441048
3949.2,65.82,0.00325937757933384,0.35608698174856,0.0857504178583463,4.31579376658345
3949.4,65.8233333333333,0.00323206472201292,0.355032522357337,0.0854142577380529,4.31149856208091
3949.6,65.8266666666667,0.00320499472674847,0.35398111504572,0.0850793864642389,4.30720748823808
3949.8,65.83,0.00317816524011396,0.352932751632692,0.0847457993707306,4.3029205423786
3950,65.8333333333333,0.00315157393379081,0.351887423952388,0.084413491805314,4.29863772181471
3950.2,65.8366666666667,0.00312521850427655,0.350845123854136,0.0840824591297236,4.2943590238474
3950.4,65.84,0.00309909667259726,0.349805843202515,0.0837526967196383,4.29008444576658
3950.6,65.8433333333333,0.0030732061840234,0.348769573877411,0.0834241999646766,4.28581398485125
3950.8,65.8466666666667,0.00304754480778868,0.347736307774059,0.0830969642683843,4.28154763836962
3951,65.85,0.0030221103368132,0.346706036803104,0.0827709850482325,4.27728540357931
3951.2,65.8533333333333,0.00299690058742916,0.345678752890636,0.0824462577356036,4.27302727772745
3951.4,65.8566666666667,0.00297191339911052,0.344654447978244,0.0821227777757853,4.26877325805087
3951.6,65.86,0.00294714663420593,0.343633114023069,0.0818005406279623,4.26452334177625
3951.8,65.8633333333333,0.00292259817767442,0.342614742997831,0.0814795417652022,4.26027752612023
3952,65.8666666666667,0.0028982659368252,0.341599326890892,0.0811597766744502,4.25603580828962
3952.2,65.87,0.00287414784105975,0.34058685770628,0.0808412408565137,4.25179818548144
3952.4,65.8733333333333,0.00285024184161767,0.339577327463741,0.0805239298260525,4.24756465488317
3952.6,65.8766666666667,0.00282654591132565,0.338570728198783,0.0802078391115695,4.24333521367285
3952.8,65.88,0.00280305804434897,0.337567051962697,0.0798929642553932,4.23910985901917
3953,65.8833333333333,0.0027797762559468,0.336566290822619,0.0795793008136708,4.23488858808171
3953.2,65.8866666666667,0.00275669858222977,0.335568436861543,0.0792668443563498,4.23067139801096
3953.4,65.89,0.00273382307992098,0.334573482178369,0.0789555904671667,4.22645828594854
3953.6,65.8933333333333,0.00271114782611999,0.333581418887943,0.0786455347436353,4.22224924902729
3953.8,65.8966666666667,0.00268867091806909,0.332592239121073,0.0783366727970268,4.21804428437142
3954,65.9,0.00266639047292328,0.331605935024581,0.078029000252361,4.21384338909663
3954.2,65.9033333333333,0.00264430462752224,0.330622498761318,0.0777225127483857,4.20964656031024
3954.4,65.9066666666667,0.00262241153816562,0.329641922510202,0.0774172059375638,4.2054537951113
3954.6,65.91,0.00260070938039105,0.328664198466252,0.0771130754860588,4.20126509059076
3954.8,65.9133333333333,0.00257919634875436,0.327689318840603,0.0768101170737136,4.19708044383152
3955,65.9166666666667,0.00255787065661325,0.32671727586055,0.0765083263940396,4.19289985190864
3955.2,65.92,0.0025367305359128,0.325748061769561,0.0762076991541942,4.18872331188939
3955.4,65.9233333333333,0.00251577423697414,0.324781668827305,0.0759082310749659,4.18455082083339
3955.6,65.9266666666667,0.00249500002828563,0.323818089309687,0.0756099178907579,4.18038237579275
3955.8,65.93,0.00247440619629617,0.322857315508858,0.0753127553495659,4.17621797381215
3956,65.9333333333333,0.00245399104521167,0.321899339733248,0.0750167392129641,4.17205761192899
3956.2,65.9366666666667,0.0024337528967933,0.32094415430758,0.0747218652560824,4.16790128717346
3956.4,65.94,0.0024136900901587,0.319991751572896,0.0744281292675886,4.1637489965687
3956.6,65.9433333333333,0.00239380098158555,0.319042123886581,0.0741355270496712,4.1596007371309
3956.8,65.9466666666667,0.00237408394431707,0.318095263622369,0.073844054418015,4.15545650586936
3957,65.95,0.0023545373683706,0.31715116317038,0.073553707201786,4.15131629978667
3957.2,65.9533333333333,0.00233515966034774,0.316209814937121,0.0732644812436063,4.14718011587878
3957.4,65.9566666666667,0.00231594924324735,0.31527121134551,0.0729763723995359,4.14304795113508
3957.6,65.96,0.00229690455628071,0.3143353448349,0.0726893765390528,4.13891980253858
3957.8,65.9633333333333,0.00227802405468855,0.313402207861075,0.0724034895450277,4.13479566706593
3958,65.9666666666667,0.00225930620956084,0.312471792896288,0.0721187073137077,4.1306755416876
3958.2,65.97,0.00224074950765826,0.311544092429253,0.0718350257546892,4.1265594233679
3958.4,65.9733333333333,0.00222235245123613,0.310619098965173,0.0715524407908985,4.12244730906513
3958.6,65.9766666666667,0.00220411355787051,0.309696805025748,0.0712709483585708,4.1183391957317
3958.8,65.98,0.00218603136028599,0.308777203149182,0.0709905444072236,4.11423508031416
3959,65.9833333333333,0.00216810440618611,0.307860285890205,0.0707112248996381,4.11013495975335
3959.2,65.9866666666667,0.00215033125808534,0.306946045820069,0.0704329858118325,4.10603883098449
3959.4,65.99,0.00213271049314334,0.306034475526565,0.0701558231330396,4.10194669093723
3959.6,65.9933333333333,0.00211524070300129,0.305125567614039,0.0698797328656861,4.09785853653583
3959.8,65.9966666666667,0.0020979204936198,0.304219314703381,0.0696047110253633,4.09377436469913
3960,66,0.00208074848511933,0.303315709432055,0.0693307536408088,4.08969417234078
3960.2,66.0033333333333,0.00206372331162196,0.302414744454089,0.0690578567538773,4.0856179563692
3960.4,66.0066666666667,0.00204684362109539,0.301516412440083,0.0687860164195184,4.08154571368776
3960.6,66.01,0.00203010807519892,0.30062070607723,0.0685152287057533,4.07747744119484
3960.8,66.0133333333333,0.00201351534913078,0.299727618069295,0.0682454896936458,4.07341313578389
3961,66.0166666666667,0.00199706413147793,0.298837141136648,0.0679767954772818,4.06935279434357
3961.2,66.02,0.00198075312406708,0.297949268016241,0.0677091421637402,4.06529641375777
3961.4,66.0233333333333,0.00196458104181784,0.297063991461627,0.0674425258730684,4.06124399090575
3961.6,66.0266666666667,0.00194854661259765,0.296181304242963,0.0671769427382592,4.05719552266219
3961.8,66.03,0.00193264857707809,0.295301199147001,0.06691238890522,4.0531510058973
3962,66.0333333333333,0.00191688568859339,0.294423668977101,0.0666488605327518,4.04911043747686
3962.2,66.0366666666667,0.00190125671300019,0.293548706553222,0.0663863537925187,4.04507381426235
3962.4,66.04,0.0018857604285392,0.292676304711928,0.0661248648690232,4.04104113311097
3962.6,66.0433333333333,0.00187039562569866,0.291806456306388,0.0658643899595816,4.03701239087579
3962.8,66.0466666666667,0.00185516110707893,0.29093915420637,0.0656049252742924,4.03298758440576
3963,66.05,0.00184005568725931,0.290074391298246,0.0653464670360149,4.02896671054583
3963.2,66.0533333333333,0.0018250781926659,0.289212160484984,0.0650890114803373,4.02494976613701
3963.4,66.0566666666667,0.00181022746144136,0.288352454686148,0.0648325548555516,4.02093674801643
3963.6,66.06,0.00179550234331624,0.287495266837898,0.0645770934226278,4.01692765301747
3963.8,66.0633333333333,0.00178090169948149,0.286640589892979,0.0643226234551821,4.01292247796973
3964,66.0666666666667,0.00176642440246298,0.285788416820727,0.0640691412394541,4.00892121969924
3964.2,66.07,0.001752069335997,0.284938740607055,0.0638166430742749,4.0049238750284
3964.4,66.0733333333333,0.00173783539490762,0.284091554254449,0.0635651252710405,4.00093044077612
3964.6,66.0766666666667,0.00172372148498544,0.283246850781976,0.0633145841536858,3.9969409137579
3964.8,66.08,0.00170972652286747,0.282404623225254,0.0630650160586521,3.99295529078585
3965,66.0833333333333,0.00169584943591894,0.28156486463647,0.0628164173348633,3.9889735686688
3965.2,66.0866666666667,0.00168208916211598,0.280727568084357,0.0625687843436938,3.98499574421235
3965.4,66.09,0.00166844464993006,0.27989272665419,0.062322113458941,3.98102181421892
3965.6,66.0933333333333,0.00165491485821376,0.279060333447787,0.0620764010667986,3.97705177548788
3965.8,66.0966666666667,0.00164149875608755,0.278230381583484,0.0618316435658239,3.97308562481551
3966,66.1,0.00162819532282844,0.277402864196148,0.0615878373669129,3.96912335899519
3966.2,66.1033333333333,0.00161500354775943,0.276577774437146,0.0613449788932679,3.96516497481733
3966.4,66.1066666666667,0.00160192243014057,0.275755105474348,0.0611030645803697,3.96121046906955
3966.6,66.11,0.00158895097906131,0.274934850492122,0.0608620908759498,3.95725983853668
3966.8,66.1133333333333,0.00157608821333386,0.274117002691306,0.0606220542399578,3.95331308000082
3967,66.1166666666667,0.00156333316138812,0.273301555289218,0.0603829511445355,3.94937019024145
3967.2,66.12,0.00155068486116759,0.272488501519628,0.0601447780739843,3.94543116603543
3967.4,66.1233333333333,0.00153814236002661,0.271677834632754,0.0599075315247367,3.94149600415707
3967.6,66.1266666666667,0.00152570471462894,0.270869547895255,0.0596712080053283,3.93756470137825
3967.8,66.13,0.00151337099084717,0.270063634590207,0.0594358040363645,3.93363725446839
3968,66.1333333333333,0.00150114026366374,0.269260088017104,0.0592013161504944,3.92971366019459
3968.2,66.1366666666667,0.00148901161707275,0.268458901491833,0.0589677408923776,3.9257939153216
3968.4,66.14,0.00147698414398311,0.267660068346664,0.0587350748186553,3.92187801661196
3968.6,66.1433333333333,0.00146505694612293,0.266863581930247,0.0585033144979223,3.91796596082601
3968.8,66.1466666666667,0.00145322913394462,0.26606943560758,0.0582724565106926,3.91405774472194
3969,66.15,0.00144149982653164,0.265277622760013,0.0580424974493737,3.91015336505588
3969.2,66.1533333333333,0.00142986815150583,0.264488136785216,0.0578134339182322,3.90625281858192
3969.4,66.1566666666667,0.00141833324493617,0.263700971097178,0.0575852625333657,3.90235610205215
3969.6,66.16,0.00140689425124852,0.262916119126186,0.0573579799226731,3.8984632122168
3969.8,66.1633333333333,0.0013955503231362,0.262133574318808,0.0571315827258212,3.89457414582416
3970,66.1666666666667,0.00138430062147203,0.261353330137882,0.0569060675942176,3.89068889962076
3970.2,66.17,0.00137314431522089,0.260575380062494,0.0566814311909771,3.88680747035132
3970.4,66.1733333333333,0.00136208058135371,0.259799717587964,0.0564576701908921,3.88292985475884
3970.6,66.1766666666667,0.00135110860476232,0.259026336225834,0.0562347812804038,3.8790560495847
3970.8,66.18,0.00134022757817509,0.258255229503841,0.0560127611575674,3.87518605156859
3971,66.1833333333333,0.00132943670207395,0.257486390965913,0.0557916065320259,3.87131985744869
3971.2,66.1866666666667,0.00131873518461198,0.256719814172135,0.0555713141249755,3.86745746396163
3971.4,66.19,0.00130812224153213,0.255955492698743,0.0553518806691361,3.86359886784255
3971.6,66.1933333333333,0.00129759709608702,0.255193420138107,0.0551333029087218,3.8597440658252
3971.8,66.1966666666667,0.0012871589789593,0.254433590098701,0.0549155775994069,3.8558930546419
3972,66.2,0.00127680712818334,0.2536759962051,0.0546987015082985,3.85204583102368
3972.2,66.2033333333333,0.00126654078906747,0.252920632097945,0.054482671413902,3.84820239170024
3972.4,66.2066666666667,0.00125635921411733,0.252167491433933,0.0542674841060918,3.84436273340004
3972.6,66.21,0.00124626166296016,0.251416567885801,0.0540531363860813,3.84052685285038
3972.8,66.2133333333333,0.00123624740226962,0.250667855142295,0.0538396250663887,3.83669474677733
3973,66.2166666666667,0.00122631570569195,0.249921346908163,0.0536269469708097,3.83286641190592
3973.2,66.22,0.00121646585377255,0.249177036904121,0.0534150989343827,3.82904184496004
3973.4,66.2233333333333,0.00120669713388362,0.248434918866844,0.0532040778033592,3.82522104266259
3973.6,66.2266666666667,0.00119700884015273,0.247694986548943,0.0529938804351744,3.82140400173548
3973.8,66.23,0.00118740027339185,0.246957233718938,0.052784503698412,3.81759071889965
3974,66.2333333333333,0.00117787074102766,0.246221654161245,0.0525759444727771,3.81378119087517
3974.2,66.2366666666667,0.0011684195570322,0.24548824167615,0.0523681996490618,3.8099754143812
3974.4,66.24,0.00115904604185465,0.244756990079786,0.0521612661291148,3.80617338613611
3974.6,66.2433333333333,0.00114974952235379,0.244027893204119,0.0519551408258123,3.80237510285748
3974.8,66.2466666666667,0.0011405293317311,0.243300944896917,0.0517498206630227,3.79858056126212
3975,66.25,0.00113138480946487,0.242576139021734,0.0515453025755796,3.79478975806616
3975.2,66.2533333333333,0.0011223153012448,0.241853469457885,0.0513415835092469,3.79100268998505
3975.4,66.2566666666667,0.00111332015890754,0.241132930100423,0.0511386604206889,3.78721935373358
3975.6,66.26,0.00110439874037291,0.24041451486012,0.0509365302774407,3.78343974602601
3975.8,66.2633333333333,0.00109555040958077,0.239698217663439,0.0507351900578732,3.77966386357597
3976,66.2666666666667,0.00108677453642874,0.238984032452517,0.0505346367511658,3.77589170309664
3976.2,66.27,0.00107807049671049,0.238271953185135,0.0503348673572719,3.77212326130064
3976.4,66.2733333333333,0.0010694376720548,0.237561973834697,0.0501358788868886,3.7683585349002
3976.6,66.2766666666667,0.00106087544986542,0.236854088390213,0.0499376683614272,3.76459752060712
3976.8,66.28,0.00105238322326132,0.236148290856263,0.0497402328129784,3.7608402151328
3977,66.2833333333333,0.00104396039101795,0.235444575252987,0.049543569284285,3.75708661518833
3977.2,66.2866666666667,0.00103560635750891,0.234742935616047,0.0493476748287068,3.75333671748446
3977.4,66.29,0.00102732053264841,0.23404336599661,0.0491525465101915,3.74959051873168
3977.6,66.2933333333333,0.00101910233183443,0.233345860461329,0.0489581814032441,3.74584801564025
3977.8,66.2966666666667,0.00101095117589225,0.232650413092305,0.0487645765928929,3.74210920492018
3978,66.3,0.00100286649101905,0.231957017987077,0.0485717291746616,3.73837408328134
3978.2,66.3033333333333,0.000994847708728674,0.231265669258584,0.0483796362545353,3.73464264743345
3978.4,66.3066666666667,0.000986894265797344,0.230576361035148,0.04818829494893,3.73091489408609
3978.6,66.31,0.000979005604209905,0.229889087460448,0.0479977023846635,3.72719081994881
3978.8,66.3133333333333,0.000971181171106525,0.229203842693491,0.0478078556989206,3.72347042173104
3979,66.3166666666667,0.00096342041873025,0.228520620908593,0.0476187520392255,3.71975369614227
3979.2,66.32,0.000955722804374889,0.227839416295348,0.0474303885634079,3.71604063989194
3979.4,66.3233333333333,0.000948087790333653,0.227160223058599,0.0472427624395727,3.71233124968955
3979.6,66.3266666666667,0.000940514843848377,0.226483035418427,0.0470558708460709,3.70862552224469
3979.8,66.33,0.000933003437059124,0.225807847610105,0.0468697109714647,3.70492345426702
3980,66.3333333333333,0.000925553046954624,0.225134653884091,0.0466842800145005,3.70122504246637
3980.2,66.3366666666667,0.000918163155323005,0.224463448505987,0.0464995751840746,3.69753028355269
3980.4,66.34,0.00091083324870324,0.22379422575652,0.0463155936992036,3.69383917423613
3980.6,66.3433333333333,0.000903562818337143,0.223126979931518,0.0461323327889946,3.69015171122708
3980.8,66.3466666666667,0.000896351360121724,0.222461705341874,0.0459497896926112,3.68646789123613
3981,66.35,0.000889198374562332,0.221798396313531,0.0457679616592464,3.6827877109742
3981.2,66.3533333333333,0.000882103366726066,0.221137047187445,0.0455868459480882,3.67911116715244
3981.4,66.3566666666667,0.000875065846195871,0.220477652319563,0.0454064398282904,3.67543825648237
3981.6,66.36,0.00086808532702514,0.219820206080801,0.0452267405789429,3.67176897567587
3981.8,66.3633333333333,0.00086116132769266,0.219164702857004,0.0450477454890379,3.66810332144517
3982,66.3666666666667,0.000854293371058303,0.218511137048934,0.0448694518574426,3.66444129050292
3982.2,66.37,0.000847480984318956,0.217859503072229,0.0446918569928655,3.6607828795622
3982.4,66.3733333333333,0.000840723698965114,0.217209795357386,0.0445149582138272,3.65712808533653
3982.6,66.3766666666667,0.000834021050737936,0.216562008349729,0.0443387528486306,3.65347690453995
3982.8,66.38,0.000827372579586632,0.215916136509379,0.0441632382353275,3.64982933388697
3983,66.3833333333333,0.000820777829626543,0.215272174311236,0.0439884117216915,3.64618537009265
3983.2,66.3866666666667,0.000814236349097463,0.214630116244938,0.0438142706651845,3.6425450098726
3983.4,66.39,0.00080774769032256,0.213989956814843,0.0436408124329274,3.63890824994301
3983.6,66.3933333333333,0.000801311409667761,0.21335169054,0.0434680344016708,3.63527508702067
3983.8,66.3966666666667,0.000794927067501428,0.212715311954115,0.0432959339577619,3.631645517823
3984,66.4,0.000788594228154694,0.212080815605533,0.0431245084971173,3.62801953906808
3984.2,66.4033333333333,0.000782312459882029,0.211448196057199,0.0429537554251896,3.62439714747465
3984.4,66.4066666666667,0.000776081334822369,0.210817447886638,0.0427836721569388,3.62077833976215
3984.6,66.41,0.000769900428960678,0.210188565685923,0.0426142561168029,3.61716311265075
3984.8,66.4133333333333,0.000763769322089786,0.209561544061648,0.0424455047386647,3.61355146286134
3985,66.4166666666667,0.00075768759777286,0.2089363776349,0.0422774154658256,3.6099433871156
3985.2,66.42,0.000751654843306067,0.208313061041228,0.0421099857509719,3.60633888213597
3985.4,66.4233333333333,0.000745670649681792,0.207691588930616,0.0419432130561462,3.60273794464571
3985.6,66.4266666666667,0.000739734611552255,0.20707195596746,0.0417770948527188,3.5991405713689
3985.8,66.43,0.000733846327193379,0.206454156830528,0.0416116286213545,3.59554675903048
3986,66.4333333333333,0.00072800539846927,0.205838186212941,0.0414468118519864,3.59195650435626
3986.2,66.4366666666667,0.000722211430796866,0.205224038822141,0.0412826420437827,3.58836980407293
3986.4,66.44,0.000716464033111118,0.204611709379858,0.0411191167051185,3.58478665490808
3986.6,66.4433333333333,0.000710762817830534,0.204001192622093,0.0409562333535468,3.58120705359027
3986.8,66.4466666666667,0.000705107400822979,0.203392483299073,0.0407939895157664,3.57763099684898
3987,66.45,0.000699497401372032,0.202785576175238,0.0406323827275951,3.57405848141466
3987.2,66.4533333333333,0.000693932442143515,0.2021804660292,0.0404714105339375,3.57048950401878
3987.4,66.4566666666667,0.000688412149152516,0.201577147653719,0.0403110704887566,3.56692406139376
3987.6,66.46,0.000682936151730765,0.200975615855675,0.040151360155045,3.56336215027313
3987.8,66.4633333333333,0.000677504082494233,0.200375865456036,0.0399922771047936,3.55980376739138
3988,66.4666666666667,0.000672115577311275,0.199777891289833,0.0398338189189644,3.55624890948415
3988.2,66.47,0.000666770275270926,0.199181688206124,0.0396759831874588,3.5526975732881
3988.4,66.4733333333333,0.000661467818651658,0.19858725106797,0.0395187675090897,3.54914975554101
3988.6,66.4766666666667,0.000656207852890481,0.197994574752408,0.039362169491553,3.5456054529818
3988.8,66.48,0.000650990026552248,0.197403654150413,0.0392061867513959,3.54206466235051
3989,66.4833333333333,0.000645813991299472,0.196814484166881,0.0390508169139906,3.53852738038834
3989.2,66.4866666666667,0.000640679401862287,0.196227059720586,0.0388960576135031,3.53499360383767
3989.4,66.49,0.00063558591600885,0.195641375744157,0.0387419064928647,3.53146332944204
3989.6,66.4933333333333,0.000630533194516059,0.195057427184057,0.0385883612037443,3.52793655394624
3989.8,66.4966666666667,0.00062552090114047,0.194475209000535,0.0384354194065173,3.52441327409626
3990,66.5,0.000620548702589689,0.193894716167615,0.038283078770239,3.52089348663934
3990.2,66.5033333333333,0.000615616268493912,0.193315943673054,0.038131336972614,3.51737718832397
3990.4,66.5066666666667,0.000610723271377868,0.192738886518317,0.0379801916999678,3.5138643758999
3990.6,66.51,0.000605869386633066,0.192163539718551,0.0378296406472199,3.51035504611821
3990.8,66.5133333333333,0.000601054292490231,0.191589898302545,0.037679681517852,3.50684919573123
3991,66.5166666666667,0.000596277669992189,0.191017957312715,0.0375303120238828,3.50334682149268
3991.2,66.52,0.000591539202966881,0.190447711805062,0.0373815298858369,3.49984792015755
3991.4,66.5233333333333,0.000586838578000772,0.189879156849146,0.0372333328327171,3.4963524884822
3991.6,66.5266666666667,0.00058217548441254,0.18931228752806,0.0370857186019777,3.4928605232244
3991.8,66.53,0.000577549614226936,0.188747098938395,0.0369386849394929,3.48937202114324
3992,66.5333333333333,0.000572960662149085,0.188183586190218,0.0367922295995323,3.48588697899925
3992.2,66.5366666666667,0.000568408325538888,0.18762174440703,0.0366463503447292,3.48240539355435
3992.4,66.54,0.000563892304385814,0.187061568725748,0.0365010449460545,3.47892726157188
3992.6,66.5433333333333,0.000559412301283948,0.186503054296671,0.0363563111827891,3.47545257981666
3992.8,66.5466666666667,0.0005549680214072,0.185946196283446,0.0362121468424934,3.47198134505491
3993,66.55,0.000550559172484929,0.185390989863049,0.0360685497209825,3.46851355405437
3993.2,66.5533333333333,0.000546185464777675,0.184837430225743,0.0359255176222958,3.46504920358422
3993.4,66.5566666666667,0.000541846611053238,0.184285512575055,0.0357830483586697,3.46158829041514
3993.6,66.56,0.000537542326563014,0.183735232127746,0.0356411397505118,3.45813081131936
3993.8,66.5633333333333,0.00053327232901848,0.18318658411378,0.03549978962637,3.45467676307059
3994,66.5666666666667,0.000529036338568069,0.182639563776295,0.0353589958229078,3.45122614244409
3994.2,66.57,0.000524834077774143,0.182094166371571,0.0352187561848747,3.44777894621667
3994.4,66.5733333333333,0.000520665271590304,0.181550387169003,0.0350790685650793,3.4443351711667
3994.6,66.5766666666667,0.000516529647338936,0.181008221451073,0.0349399308243631,3.44089481407413
3994.8,66.58,0.000512426934688895,0.180467664513311,0.0348013408315706,3.43745787172049
3995,66.5833333333333,0.000508356865633568,0.179928711664278,0.034663296463525,3.43402434088891
3995.2,66.5866666666667,0.000504319174469015,0.179391358225526,0.0345257956049981,3.43059421836414
3995.4,66.59,0.000500313597772442,0.178855599531572,0.0343888361486847,3.42716750093253
3995.6,66.5933333333333,0.000496339874380887,0.178321430929873,0.0342524159951759,3.42374418538211
3995.8,66.5966666666667,0.000492397745370043,0.177788847780785,0.0341165330529303,3.42032426850252
3996,66.6,0.00048848695403343,0.177257845457545,0.0339811852382492,3.41690774708507
3996.2,66.6033333333333,0.000484607245861655,0.176728419346233,0.0338463704752478,3.41349461792275
3996.4,66.6066666666667,0.000480758368521969,0.176200564845745,0.0337120866958289,3.41008487781021
3996.6,66.61,0.000476940071838038,0.175674277367767,0.0335783318396574,3.40667852354383
3996.8,66.6133333333333,0.000473152107769836,0.175149552336738,0.0334451038541313,3.40327555192166
3997,66.6166666666667,0.000469394230393872,0.174626385189828,0.0333124006943574,3.39987595974349
3997.2,66.62,0.000465666195883496,0.174104771376899,0.0331802203231227,3.39647974381083
3997.4,66.6233333333333,0.000461967762489487,0.173584706360485,0.0330485607108689,3.39308690092693
3997.6,66.6266666666667,0.00045829869052085,0.173066185615757,0.0329174198356666,3.38969742789678
3997.8,66.63,0.000454658742325713,0.172549204630493,0.032786795683187,3.38631132152713
3998,66.6333333333333,0.000451047682272558,0.172033758905053,0.0326566862466778,3.38292857862652
3998.2,66.6366666666667,0.000447465276731508,0.171519843952342,0.0325270895269354,3.37954919600525
3998.4,66.64,0.000443911294055899,0.171007455297784,0.0323980035322787,3.37617317047542
3998.6,66.6433333333333,0.000440385504564032,0.170496588479299,0.0322694262785247,3.37280049885092
3998.8,66.6466666666667,0.000436887680521031,0.169987239047259,0.0321413557889601,3.36943117794746
3999,66.65,0.000433417596121015,0.169479402564473,0.0320137900943176,3.36606520458257
3999.2,66.6533333333333,0.000429975027469319,0.168973074606148,0.031886727232748,3.36270257557562
3999.4,66.6566666666667,0.000426559752564986,0.168468250759861,0.0317601652497953,3.35934328774777
3999.6,66.66,0.000423171551283431,0.167964926625535,0.0316341021983717,3.35598733792211
3999.8,66.6633333333333,0.000419810205359204,0.1674630978154,0.03150853613873,3.35263472292352
4000,66.6666666666667,0.000416475498369047,0.166962759953976,0.0313834651384401,3.34928543957879
4000.2,66.67,0.000413167215715002,0.166463908678029,0.0312588872723618,3.34593948471656
4000.4,66.6733333333333,0.000409885144607774,0.165966539636552,0.0311348006226195,3.34259685516736
4000.6,66.6766666666667,0.000406629074050251,0.165470648490736,0.0310112032785783,3.33925754776363
4000.8,66.68,0.000403398794821128,0.16497623091393,0.0308880933368163,3.3359215593397
4001,66.6833333333333,0.000400194099458799,0.164483282591626,0.0307654689011018,3.33258888673182
4001.2,66.6866666666667,0.000397014782245303,0.163991799221416,0.0306433280823658,3.32925952677817
4001.4,66.69,0.000393860639190507,0.163501776512973,0.0305216689986778,3.32593347631882
4001.6,66.6933333333333,0.000390731468016446,0.163013210188018,0.0304004897752218,3.32261073219583
4001.8,66.6966666666667,0.000387627068141746,0.162526095980286,0.030279788544269,3.31929129125318
4002,66.7,0.000384547240666318,0.162040429635507,0.0301595634451555,3.3159751503368
4002.2,66.7033333333333,0.000381491788356089,0.161556206911367,0.0300398126242548,3.31266230629459
4002.4,66.7066666666667,0.000378460515627967,0.161073423577482,0.0299205342349546,3.30935275597642
4002.6,66.71,0.000375453228534945,0.160592075415375,0.0298017264376324,3.30604649623415
4002.8,66.7133333333333,0.000372469734751296,0.160112158218434,0.0296833873996289,3.3027435239216
4003,66.7166666666667,0.000369509843558009,0.159633667791897,0.0295655152952261,3.29944383589462
4003.2,66.72,0.000366573365828276,0.159156599952811,0.0294481083056201,3.29614742901102
4003.4,66.7233333333333,0.000363660114013184,0.15868095053001,0.0293311646188981,3.29285430013064
4003.6,66.7266666666667,0.000360769902127555,0.158206715364086,0.0292146824300146,3.28956444611536
4003.8,66.73,0.000357902545735859,0.157733890307355,0.0290986599407648,3.28627786382904
4004,66.7333333333333,0.000355057861938362,0.157262471223832,0.0289830953597634,3.28299455013761
4004.2,66.7366666666667,0.000352235669357318,0.156792453989203,0.0288679869024177,3.279714501909
4004.4,66.74,0.00034943578812336,0.15632383449079,0.0287533327909045,3.27643771601322
4004.6,66.7433333333333,0.000346658039862028,0.155856608627531,0.0286391312541471,3.27316418932233
4004.8,66.7466666666667,0.000343902247680363,0.155390772309943,0.0285253805277894,3.26989391871041
4005,66.75,0.000341168236153732,0.154926321460101,0.0284120788541739,3.26662690105367
4005.2,66.7533333333333,0.000338455831312682,0.154463252011599,0.0282992244823161,3.26336313323033
4005.4,66.7566666666667,0.000335764860630001,0.154001559909531,0.0281868156678817,3.26010261212072
4005.6,66.76,0.000333095153007883,0.153541241110458,0.0280748506731635,3.25684533460727
4005.8,66.7633333333333,0.000330446538765183,0.153082291582379,0.0279633277670558,3.25359129757446
4006,66.7666666666667,0.000327818849624867,0.152624707304704,0.0278522452250335,3.25034049790893
4006.2,66.77,0.000325211918701512,0.152168484268224,0.027741601329126,3.24709293249937
4006.4,66.7733333333333,0.000322625580488972,0.151713618475082,0.0276313943678953,3.24384859823659
4006.6,66.7766666666667,0.000320059670848182,0.151260105938747,0.027521622636413,3.24060749201356
4006.8,66.78,0.000317514026995006,0.150807942683983,0.027412284436235,3.23736961072531
4007,66.7833333333333,0.000314988487488302,0.150357124746823,0.0273033780753811,3.23413495126907
4007.2,66.7866666666667,0.000312482892218015,0.149907648174537,0.0271949018683093,3.23090351054414
4007.4,66.79,0.00030999708239344,0.149459509025605,0.0270868541358938,3.22767528545199
4007.6,66.7933333333333,0.000307530900531598,0.149012703369693,0.0269792332054029,3.22445027289626
4007.8,66.7966666666667,0.00030508419044568,0.148567227287616,0.0268720374104739,3.2212284697827
4008,66.8,0.000302656797233669,0.148123076871321,0.0267652650910927,3.21800987301925
4008.2,66.8033333333333,0.000300248567267007,0.147680248223848,0.0266589145935688,3.21479447951599
4008.4,66.8066666666667,0.000297859348179416,0.147238737459304,0.0265529842705137,3.21158228618519
4008.6,66.81,0.00029548898885583,0.146798540702845,0.0264474724808188,3.2083732899413
4008.8,66.8133333333333,0.000293137339421379,0.146359654090633,0.0263423775896309,3.20516748770091
4009,66.8166666666667,0.000290804251230566,0.145922073769819,0.026237697968332,3.20196487638285
4009.2,66.82,0.000288489576856459,0.145485795898508,0.0261334319945148,3.1987654529081
4009.4,66.8233333333333,0.000286193170080046,0.145050816645736,0.0260295780519614,3.19556921419985
4009.6,66.8266666666667,0.000283914885879692,0.144617132191441,0.0259261345306213,3.19237615718349
4009.8,66.83,0.000281654580420646,0.14418473872643,0.0258230998265876,3.18918627878661
4010,66.8333333333333,0.000279412111044723,0.143753632452361,0.025720472342077,3.18599957593903
4010.2,66.8366666666667,0.00027718733626001,0.143323809581704,0.0256182504854056,3.18281604557277
4010.4,66.84,0.000274980115730725,0.142895266337721,0.0255164326709678,3.17963568462205
4010.6,66.8433333333333,0.000272790310267165,0.142467998954438,0.025415017319215,3.17645849002337
4010.8,66.8466666666667,0.00027061778181571,0.142042003676612,0.0253140028566319,3.17328445871539
4011,66.85,0.000268462393448989,0.141617276759708,0.0252133877157168,3.17011358763907
4011.2,66.8533333333333,0.000266324009356071,0.14119381446987,0.0251131703349579,3.16694587373757
4011.4,66.8566666666667,0.000264202494832794,0.140771613083893,0.0250133491588124,3.1637813139563
4011.6,66.86,0.000262097716272194,0.140350668889197,0.0249139226376855,3.16061990524292
4011.8,66.8633333333333,0.000260009541154965,0.139930978183796,0.0248148892279076,3.15746164454733
4012,66.8666666666667,0.000257937838040091,0.139512537276278,0.0247162473917138,3.15430652882173
4012.2,66.87,0.000255882476555495,0.139095342485766,0.0246179955972217,3.15115455502051
4012.4,66.8733333333333,0.000253843327388818,0.138679390141901,0.0245201323184101,3.14800572010038
4012.6,66.8766666666667,0.000251820262278294,0.138264676584813,0.0244226560350989,3.14486002102031
4012.8,66.88,0.000249813154003652,0.137851198165087,0.0243255652329257,3.14171745474151
4013,66.8833333333333,0.000247821876377189,0.137438951243745,0.0242288584033269,3.13857801822751
4013.2,66.8866666666667,0.000245846304234848,0.137027932192211,0.0241325340435148,3.13544170844409
4013.4,66.89,0.000243886313427427,0.136618137392289,0.0240365906564573,3.13230852235932
4013.6,66.8933333333333,0.000241941780811874,0.136209563236135,0.0239410267508575,3.12917845694357
4013.8,66.8966666666667,0.000240012584242618,0.135802206126225,0.0238458408411313,3.12605150916949
4014,66.9,0.000238098602563046,0.13539606247534,0.0237510314473884,3.12292767601203
4014.2,66.9033333333333,0.000236199715596996,0.134991128706523,0.0236565970954098,3.11980695444844
4014.4,66.9066666666667,0.000234315804140375,0.134587401253066,0.0235625363166279,3.11668934145826
4014.6,66.91,0.000232446749952853,0.134184876558475,0.0234688476481065,3.11357483402336
4014.8,66.9133333333333,0.00023059243574959,0.133783551076446,0.0233755296325186,3.11046342912789
4015,66.9166666666667,0.000228752745193112,0.133383421270841,0.0232825808181278,3.10735512375835
4015.2,66.92,0.000226927562885189,0.132984483615654,0.023189999758766,3.10424991490353
4015.4,66.9233333333333,0.00022511677435884,0.132586734594991,0.0230977850138142,3.10114779955453
4015.6,66.9266666666667,0.000223320266070408,0.132190170703042,0.0230059351481821,3.0980487747048
4015.8,66.93,0.000221537925391667,0.131794788444051,0.0229144487322872,3.0949528373501
4016,66.9333333333333,0.000219769640602068,0.131400584332296,0.0228233243420355,3.09185998448853
4016.2,66.9366666666667,0.000218015300880989,0.131007554892056,0.0227325605588007,3.08877021312051
4016.4,66.94,0.000216274796300105,0.130615696657586,0.0226421559694039,3.08568352024879
4016.6,66.9433333333333,0.000214548017815826,0.130225006173095,0.022552109166095,3.0825999028785
4016.8,66.9466666666667,0.000212834857261761,0.129835479992715,0.022462418746531,3.07951935801705
4017,66.95,0.000211135207341318,0.129447114680477,0.0223730833137576,3.07644188267424
4017.2,66.9533333333333,0.00020944896162031,0.129059906810284,0.0222841014761884,3.07336747386221
4017.4,66.9566666666667,0.000207776014519665,0.128673852965884,0.0221954718475854,3.07029612859542
4017.6,66.96,0.000206116261308213,0.128288949740847,0.0221071930470403,3.06722784389073
4017.8,66.9633333333333,0.000204469598095489,0.127905193738535,0.0220192636989529,3.0641626167673
4018,66.9666666666667,0.00020283592182467,0.127522581572079,0.0219316824330138,3.06110044424671
4018.2,66.97,0.000201215130265511,0.127141109864351,0.0218444478841834,3.05804132335285
4018.4,66.9733333333333,0.000199607122007391,0.126760775247939,0.0217575586926726,3.054985251112
4018.6,66.9766666666667,0.000198011796452422,0.126381574365123,0.0216710135039247,3.0519322245528
4018.8,66.98,0.000196429053808575,0.126003503867844,0.0215848109685942,3.04888224070624
4019,66.9833333333333,0.000194858795082939,0.125626560417685,0.0214989497425296,3.04583529660573
4019.2,66.9866666666667,0.000193300922074974,0.12525074068584,0.0214134284867525,3.042791389287
4019.4,66.99,0.000191755337369869,0.124876041353089,0.0213282458674393,3.03975051578817
4019.6,66.9933333333333,0.000190221944331956,0.124502459109778,0.0212434005559027,3.03671267314976
4019.8,66.9966666666667,0.000188700647098157,0.124129990655783,0.0211588912285713,3.03367785841464
4020,67,0.000187191350571531,0.123758632700497,0.0210747165669725,3.0306460686281
4020.2,67.0033333333333,0.000185693960414838,0.123388381962792,0.0209908752577119,3.02761730083777
4020.4,67.0066666666667,0.000184208383044191,0.123019235171004,0.0209073659924554,3.0245915520937
4020.6,67.01,0.000182734525622767,0.122651189062902,0.020824187467911,3.02156881944832
4020.8,67.0133333333333,0.000181272296054541,0.122284240385662,0.0207413383858088,3.01854909995644
4021,67.0166666666667,0.000179821602978127,0.121918385895847,0.0206588174528837,3.01553239067528
4021.2,67.02,0.000178382355760625,0.121553622359378,0.0205766233808561,3.01251868866444
4021.4,67.0233333333333,0.000176954464491558,0.121189946551507,0.0204947548864134,3.00950799098593
4021.6,67.0266666666667,0.000175537839976861,0.120827355256797,0.0204132106911924,3.00650029470415
4021.8,67.03,0.000174132393732894,0.120465845269092,0.0203319895217596,3.00349559688591
4022,67.0333333333333,0.000172738037980554,0.120105413391497,0.0202510901095947,3.00049389460041
4022.2,67.0366666666667,0.000171354685639401,0.119746056436348,0.0201705111910705,2.99749518491927
4022.4,67.04,0.000169982250321855,0.11938777122519,0.0200902515074359,2.99449946491649
4022.6,67.0433333333333,0.00016862064632746,0.119030554588754,0.0200103098047978,2.99150673166852
4022.8,67.0466666666667,0.000167269788637152,0.118674403366924,0.0199306848341023,2.98851698225418
4023,67.05,0.000165929592907643,0.118319314408726,0.0198513753511176,2.98553021375472
4023.2,67.0533333333333,0.000164599975465793,0.117965284572289,0.0197723801164154,2.98254642325381
4023.4,67.0566666666667,0.000163280853303073,0.117612310724828,0.0196936978953533,2.97956560783751
4023.6,67.06,0.000161972144070073,0.117260389742621,0.0196153274580573,2.97658776459432
4023.8,67.0633333333333,0.000160673766071034,0.116909518510979,0.0195372675794033,2.97361289061514
4024,67.0666666666667,0.000159385638258465,0.116559693924226,0.0194595170390006,2.97064098299332
4024.2,67.07,0.000158107680227771,0.116210912885671,0.0193820746211728,2.96767203882459
4024.4,67.0733333333333,0.000156839812211958,0.115863172307584,0.0193049391149413,2.96470605520712
4024.6,67.0766666666667,0.000155581955076379,0.115516469111179,0.0192281093140078,2.96174302924152
4024.8,67.08,0.000154334030313504,0.115170800226577,0.0191515840167362,2.95878295803079
4025,67.0833333333333,0.000153095960037777,0.114826162592793,0.0190753620261358,2.95582583868039
4025.2,67.0866666666667,0.000151867666980479,0.114482553157705,0.0189994421498437,2.9528716682982
4025.4,67.09,0.000150649074484656,0.114139968878033,0.0189238232001074,2.9499204439945
4025.6,67.0933333333333,0.000149440106500105,0.113798406719315,0.0188485039937683,2.94697216288205
4025.8,67.0966666666667,0.000148240687578363,0.113457863655881,0.0187734833522435,2.94402682207599
4026,67.1,0.000147050742867795,0.113118336670831,0.0186987601015098,2.94108441869393
4026.2,67.1033333333333,0.000145870198108671,0.11277982275601,0.0186243330720858,2.93814494985589
4026.4,67.1066666666667,0.000144698979628326,0.112442318911984,0.018550201099015,2.93520841268434
4026.6,67.11,0.000143537014336354,0.112105822148018,0.0184763630218499,2.93227480430419
4026.8,67.1133333333333,0.000142384229719819,0.111770329482049,0.0184028176846338,2.92934412184276
4027,67.1166666666667,0.000141240553838554,0.111435837940666,0.018329563935885,2.92641636242983
4027.2,67.12,0.000140105915320454,0.111102344559085,0.0182566006285793,2.92349152319763
4027.4,67.1233333333333,0.000138980243356839,0.110769846381121,0.0181839266201338,2.92056960128078
4027.6,67.1266666666667,0.000137863467697861,0.110438340459174,0.0181115407723906,2.91765059381641
4027.8,67.13,0.000136755518647923,0.110107823854195,0.0180394419515989,2.91473449794403
4028,67.1333333333333,0.000135656327061174,0.109778293635672,0.0179676290284005,2.91182131080563
4028.2,67.1366666666667,0.000134565824337008,0.109449746881599,0.0178961008778113,2.90891102954563
4028.4,67.14,0.000133483942415631,0.109122180678456,0.0178248563792062,2.90600365131089
4028.6,67.1433333333333,0.000132410613773659,0.108795592121186,0.0177538944163026,2.90309917325074
4028.8,67.1466666666667,0.000131345771419734,0.108469978313172,0.0176832138771435,2.90019759251691
4029,67.15,0.000130289348890219,0.108145336366213,0.0176128136540822,2.89729890626363
4029.2,67.1533333333333,0.000129241280244883,0.107821663400501,0.0175426926437652,2.89440311164753
4029.4,67.1566666666667,0.000128201500062659,0.107498956544594,0.0174728497471164,2.89151020582771
4029.6,67.16,0.000127169943437435,0.107177212935404,0.0174032838693219,2.88862018596573
4029.8,67.1633333333333,0.000126146545973853,0.106856429718161,0.0173339939198124,2.88573304922556
4030,67.1666666666667,0.000125131243783187,0.1065366040464,0.0172649788122487,2.88284879277368
4030.2,67.17,0.000124123973479215,0.106217733081931,0.0171962374645049,2.87996741377897
4030.4,67.1733333333333,0.000123124672174161,0.105899813994821,0.0171277687986528,2.87708890941277
4030.6,67.1766666666667,0.000122133277474654,0.105582843963369,0.0170595717409467,2.87421327684888
4030.8,67.18,0.000121149727477718,0.105266820174084,0.0169916452218064,2.87134051326356
4031,67.1833333333333,0.00012017396076682,0.104951739821664,0.0169239881758032,2.86847061583551
4031.2,67.1866666666667,0.000119205916407919,0.104637600108967,0.0168565995416427,2.86560358174588
4031.4,67.19,0.000118245533945573,0.104324398246998,0.0167894782621499,2.86273940817828
4031.6,67.1933333333333,0.000117292753399083,0.104012131454879,0.0167226232842545,2.85987809231879
4031.8,67.1966666666667,0.000116347515258642,0.103700796959828,0.0166560335589736,2.85701963135589
4032,67.2,0.000115409760481551,0.103390391997142,0.0165897080413984,2.85416402248059
4032.2,67.2033333333333,0.000114479430488441,0.103080913810167,0.016523645690677,2.8513112628863
4032.4,67.2066666666667,0.000113556467159543,0.102772359650278,0.0164578454700002,2.84846134976889
4032.6,67.21,0.000112640812830987,0.102464726776862,0.0163923063465863,2.84561428032672
4032.8,67.2133333333333,0.000111732410291124,0.102158012457286,0.0163270272916651,2.84277005176056
4033,67.2166666666667,0.000110831202776897,0.101852213966888,0.0162620072804639,2.83992866127368
4033.2,67.22,0.000109937133970221,0.10154732858894,0.0161972452921911,2.83709010607177
4033.4,67.2233333333333,0.000109050147994408,0.101243353614636,0.0161327403100222,2.834254383363
4033.6,67.2266666666667,0.000108170189410631,0.100940286343071,0.0160684913210849,2.83142149035798
4033.8,67.23,0.00010729720321439,0.100638124081211,0.0160044973164429,2.82859142426979
4034,67.2333333333333,0.00010643113483204,0.100336864143877,0.015940757291083,2.82576418231397
4034.2,67.2366666666667,0.000105571930117321,0.100036503853722,0.0158772702438983,2.82293976170849
4034.4,67.24,0.000104719535347937,0.0997370405412079,0.0158140351776747,2.82011815967381
4034.6,67.2433333333333,0.000103873897222164,0.0994384715445879,0.0157510510990761,2.81729937343283
4034.8,67.2466666666667,0.000103034962855463,0.0991407942098782,0.0156883170186289,2.8144834002109
4035,67.25,0.000102202679777156,0.0988440058908429,0.0156258319507086,2.81167023723586
4035.2,67.2533333333333,0.000101376995927102,0.0985481039489678,0.0155635949135242,2.80885988173797
4035.4,67.2566666666667,0.000100557859652414,0.0982530857534404,0.0155016049291042,2.80605233094996
4035.6,67.26,9.97452197042098e-05,0.0979589486811306,0.0154398610232823,2.80324758210703
4035.8,67.2633333333333,9.89390252343708e-05,0.097665690116565,0.0153783622256824,2.80044563244681
4036,67.2666666666667,9.81392257923517e-05,0.0973733074519103,0.0153171075697051,2.79764647920943
4036.2,67.27,9.7345771321994e-05,0.0970817980869476,0.0152560960925125,2.79485011963744
4036.4,67.2733333333333,9.65586121583836e-05,0.0967911594290532,0.0151953268350144,2.79205655097585
4036.6,67.2766666666667,9.57776990247336e-05,0.0965013888931793,0.0151347988418546,2.78926577047215
4036.8,67.28,9.50029830292767e-05,0.0962124839018282,0.0150745111613955,2.78647777537625
4037,67.2833333333333,9.42344156622098e-05,0.0959244418850364,0.0150144628457054,2.78369256294057
4037.2,67.2866666666667,9.34719487926385e-05,0.0956372602803492,0.0149546529505436,2.78091013041993
4037.4,67.29,9.27155346655637e-05,0.0953509365328014,0.0148950805353461,2.77813047507164
4037.6,67.2933333333333,9.19651258988945e-05,0.0950654680948983,0.0148357446632131,2.77535359415547
4037.8,67.2966666666667,9.12206754804687e-05,0.0947808524265905,0.0147766444008933,2.77257948493362
4038,67.3,9.04821367651234e-05,0.094497086995258,0.0147177788187715,2.76980814467076
4038.2,67.3033333333333,8.97494634717653e-05,0.094214169275685,0.0146591469908541,2.76703957063403
4038.4,67.3066666666667,8.90226096804823e-05,0.0939320967500409,0.0146007479947551,2.76427376009298
4038.6,67.31,8.83015298296786e-05,0.093650866907862,0.0145425809116834,2.76151071031968
4038.8,67.3133333333333,8.75861787132184e-05,0.0933704772460256,0.014484644826428,2.7587504185886
4039,67.3166666666667,8.68765114776167e-05,0.0930909252687353,0.0144269388273454,2.75599288217668
4039.2,67.32,8.61724836192301e-05,0.0928122084874954,0.0143694620063452,2.75323809836334
4039.4,67.3233333333333,8.54740509814869e-05,0.0925343244210927,0.0143122134588771,2.7504860644304
4039.6,67.3266666666667,8.47811697521401e-05,0.0922572705955778,0.0142551922839175,2.74773677766218
4039.8,67.33,8.40937964605274e-05,0.0919810445442401,0.0141983975839556,2.74499023534544
4040,67.3333333333333,8.34118879748782e-05,0.091705643807593,0.0141418284649809,2.74224643476939
4040.2,67.3366666666667,8.27354014996185e-05,0.0914310659333486,0.0140854840364687,2.73950537322569
4040.4,67.34,8.20642945727148e-05,0.0911573084763998,0.0140293634113678,2.73676704800844
4040.6,67.3433333333333,8.13985250630392e-05,0.0908843689988017,0.0139734657060873,2.73403145641422
4040.8,67.3466666666667,8.07380511677415e-05,0.0906122450697473,0.0139177900404825,2.73129859574203
4041,67.35,8.00828314096657e-05,0.0903409342655521,0.0138623355378429,2.72856846329335
4041.2,67.3533333333333,7.94328246347653e-05,0.09007043416963,0.0138071013248785,2.72584105637208
4041.4,67.3566666666667,7.87879900095553e-05,0.0898007423724751,0.0137520865317065,2.72311637228458
4041.6,67.36,7.81482870185845e-05,0.0895318564716435,0.0136972902918395,2.72039440833968
4041.8,67.3633333333333,7.75136754619147e-05,0.089263774071729,0.0136427117421709,2.71767516184862
4042,67.3666666666667,7.68841154526421e-05,0.0889964927843486,0.0135883500229639,2.71495863012512
4042.2,67.37,7.62595674144181e-05,0.088730010228118,0.0135342042778368,2.71224481048533
4042.4,67.3733333333333,7.56399920790038e-05,0.0884643240286336,0.0134802736537514,2.70953370024783
4042.6,67.3766666666667,7.50253504838461e-05,0.0881994318184551,0.0134265573010001,2.7068252967337
4042.8,67.38,7.44156039696582e-05,0.0879353312370814,0.0133730543731928,2.7041195972664
4043,67.3833333333333,7.3810714178042e-05,0.0876720199309356,0.0133197640272447,2.70141659917189
4043.2,67.3866666666667,7.32106430491088e-05,0.0874094955533413,0.0132666854233632,2.69871629977853
4043.4,67.39,7.26153528191334e-05,0.0871477557645055,0.0132138177250358,2.69601869641715
4043.6,67.3933333333333,7.20248060182274e-05,0.0868867982314999,0.0131611600990176,2.69332378642101
4043.8,67.3966666666667,7.14389654680183e-05,0.0866266206282382,0.013108711715318,2.69063156712581
4044,67.4,7.08577942793676e-05,0.0863672206354612,0.0130564717471897,2.68794203586971
4044.2,67.4033333333333,7.02812558500871e-05,0.0861085959407131,0.0130044393711149,2.6852551899933
4044.4,67.4066666666667,6.97093138626884e-05,0.0858507442383246,0.0129526137667938,2.68257102683958
4044.6,67.41,6.91419322821494e-05,0.0855936632293947,0.0129009941171322,2.67988954375404
4044.8,67.4133333333333,6.85790753536871e-05,0.0853373506217681,0.0128495796082289,2.67721073808458
4045,67.4166666666667,6.80207076005671e-05,0.0850818041300205,0.0127983694293642,2.67453460718153
4045.2,67.42,6.74667938219128e-05,0.0848270214754353,0.0127473627729869,2.67186114839769
4045.4,67.4233333333333,6.69172990905442e-05,0.0845730003859868,0.0126965588347024,2.66919035908824
4045.6,67.4266666666667,6.63721887508347e-05,0.0843197385963222,0.0126459568132615,2.66652223661086
4045.8,67.43,6.58314284165732e-05,0.0840672338477396,0.012595555910547,2.66385677832562
4046,67.4333333333333,6.52949839688617e-05,0.083815483888173,0.0125453553315629,2.66119398159503
4046.2,67.4366666666667,6.47628215540118e-05,0.0835644864721697,0.0124953542844216,2.65853384378405
4046.4,67.44,6.42349075814707e-05,0.0833142393608732,0.0124455519803325,2.65587636226005
4046.6,67.4433333333333,6.37112087217632e-05,0.0830647403220065,0.0123959476335903,2.65322153439286
4046.8,67.4466666666667,6.31916919044399e-05,0.0828159871298489,0.0123465404615623,2.65056935755469
4047,67.45,6.26763243160586e-05,0.0825679775652224,0.012297329684678,2.64791982912024
4047.2,67.4533333333333,6.21650733981647e-05,0.0823207094154687,0.012248314526416,2.6452729464666
4047.4,67.4566666666667,6.16579068453003e-05,0.0820741804744329,0.0121994942132932,2.64262870697328
4047.6,67.46,6.11547926030285e-05,0.0818283885424462,0.0121508679748531,2.63998710802226
4047.8,67.4633333333333,6.06556988659628e-05,0.0815833314263039,0.0121024350436537,2.63734814699789
4048,67.4666666666667,6.01605940758296e-05,0.0813390069392512,0.0120541946552566,2.63471182128699
4048.2,67.47,5.96694469195288e-05,0.0810954129009611,0.0120061460482149,2.63207812827879
4048.4,67.4733333333333,5.9182226327222e-05,0.0808525471375179,0.0119582884640619,2.62944706536492
4048.6,67.4766666666667,5.86989014704359e-05,0.0806104074814003,0.0119106211473003,2.62681862993946
4048.8,67.48,5.82194417601696e-05,0.0803689917714595,0.0118631433453897,2.62419281939891
4049,67.4833333333333,5.77438168450342e-05,0.0801282978529058,0.0118158543087362,2.62156963114217
4049.2,67.4866666666667,5.72719966093907e-05,0.0798883235772857,0.0117687532906808,2.61894906257057
4049.4,67.49,5.68039511715136e-05,0.0796490668024666,0.0117218395474877,2.61633111108785
4049.6,67.4933333333333,5.63396508817701e-05,0.0794105253926196,0.011675112338334,2.6137157741002
4049.8,67.4966666666667,5.58790663208021e-05,0.0791726972181983,0.0116285709252975,2.61110304901617
4050,67.5,5.54221682977394e-05,0.0789355801559247,0.0115822145733465,2.60849293324677
4050.2,67.5033333333333,5.49689278484116e-05,0.078699172088768,0.0115360425503281,2.60588542420541
4050.4,67.5066666666667,5.45193162335848e-05,0.0784634709059279,0.0114900541269572,2.6032805193079
4050.6,67.51,5.40733049372115e-05,0.078228474502819,0.0114442485768058,2.60067821597248
4050.8,67.5133333333333,5.3630865664686e-05,0.077994180781049,0.0113986251762917,2.59807851161978
4051,67.5166666666667,5.31919703411272e-05,0.077760587648405,0.011353183204668,2.59548140367288
4051.2,67.52,5.27565911096617e-05,0.0775276930188329,0.0113079219440115,2.59288688955721
4051.4,67.5233333333333,5.23247003297294e-05,0.0772954948124206,0.0112628406792125,2.59029496670064
4051.6,67.5266666666667,5.18962705754033e-05,0.0770639909553825,0.0112179386979639,2.58770563253346
4051.8,67.53,5.14712746337129e-05,0.0768331793800381,0.0111732152907498,2.58511888448834
4052,67.5333333333333,5.10496855029955e-05,0.0766030580247991,0.011128669750836,2.58253472000036
4052.2,67.5366666666667,5.06314763912458e-05,0.0763736248341476,0.011084301374258,2.579953136507
4052.4,67.54,5.02166207144894e-05,0.0761448777586212,0.0110401094598108,2.57737413144815
4052.6,67.5433333333333,4.98050920951677e-05,0.0759168147547963,0.0109960933090391,2.5747977022661
4052.8,67.5466666666667,4.93968643605279e-05,0.0756894337852683,0.0109522522262253,2.57222384640553
4053,67.55,4.89919115410387e-05,0.0754627328186372,0.0109085855183802,2.56965256131352
4053.2,67.5533333333333,4.85902078688049e-05,0.075236709829488,0.0108650924952316,2.56708384443956
4053.4,67.5566666666667,4.81917277760048e-05,0.0750113627983744,0.0108217724692145,2.56451769323552
4053.6,67.56,4.77964458933384e-05,0.0747866897118034,0.0107786247554606,2.56195410515567
4053.8,67.5633333333333,4.74043370484803e-05,0.0745626885622148,0.0107356486717871,2.55939307765667
4054,67.5666666666667,4.70153762645579e-05,0.0743393573479681,0.0106928435386877,2.55683460819758
4054.2,67.57,4.6629538758628e-05,0.0741166940733222,0.0106502086793213,2.55427869423985
4054.4,67.5733333333333,4.62467999401752e-05,0.0738946967484195,0.0106077434195019,2.55172533324731
4054.6,67.5766666666667,4.5867135409621e-05,0.0736733633892714,0.0105654470876889,2.54917452268618
4054.8,67.58,4.54905209568372e-05,0.0734526920177372,0.010523319014976,2.54662626002507
4055,67.5833333333333,4.51169325596835e-05,0.0732326806615116,0.0104813585350821,2.54408054273499
4055.2,67.5866666666667,4.4746346382544e-05,0.0730133273541044,0.0104395649843403,2.54153736828931
4055.4,67.59,4.43787387748835e-05,0.0727946301348255,0.0103979377016883,2.5389967341638
4055.6,67.5933333333333,4.40140862698156e-05,0.0725765870487696,0.0103564760286582,2.5364586378366
4055.8,67.5966666666667,4.36523655826738e-05,0.0723591961467959,0.0103151793093667,2.53392307678824
4056,67.6,4.32935536096062e-05,0.072142455485516,0.0102740468905048,2.53139004850163
4056.2,67.6033333333333,4.29376274261685e-05,0.0719263631272735,0.0102330781213281,2.52885955046206
4056.4,67.6066666666667,4.25845642859376e-05,0.0717109171401292,0.0101922723536467,2.52633158015718
4056.6,67.61,4.22343416191348e-05,0.071496115597846,0.0101516289418161,2.52380613507703
4056.8,67.6133333333333,4.18869370312525e-05,0.0712819565798694,0.0101111472427259,2.52128321271402
4057,67.6166666666667,4.15423283017036e-05,0.0710684381713147,0.0100708266157917,2.51876281056295
4057.2,67.62,4.12004933824699e-05,0.0708555584629474,0.0100306664229442,2.51624492612096
4057.4,67.6233333333333,4.08614103967686e-05,0.0706433155511686,0.00999066602861971,2.51372955688757
4057.6,67.6266666666667,4.05250576377295e-05,0.070431707538,0.00995082479975105,2.5112167003647
4057.8,67.63,4.01914135670752e-05,0.0702207325310645,0.00991114210575707,2.50870635405658
4058,67.6333333333333,3.98604568138229e-05,0.0700103886435738,0.00987161731853384,2.50619851546987
4058.2,67.6366666666667,3.95321661729845e-05,0.0698006739943091,0.00983224981244447,2.50369318211355
4058.4,67.64,3.92065206042861e-05,0.0695915867076063,0.00979303896430979,2.50119035149897
4058.6,67.6433333333333,3.88834992308955e-05,0.0693831249133418,0.00975398415339919,2.49869002113987
4058.8,67.6466666666667,3.85630813381541e-05,0.0691752867469128,0.00971508476142053,2.4961921885523
4059,67.65,3.82452463723282e-05,0.0689680703492254,0.00967634017251137,2.49369685125472
4059.2,67.6533333333333,3.79299739393611e-05,0.0687614738666754,0.00963774977322904,2.49120400676793
4059.4,67.6566666666667,3.761724380364e-05,0.0685554954511339,0.00959931295254149,2.48871365261506
4059.6,67.66,3.73070358867745e-05,0.068350133259933,0.00956102910181831,2.48622578632165
4059.8,67.6633333333333,3.69993302663765e-05,0.0681453854558465,0.00952289761482073,2.48374040541553
4060,67.6666666666667,3.66941071748608e-05,0.0679412502070782,0.00948491788769318,2.48125750742694
4062,67.7,3.37217014107861e-05,0.0659197259008707,0.00911002651398932,2.45650911442665
4064,67.7333333333333,3.09897471911991e-05,0.0639582768515204,0.00874992317262434,2.43200741231078
4066,67.7666666666667,2.86077440229681e-05,0.0620551230723374,0.00840402662253652,2.40774995354101
4068,67.8,2.9950445877826e-05,0.0602085262344298,0.0080717729636825,2.38373429801412
4070,67.8333333333333,0.000125295854020044,0.058416515925519,0.00775247853665806,2.35995760521614
4072,67.8666666666667,0.000146095618009411,0.0566796324921608,0.0074467082859758,2.33642076818535
4074,67.9,0.000136027318785547,0.0549948745183815,0.00715325037490765,2.3131193319769
4076,67.9333333333333,0.000125113842268492,0.0533600818677768,0.0068713147277854,2.29005002705589
4078,67.9666666666667,0.000114944825766891,0.0517737501728564,0.00660043678021933,2.2672105126842
4080,68,0.000105573683472742,0.0502344511745273,0.00634018594301516,2.24459851892323
4082,68.0333333333333,9.69469915125372e-05,0.0487408001923701,0.00609014920176979,2.22221180007142
4084,68.0666666666667,8.90078313476011e-05,0.0472914527223751,0.00584992937389653,2.2000481312334
4086,68.1,8.1702990398781e-05,0.0458851031718439,0.00561914444743744,2.17810530800812
4088,68.1333333333333,7.49832020747438e-05,0.0445204837738131,0.00539742701662482,2.156381146395
4090,68.1666666666667,6.88028989397364e-05,0.0431963635385287,0.00518442374214681,2.13487348270829
4092,68.2,6.3119948439908e-05,0.0419115472312781,0.00497979483036741,2.11358017348481
4094,68.2333333333333,5.78954042254958e-05,0.0406648743754511,0.00478321353057957,2.09249909538476
4096,68.2666666666667,5.30932744072853e-05,0.0394552182803853,0.00459436564973003,2.07162814508611
4098,68.3,4.86803058347973e-05,0.0382814850935926,0.00441294908408991,2.05096523917312
4100,68.3333333333333,4.46257833761927e-05,0.0371426128769559,0.00423867336735713,2.0305083140195
4102,68.3666666666667,4.0901343226501e-05,0.036037570706477,0.00407125923468687,2.01025532566679
4104,68.4,3.74807993263404e-05,0.0349653577951532,0.00391043820215689,1.99020424969836
4106,68.4333333333333,3.43399820271606e-05,0.0339250026385493,0.00375595216118488,1.97035308110947
4108,68.4666666666667,3.14565881904802e-05,0.0329155621826324,0.00360755298742582,1.95069983417387
4110,68.5,2.88100419575504e-05,0.0319361210134319,0.00346500216368803,1.93124254230714
4112,68.5333333333333,2.63813654724199e-05,0.0309857905680835,0.00332807041641717,1.91197925792738
4114,68.5666666666667,2.41530588855414e-05,0.0300637083668186,0.00319653736530867,1.89290805231332
4116,68.6,2.2108989006924e-05,0.0291690372654566,0.00307019118561953,1.8740270154603
4118,68.6333333333333,2.02342860174617e-05,0.0283009647279611,0.00294882828276126,1.8553342559344
4120,68.6666666666667,1.85152476845383e-05,0.0274587021186206,0.00283225297876689,1.8368279007249
4122,68.7,1.69392505633953e-05,0.0266414840134181,0.00272027721023503,1.81850609509531
4124,68.7333333333333,1.54946676991455e-05,0.0258485675301546,0.00261272023736524,1.80036700243336
4126,68.7666666666667,1.41707923757929e-05,0.025079231676898,0.00250940836370903,1.78240880409992
4128,68.8,1.29577674882684e-05,0.0243327767183281,0.00241017466627144,1.76462969927718
4130,68.8333333333333,1.18465201413968e-05,0.0236085235595594,0.00231485873560847,1.74702790481625
4132,68.8666666666667,1.08287011059484e-05,0.0229058131470203,0.00222330642557576,1.72960165508433
4134,68.9,9.89662878658746e-06,0.0222240058859796,0.0021353696123938,1.71234920181159
4136,68.9333333333333,9.04323737968331e-06,0.0215624810743116,0.00205090596270512,1.69526881393789
4138,68.9666666666667,8.2620289206796e-06,0.0209206363521004,0.00196977871030831,1.6783587774595
4140,69,7.5470289410941e-06,0.0202978871666863,0.00189185644126353,1.6616173952759
4142,69.0333333333333,6.89274547432187e-06,0.0196936662527684,0.00181701288707311,1.64504298703684
4144,69.0666666666667,6.29413116730552e-06,0.0191074231271781,0.00174512672565067,1.6286338889896
4146,69.1,5.74654827188669e-06,0.0185386235979503,0.00167608138980034,1.61238845382674
4148,69.1333333333333,5.24573630532668e-06,0.0179867492873223,0.00160976488293731,1.59630505053429
4150,69.1666666666667,4.78778218414272e-06,0.0174512971682975,0.00154606960178879,1.58038206424043
4152,69.2,4.36909264910968e-06,0.0169317791144205,0.00148489216582335,1.56461789606493
4154,69.2333333333333,3.9863688120802e-06,0.0164277214624138,0.00142613325316471,1.5490109629691
4156,69.2666666666667,3.63658266723382e-06,0.015938664587336,0.00136969744275375,1.5335596976066
4158,69.3,3.31695542052782e-06,0.0154641624899266,0.00131549306253084,1.51826254817496
4160,69.3333333333333,3.02493750153846e-06,0.0150037823958108,0.00126343204341774,1.50311797826804
4162,69.3666666666667,2.75819013159569e-06,0.0145571043662444,0.00121342977888591,1.4881244667292
4164,69.4,2.51456833117233e-06,0.014123720920085,0.00116540498990532,1.47328050750555
4166,69.4333333333333,2.29210525792952e-06,0.0137032366666856,0.00111927959507471,1.45858460950305
4168,69.4666666666667,2.08899777468435e-06,0.0132952679494086,0.00107497858574128,1.44403529644259
4170,69.5,1.90359315388834e-06,0.0128994424994712,0.00103242990592412,1.42963110671716
4172,69.5333333333333,1.73437683202306e-06,0.0125153990998345,0.000991564336862432,1.41537059324991
4174,69.5666666666667,1.5799611336621e-06,0.0121427872588605,0.000952315386015633,1.4012523233534
4176,69.6,1.43907489085042e-06,0.0117812668934623,0.000914619180348524,1.38727487858979
4178,69.6333333333333,1.31055388893871e-06,0.0114305080214848,0.000878414363740653,1.37343685463224
4180,69.6666666666667,1.1933320751118e-06,0.0110901904630567,0.000843641998364634,1.35973686112731
4182,69.7,1.08643347058993e-06,0.0107600035506611,0.000810245469883731,1.34617352155853
4184,69.7333333333333,9.88964731884892e-07,0.0104396458476795,0.000778170396324347,1.33274547311102
4186,69.7666666666667,9.00108310582176e-07,0.0101288248751701,0.000747364540484275,1.31945136653734
4188,69.8,8.1911616491611e-07,0.00982725684664561,0.000717777725742542,1.30628986602436
4190,69.8333333333333,7.45303979927778e-07,0.00953466641062519,0.000689361755141553,1.29325964906139
4192,69.8666666666667,6.78045856263779e-07,0.00925078640073723,0.000662070333616951,1.28035940630932
4194,69.9,6.16769430704942e-07,0.00897535759315864,0.000635858993255111,1.26758784147106
4196,69.9333333333333,5.60951394324496e-07,0.00870812847118013,0.00061068502146263,1.25494367116295
4198,69.9666666666667,5.10113376780025e-07,0.00844885499669321,0.000586507391936374,1.2424256247875
4200,70,4.63818167657145e-07,0.00819730038840019,0.000563286698326786,1.23003244440713
4202,70.0333333333333,4.21666248018645e-07,0.00795323490655348,0.000540985090491088,1.21776288461914
4204,70.0666666666667,3.83292607383276e-07,0.00771643564403593,0.000519566213236872,1.2056157124318
4206,70.1,3.48363823275074e-07,0.00748668632359913,0.000498995147460244,1.19358970714158
4208,70.1333333333333,3.16575382258056e-07,0.00726377710108128,0.000479238353586286,1.1816836602115
4210,70.1666666666667,2.87649223012417e-07,0.00704750437443162,0.000460263617223016,1.16989637515067
4212,70.2,2.61331483526484e-07,0.00683767059837261,0.00044203999694337,1.15822666739487
4214,70.2333333333333,2.37390435882485e-07,0.00663408410453629,0.000424537774112951,1.14667336418835
4216,70.2666666666667,2.15614593411945e-07,0.00643655892691531,0.00040772840468435,1.13523530446667
4218,70.3,1.95810976195832e-07,0.0062449146324739,0.000391584472881865,1.12391133874072
4220,70.3333333333333,1.77803521992677e-07,0.00605897615676822,0.00037607964670331,1.11270032898173
4222,70.3666666666667,1.61431630701392e-07,0.00587857364442983,0.000361188635168374,1.10160114850758
4224,70.4,1.46548831410589e-07,0.00570354229437005,0.000346887147245687,1.09061268186995
4226,70.4333333333333,1.33021561958726e-07,0.00553372220956717,0.000333151852393306,1.07973382474278
4228,70.4666666666667,1.20728051734576e-07,0.00536895825130207,0.000319960342649838,1.06896348381166
4230,70.5,1.09557299190491e-07,0.00520909989771217,0.000307291096215812,1.05830057666437
4232,70.5333333333333,9.94081362261981e-08,0.00505400110653659,0.000295123442467198,1.04774403168243
4234,70.5666666666667,9.01883722328422e-08,0.00490352018192974,0.000283437528345232,1.03729278793373
4236,70.6,8.18140111695728e-08,0.00475751964522372,0.000272214286068808,1.02694579506622
4238,70.6333333333333,7.42085355819821e-08,0.0046158661095232,0.000261435402117793,1.01670201320258
4240,70.6666666666667,6.7302251966469e-08,0.0044784301580203,0.000251083287437577,1.00656041283601
4242,70.7,6.10316923404253e-08,0.00434508622591961,0.000241141048817118,0.99651997472694
4244,70.7333333333333,5.53390672979053e-08,0.00421571248586719,0.000231592461394545,0.986579689800835
4246,70.7666666666667,5.01717662169488e-08,0.00409019073678012,0.000222421942246181,0.976738559046943
4248,70.8,4.5481900640491e-08,0.00396840629597629,0.000213614525016541,0.966995593418077
4250,70.8333333333333,4.12258871801967e-08,0.00385024789450704,0.000205155835548512,0.957349813731366
4252,70.8666666666667,3.73640665937717e-08,0.00373560757559807,0.000197032068474486,0.947800250569989
4254,70.9,3.38603559633631e-08,0.00362438059610675,0.000189229964730749,0.93834594418587
4256,70.9333333333333,3.06819311574352e-08,0.00351646533090668,0.000181736789958899,0.928985944403348
4258,70.9666666666667,2.77989369927319e-08,0.00341176318011298,0.000174540313759452,0.91971931052378
4260,71,2.51842227282165e-08,0.00331017847906417,0.00016762878976416,0.910545111231104
4262,71.0333333333333,2.28131007206992e-08,0.00321161841097923,0.000160990936494882,0.901462424498322
4264,71.0666666666667,2.06631262535925e-08,0.0031159929222104,0.000154615918978072,0.892470337494923
4266,71.1,1.87138967171439e-08,0.00302321464001518,0.000148493331085178,0.883567946495205
4268,71.1333333333333,1.69468684717587e-08,0.00293319879277249,0.000142613178570393,0.874754356787525
4270,71.1666666666667,1.53451898667185e-08,0.002845863132571,0.000136965862778316,0.866028682584434
4272,71.2,1.38935490157337e-08,0.00276112786009894,0.000131542164995155,0.857390046933708
4274,71.2333333333333,1.25780350492507e-08,0.00267891555176741,0.000126333231418128,0.848837581630267
4276,71.2666666666667,1.13860116721338e-08,0.00259915108900082,0.000121330558718713,0.840370427128959
4278,71.3,1.03060019550285e-08,0.00252176158963025,0.000116525980176367,0.83198773245822
4280,71.3333333333333,9.32758337912373e-09,0.00244667634132725,0.000111911652360202,0.823688655134584
4282,71.3666666666667,8.44129223782904e-09,0.00237382673701762,0.000107480042337055,0.815472361078044
4284,71.4,7.6385365756845e-09,0.00230314621221638,0.000103223915385171,0.807338024528264
4286,71.4333333333333,6.91151691519728e-09,0.00223457018422681,9.9136323193577e-05,0.799284827961604
4288,71.4666666666667,6.25315408677043e-09,0.00216803599314834,9.52105925279771e-05,0.791311962008996
4290,71.5,5.6570235359395e-09,0.00210348284463948,9.14403143447793e-05,0.783418625374613
4292,71.5333333333333,5.11729553620497e-09,0.00204085175438371,8.78193333355567e-05,0.775604024755363
4294,71.5666666666667,4.62868078525187e-09,0.00198008549420765,8.43417378849649e-05,0.76786737476118
4296,71.6,4.18638090765862e-09,0.00192112853980263,8.1001850425792e-05,0.760207897836103
4298,71.6333333333333,3.78604342866116e-09,0.00186392702000171,7.77942181754635e-05,0.752624824180152
4300,71.6666666666667,3.42372082147398e-09,0.00180842866756622,7.47136042389407e-05,0.745117391671968
4302,71.7,3.09583326537022e-09,0.00175458277143673,7.17549790635427e-05,0.737684845792238
4304,71.7333333333333,2.79913478345698e-09,0.00170234013040512,6.89135122317924e-05,0.730326439547871
4306,71.7666666666667,2.53068245809747e-09,0.00165165300816526,6.61845645789343e-05,0.723041433396935
4308,71.8,2.28780844845539e-09,0.00160247508970159,6.35636806222966e-05,0.715829095174342
4310,71.8333333333333,2.06809455887895e-09,0.00155476143897555,6.10465812901765e-05,0.708688700018269
4312,71.8666666666667,1.86934912899225e-09,0.00150846845787151,5.86291569384121e-05,0.701619530297319
4314,71.9,1.68958603659886e-09,0.00146355384636457,5.63074606432725e-05,0.694620875538404
4316,71.9333333333333,1.5270056229857e-09,0.00141997656387391,5.40777017597421e-05,0.687692032355342
4318,71.9666666666667,1.37997736709521e-09,0.00137769679176657,5.19362397347114e-05,0.680832304378179
4320,72,1.24702415044479e-09,0.00133667589697728,4.9879578164995e-05,0.674041002183199
4322,72.0333333333333,1.12680796874091e-09,0.00129687639671115,4.79043590904979e-05,0.667317443223645
4324,72.0666666666667,1.01811695897465e-09,0.0012582619241972,4.60073575132322e-05,0.660660951761124
4326,72.1,9.19853622501054e-10,0.00122079719546113,4.41854761332544e-05,0.654070858797698
4328,72.1333333333333,8.31024135293756e-10,0.00118444797708739,4.24357402929431e-05,0.647546502008649
4330,72.1666666666667,7.50728646314909e-10,0.00114918105494079,4.0755293121379e-05,0.641087225675918
4332,72.2,6.78152473832164e-10,0.00111496420381928,3.91413908709132e-05,0.63469238062221
4334,72.2333333333333,6.12558117620831e-10,0.00108176615801017,3.75913984383192e-05,0.628361324145747
4336,72.2666666666667,5.5327801237985e-10,0.00104955658272281,3.61027850632314e-05,0.622093419955678
4338,72.3,4.99707954426049e-10,0.00101830604637181,3.46731201968519e-05,0.615888038108135
4340,72.3333333333333,4.51301139869593e-10,0.000987985993685339,3.33000695341945e-05,0.609744554942923
4342,72.3666666666667,4.07562758066281e-10,0.00095856871961399,3.19813912033916e-05,0.603662353020838
4344,72.4,3.68045089237158e-10,0.00093002734401647,3.07149321058523e-05,0.597640821061621
4346,72.4333333333333,3.32343059786233e-10,0.000902335787098868,2.94986244013024e-05,0.591679353882518
4348,72.4666666666667,3.00090213072717e-10,0.000875468745585157,2.83304821319728e-05,0.58577735233746
4350,72.5,2.7095505724154e-10,0.000849401669597136,2.72085979804308e-05,0.579934223256852
4352,72.5333333333333,2.4463775521817e-10,0.000824110740222696,2.61311401557653e-05,0.574149379387953
4354,72.5666666666667,2.20867125161456e-10,0.000799572847751929,2.5096349403047e-05,0.56842223933586
4356,72.6,1.99397922568948e-10,0.000775765570561198,2.41025361311842e-05,0.562752227505078
4358,72.6333333333333,1.80008377868476e-10,0.000752667154625877,2.31480776544889e-05,0.557138774041667
4360,72.6666666666667,1.62497965730701e-10,0.000730256493643057,2.22314155434533e-05,0.551581314775974
4362,72.7,1.46685384521171e-10,0.000708513109746045,2.13510530804126e-05,0.546079291165935
4364,72.7333333333333,1.32406726296355e-10,0.000687417134793058,2.0505552815945e-05,0.540632150240933
4366,72.7666666666667,1.19513819553879e-10,0.000666949292213007,1.96935342220195e-05,0.535239344546232
4368,72.8,1.07872728588775e-10,0.000647090879391787,1.8913671438063e-05,0.529900332087951
4370,72.8333333333333,9.73623947997742e-11,0.00062782375058299,1.81646911062684e-05,0.524614576278594
4372,72.8666666666667,8.78734066457402e-11,0.00060913030032742,1.74453702926117e-05,0.519381545883121
4374,72.9,7.93068861846618e-11,0.000590993447366277,1.67545344901836e-05,0.51420071496556
4376,72.9333333333333,7.15734812471912e-11,0.000573396619033292,1.60910557015798e-05,0.509071562836146
4378,72.9666666666667,6.4592453313746e-11,0.000556323736111573,1.54538505972174e-05,0.503993573998991
4380,73,5.82908520879345e-11,0.000539759198141323,1.48418787465736e-05,0.49896623810028
4382,73.0333333333333,5.26027685979453e-11,0.000523687869164995,1.42541409194597e-05,0.493989049876969
4384,73.0666666666667,4.74686594192372e-11,0.000508095063896881,1.36896774545562e-05,0.489061509106017
4386,73.1,4.28347353033955e-11,0.000492966534304484,1.31475666925486e-05,0.484183120554101
4388,73.1333333333333,3.86524081257412e-11,0.000478288456589413,1.26269234713041e-05,0.479353393927853
4390,73.1666666666667,3.48777906340044e-11,0.000464047418555915,1.21268976806341e-05,0.474571843824576
4392,73.2,3.14712439973919e-11,0.000450230407355505,1.16466728742833e-05,0.469837989683467
4394,73.2333333333333,2.83969686244949e-11,0.000436824797596479,1.11854649368799e-05,0.465151355737314
4396,73.2666666666667,2.56226341440802e-11,0.000423818339807464,1.07425208036697e-05,0.460511470964682
4398,73.3,2.31190448288709e-11,0.000411199149244462,1.03171172309462e-05,0.455917869042574
4400,73.3333333333333,2.08598370925782e-11,0.000398955695031154,9.90855961516739e-06,0.451370088299564
4402,73.3666666666667,1.88212060079856e-11,0.00038707678962254,9.51618085883316e-06,0.446867671669399
4404,73.4,1.69816580818231e-11,0.000375551578582307,9.13934028127119e-06,0.442410166645058
4406,73.4333333333333,1.53217877832105e-11,0.000364369530664557,8.7774225725531e-06,0.437997125233281
4408,73.4666666666667,1.38240755590987e-11,0.000353520428190859,8.42983678883352e-06,0.433628103909536
4410,73.5,1.24727052846277e-11,0.000342994357713811,8.09601538747165e-06,0.429302663573451
4412,73.5333333333333,1.12533992907175e-11,0.000332781700958594,7.77541330036028e-06,0.425020369504678
4414,73.5666666666667,1.01532692873611e-11,0.000322873126034244,7.46750704394933e-06,0.420780791319205
4416,73.6,9.16068166069946e-12,0.000313259578906594,7.17179386451097e-06,0.416583502926099
4418,73.6333333333333,8.26513576655818e-12,0.000303932275125115,6.88779091725102e-06,0.412428082484685
4420,73.6666666666667,7.45715397411069e-12,0.000294882691796088,6.61503447792621e-06,0.408314112362147
4422,73.7,6.72818233197466e-12,0.000286102559794766,6.35307918568044e-06,0.404241179091557
4424,73.7333333333333,6.07050083649419e-12,0.000277583856209422,6.10149731586368e-06,0.40020887333032
4426,73.7666666666667,5.47714237925786e-12,0.000269318797010375,5.85987808164639e-06,0.396216789819031
4428,73.8,4.9418195390002e-12,0.000261299829937291,5.62782696328919e-06,0.392264527340749
4430,73.8333333333333,4.45885846279216e-12,0.000253519627598262,5.40496506397277e-06,0.388351688680673
4432,73.8666666666667,4.02313915362716e-12,0.000245971080774363,5.19092849113626e-06,0.384477880586216
4434,73.9,3.63004154686203e-12,0.000238647291923562,4.98536776231403e-06,0.380642713727489
4436,73.9333333333333,3.27539681711929e-12,0.00023154156887805,4.7879472345008e-06,0.376845802658166
4438,73.9666666666667,2.95544341078426e-12,0.000224647418729232,4.59834455611345e-06,0.373086765776748
4440,74,2.66678734766404e-12,0.000217958541894791,4.41625014065471e-06,0.369365225288213
4442,74.0333333333333,2.40636637919835e-12,0.000211468826362409,4.2413666612193e-06,0.365680807166043
4444,74.0666666666667,2.17141763025735e-12,0.000205172342104874,4.0734085650174e-06,0.362033141114634
4446,74.1,1.95944838742528e-12,0.000199063335661478,3.91210160712261e-06,0.35842186053208
4448,74.1333333333333,1.76820972910779e-12,0.000193136224880759,3.75718240268314e-06,0.354846602473331
4450,74.1666666666667,1.59567272213946e-12,0.000187385593819768,3.60839799686535e-06,0.351307007613712
4452,74.2,1.44000693610091e-12,0.000181806187795219,3.46550545182707e-06,0.347802720212813
4454,74.2333333333333,1.29956105054694e-12,0.000176392908581985,3.32827145004679e-06,0.344333388078733
4456,74.2666666666667,1.17284535204105e-12,0.000171140809754557,3.19647191336063e-06,0.340898662532687
4458,74.3,1.05851593750453e-12,0.00016604509216722,3.06989163708544e-06,0.337498198373958
4460,74.3333333333333,9.55360458119893e-13,0.000161101099568794,2.94832393863031e-06,0.33413165384521
4462,74.3666666666667,8.62285254055436e-13,0.000156304314347954,2.83157032002308e-06,0.330798690598132
4464,74.4,7.78303744765832e-13,0.000151650353405231,2.71944014380056e-06,0.327498973659442
4466,74.4333333333333,7.02525952716539e-13,0.000147134964147922,2.61175032173344e-06,0.324232171397212
4468,74.4666666666667,6.34149050213228e-13,0.000142754020604258,2.50832501587755e-06,0.320997955487546
4470,74.5,5.72448829710382e-13,0.000138503519653259,2.40899535146346e-06,0.317796000881576
4472,74.5333333333333,5.16772007635313e-13,0.00013437957736686,2.3135991411555e-06,0.3146259857728
4474,74.5666666666667,4.66529280493811e-13,0.000130378425460942,2.22198062023011e-06,0.311487591564731
4476,74.6,4.21189059910721e-13,0.000126496407852033,2.13399019224099e-06,0.308380502838887
4478,74.6333333333333,3.80271820383853e-13,0.000122729977316537,2.0494841847559e-06,0.305304407323082
4480,74.6666666666667,3.43344999965936e-13,0.000119075692249428,1.96832461476623e-06,0.302258995860045
